YB,YB_long,YB_lat,8umphotom,standard error 8,N8,EX8,12umphotom,standard error 12,N12,EX12,24umphotom,standard error 24,N24,EX24,70umphotom,standard error 70,N70,EX70
ID Number,degree,degree,Jy,error,count,excluded count,Jy,error,count,excluded count,Jy,error,count,excluded count,Jy,error,count,excluded count
1,-0.041432958,0.167050008,1.6835,0.2584,5,0,0.5183,0.1348,5,0,2.0125,0.2389,5,0,16.1253,2.1248,5,0
2,-0.023111213,0.169159859,5.3291,0.091,5,0,0.5604,0.1462,5,0,,,,,95.7994,11.1154,5,0
3,0.040875613,0.020200699,4.9239,0.2331,5,0,,,,,,,,,78.4998,12.6201,5,0
4,0.186036858,-0.611813504,0.3001,0.0397,5,0,0.1202,0.0084,5,0,0.7187,0.0343,5,0,4.8869,0.3475,5,0
5,0.200750902,-0.513360793,0.5169,0.0473,5,0,0.0873,0.0123,5,0,0.2825,0.0328,5,0,14.9728,1.8038,5,0
6,0.209509309,-0.001949522,1.7198,0.1653,5,0,0.2428,0.0504,5,0,,,,,148.8749,14.5872,5,0
7,0.279043238,-0.484630374,9.0421,1.4485,5,0,2.0536,0.4679,5,0,,,,,488.787,72.3315,5,0
8,0.313508954,-0.203541295,11.7224,1.0644,5,0,,,,,,,,,794.7477,48.2303,5,0
9,0.314133033,-0.192718231,17.3574,1.6503,5,0,,,,,,,,,469.3434,66.7898,5,0
10,0.331705943,-0.062484792,5.4743,0.5096,5,0,,,,,,,,,101.3833,17.4194,5,0
11,0.336513676,-0.013365488,10.5537,1.3961,5,0,,,,,,,,,78.9686,18.245,5,0
12,0.381538385,0.016557297,6.3362,0.7576,5,0,,,,,,,,,254.843,30.5534,5,0
13,0.410835395,-0.059523745,1.6156,0.2404,5,0,0.7675,0.1422,5,0,,,,,33.4263,4.3802,5,0
14,0.467861281,-0.675211245,0.4939,0.0424,5,0,0.0877,0.0119,5,0,0.3482,0.0554,5,0,7.6018,1.1471,5,0
15,0.470496721,-0.055056059,5.1246,0.2249,5,0,-0.5742,0.1724,4,0,,,,,89.0679,5.6897,5,0
16,0.479391879,0.073992663,1.1456,0.0419,5,0,1.1233,0.3377,5,0,,,,,55.2493,15.0271,5,0
17,0.489693602,-0.074343193,15.2267,0.6828,5,0,,,,,,,,,190.1514,17.1278,5,0
18,0.503642286,-0.788771411,1.1187,0.1233,5,0,0.256,0.0161,5,0,2.5183,0.0445,5,0,22.0228,0.8551,5,0
19,0.528318062,0.181778051,1.8141,0.1055,5,0,0.8052,0.1517,5,0,,,,,279.1742,18.6853,5,0
20,0.532688594,0.168534616,1.0878,0.1038,5,0,0.2346,0.0298,5,0,3.5436,0.5079,4,0,44.5416,4.6175,5,0
21,0.534372743,-0.082052388,8.6284,0.4986,5,0,,,,,,,,,103.2432,13.5902,5,0
22,0.544797809,-0.84227851,0.9733,0.0911,5,0,0.2114,0.0383,4,0,3.0251,1.8079,2,0,27.1554,9.2795,5,0
23,0.545292155,-0.847688094,1.5303,0.789,5,0,,,,,,,,,1180.2373,738.0364,5,0
24,0.546447128,-0.851175796,4.6512,0.1471,5,0,,,,,,,,,2995.5275,127.4336,5,0
25,0.551001286,-0.85213406,2.6611,0.2258,5,0,,,,,,,,,614.7193,508.279,5,0
26,0.563255078,-0.854075899,9.3273,1.1521,5,0,,,,,,,,,252.1449,28.7167,5,0
27,0.582542191,-0.870940308,3.9446,1.7506,5,0,,,,,,,,,73.477,34.8637,5,0
28,0.591257836,0.049896932,0.3314,0.0438,5,0,0.3355,0.0646,5,0,9.366,1.7546,5,0,19.7794,3.804,5,0
29,0.602098065,-0.050016751,8.7327,0.6679,5,0,,,,,,,,,572.4975,68.3146,5,0
30,0.630839294,-0.027189752,4.2811,0.1828,5,0,1.3023,0.3262,5,0,,,,,251.3973,19.6676,5,0
31,0.640261431,-0.112105302,2.4378,0.1765,5,0,0.7294,0.2063,5,0,,,,,34.7265,5.435,5,0
32,0.65488722,-0.068756682,0.2266,0.0967,5,0,0.1571,0.0419,5,0,1.6146,0.883,4,0,5.2439,2.3598,5,0
33,0.666360945,-0.050347657,0.4087,0.0331,5,0,0.1975,0.0297,5,0,,,,,26.0314,6.1929,5,0
34,0.669359903,-0.035040541,1.3278,0.2088,5,0,0.5174,0.0402,5,0,,,,,6573.5066,471.9864,5,0
35,0.681024796,-0.034553308,0.4822,0.073,5,0,0.1336,0.0258,5,0,3.8132,0.6238,4,0,27.9832,35.7592,5,0
36,0.692672725,-0.045339289,1.1057,0.0262,5,0,0.6885,0.0389,5,0,,,,,245.9286,14.0918,5,0
37,0.697988603,-0.050771984,0.2803,0.0402,5,0,0.5457,0.0913,5,0,,,,,28.6877,12.9646,5,0
38,0.835652994,0.18474578,0.8649,0.0506,5,0,0.228,0.0159,5,0,3.3069,0.1775,5,0,98.5017,2.698,5,0
39,0.88404305,0.054338056,0.3092,0.0645,5,0,0.0711,0.0116,5,0,0.0611,0.0095,5,0,8.1773,0.4614,5,0
40,1.005403724,-0.235483031,0.3113,0.0239,5,0,0.0461,0.0051,5,0,0.7082,0.0925,5,0,37.1651,1.5839,5,0
41,1.049377923,-0.069734324,0.264,0.0431,5,0,0.0399,0.0061,5,0,0.3106,0.0252,5,0,7.6995,0.7532,5,0
42,1.125983211,-0.106474644,21.7263,1.425,5,0,,,,,,,,,904.8726,69.7219,5,0
43,1.12828771,-0.360356185,0.128,0.0064,5,0,0.0097,0.0015,5,0,0.0633,0.0103,5,0,5.8366,0.3702,5,0
44,1.138340057,0.807983763,0.8591,0.0516,5,0,0.6995,0.0627,5,0,6.7915,0.1359,5,0,57.3675,1.4415,5,0
45,1.143067838,-0.27625245,0.1929,0.0084,5,0,0.0346,0.003,5,0,0.0844,0.0055,5,0,2.0552,0.0737,5,0
46,1.329646872,0.15175732,5.8707,2.6456,5,0,2.3328,0.9646,5,0,11.3642,3.924,5,0,128.678,51.3564,5,0
47,1.332022513,0.088246889,1.5185,1.0992,5,0,0.6201,0.3456,5,0,2.7666,0.891,5,0,72.1058,32.7691,5,0
48,1.391253124,0.074623929,0.549,0.0387,5,0,0.1119,0.013,5,0,0.7975,0.0553,5,0,31.35,2.0642,5,0
49,1.396006803,-0.006568036,0.3844,0.0453,5,0,0.0974,0.0133,5,0,1.7419,0.1108,5,0,74.8953,5.0639,5,0
50,1.488544167,-0.199085854,1.5701,0.0916,6,0,0.4685,0.0425,6,0,2.9363,0.1308,6,0,102.8227,7.0791,6,0
51,1.66328647,-0.077360405,0.227,0.0083,5,0,0.0409,0.0106,5,0,0.0687,0.0084,5,0,2.9932,0.4187,5,0
52,1.911844773,-0.272348666,0.3276,0.082,5,0,0.1528,0.0308,5,0,0.2549,0.0384,5,0,12.2337,2.3107,5,0
53,2.084284099,-0.577030864,0.4266,0.0464,5,0,0.15,0.0299,5,0,0.4946,0.0318,5,0,7.2038,1.9716,5,0
54,2.141216406,0.009256721,0.9791,0.0264,5,0,0.3167,0.0289,5,0,5.2158,0.3586,5,0,251.7603,6.2818,5,0
55,2.246406972,-0.674982519,2.1078,0.0622,5,0,0.4923,0.0606,5,0,2.992,0.0389,5,0,38.1898,3.5011,5,0
56,2.255621289,0.231755642,0.5867,0.0333,5,0,0.2396,0.0468,5,0,2.3465,0.6001,5,0,31.0379,1.8431,5,0
57,2.308571783,0.227413056,0.4247,0.0592,5,0,0.4994,0.0769,5,0,,,,,23.1318,0.8268,5,0
58,2.402792243,0.068591367,2.8229,0.1167,5,0,0.9581,0.1228,5,0,,,,,93.6783,3.3274,5,0
59,2.405961455,0.062304577,0.348,0.0677,5,0,0.0978,0.012,5,0,0.9876,0.1718,2,0,10.1226,1.4058,5,0
60,2.44419918,0.130975133,0.3199,0.1857,5,0,0.0964,0.0337,5,0,0.2133,0.0781,5,0,6.1965,1.712,5,0
61,2.502895351,-0.044406174,0.4358,0.0296,5,0,0.0758,0.0123,5,0,0.5743,0.0543,5,0,23.0441,1.7235,5,0
62,2.590061761,0.126997043,1.6206,0.0373,5,0,0.5644,0.1617,5,0,1.6964,0.1171,5,0,0.7644,0.1073,5,0
63,2.61405845,0.133350863,4.0789,0.075,5,0,0.9451,0.1241,5,0,,,,,324.4093,6.9529,5,0
64,2.67676297,0.031424145,0.0929,0.0171,5,0,0.0347,0.0049,5,0,0.1952,0.0199,5,0,3.4026,0.2836,5,0
65,2.683329201,0.137807888,1.6155,0.0659,5,0,0.265,0.0343,5,0,2.8762,0.1566,5,0,51.6563,2.6559,5,0
66,2.699731438,-0.059206487,0.3109,0.0622,5,0,0.0837,0.0106,5,0,0.1283,0.0235,5,0,8.8236,0.7227,5,0
67,2.736494419,-0.081789268,0.2906,0.0472,5,0,0.0871,0.0216,5,0,0.6253,0.0778,5,0,14.1885,3.3755,5,0
68,2.887527785,0.276793425,0.3107,0.0195,5,0,0.0787,0.007,5,0,0.3711,0.0243,5,0,10.6852,0.854,5,0
69,2.893489083,0.023687762,0.8459,0.0389,5,0,0.2975,0.0487,5,0,4.8355,0.4371,5,0,49.5086,5.5141,5,0
70,2.962397653,-0.057400563,1.4868,0.4804,5,0,0.3311,0.1178,5,0,1.8316,0.5211,5,0,53.2504,9.0297,5,0
71,3.207519135,-0.10739046,0.3492,0.0367,5,0,0.0706,0.0207,5,0,0.5441,0.0755,5,0,27.7879,3.0414,5,0
72,3.245422582,-0.089460781,0.4319,0.0419,5,0,0.0689,0.0145,5,0,0.7161,0.0973,5,0,16.3089,0.8746,5,0
73,3.24948384,-0.08490331,0.1852,0.0203,5,0,0.0264,0.0034,5,0,0.3144,0.0301,5,0,10.3276,0.8024,5,0
74,3.315251639,-0.41699331,0.8141,0.0335,5,0,0.1798,0.0118,5,0,0.6384,0.0611,5,0,10.29,0.4749,5,0
75,3.349619341,-0.078058481,5.9886,0.3533,5,0,,,,,,,,,581.4933,34.1241,5,0
76,3.393429587,0.879851488,0.5605,0.0731,5,0,0.156,0.0333,5,0,0.6149,0.0671,5,0,10.7464,2.6615,5,0
77,3.395180016,0.89407371,0.4464,0.0541,5,0,0.1653,0.0263,5,0,0.2531,0.0286,5,0,3.5146,0.4914,5,0
78,3.554929253,-0.808051912,0.8013,0.0579,5,0,0.2139,0.0352,5,0,0.362,0.0433,5,0,9.1764,1.1437,5,0
79,3.555624765,-0.798866599,0.2197,0.025,5,0,0.056,0.0068,5,0,0.0998,0.0117,5,0,2.2474,0.336,5,0
80,3.564975768,0.173661713,0.0981,0.0068,5,0,0.0297,0.0035,5,0,0.0721,0.007,5,0,3.6008,0.1463,5,0
81,3.579924515,-0.227534776,0.1552,0.0289,5,0,0.037,0.0125,5,0,0.1534,0.0246,5,0,3.0348,0.5904,5,0
82,3.644235525,-0.21682119,0.1193,0.0102,5,0,0.0227,0.0021,5,0,0.0668,0.0048,5,0,3.4126,0.1638,5,0
83,3.649007952,0.088001115,0.184,0.0294,5,0,0.0674,0.0076,5,0,0.281,0.0275,5,0,5.8074,0.5154,5,0
84,3.649621177,-0.126232518,0.2138,0.0258,5,0,0.0237,0.0064,5,0,0.3044,0.0936,5,0,17.593,1.5089,5,0
85,3.660843944,-0.113249653,0.6868,0.1167,5,0,0.2979,0.0618,5,0,4.0302,0.5117,5,0,63.519,3.0476,5,0
86,3.689552727,-0.27045263,1.0386,0.0877,5,0,0.2652,0.0239,5,0,1.0454,0.013,5,0,15.1524,0.2789,5,0
87,3.720380205,0.01508827,1.2625,0.1126,5,0,0.4278,0.0399,5,0,3.8981,0.2017,5,0,64.636,3.0999,5,0
88,3.741250307,0.022807223,0.347,0.046,5,0,0.1062,0.012,5,0,0.5386,0.0233,5,0,14.8088,2.059,5,0
89,3.765597406,0.039270823,0.1914,0.0352,5,0,0.0778,0.0151,5,0,0.2849,0.0406,5,0,8.3864,0.9625,5,0
90,3.830031796,-0.138432824,1.1849,0.0551,5,0,0.3297,0.0148,5,0,6.0005,0.2173,5,0,17.9728,0.618,5,0
91,3.91197972,-0.000527707,1.2758,0.0632,5,0,0.423,0.0362,5,0,6.6284,0.2042,5,0,214.0387,8.7361,5,0
92,3.92713793,-0.116284552,1.1868,0.139,5,0,0.9874,0.0733,5,0,,,,,57.9838,4.6965,5,0
93,3.935777002,-0.003676443,1.0519,0.2475,5,0,0.3411,0.126,5,0,1.7859,0.5621,5,0,26.2472,5.1883,5,0
94,3.943835694,0.004602282,0.6169,0.011,5,0,0.2072,0.0375,5,0,0.7528,0.0788,5,0,7.264,0.4014,5,0
95,3.960926782,-0.111714875,0.1796,0.0089,5,0,0.0329,0.0071,5,0,0.1524,0.0163,5,0,5.5018,0.1531,5,0
96,4.000051471,0.337639313,6.5932,0.7452,5,0,2.0602,0.3042,5,0,,,,,158.2781,16.1857,5,0
97,4.014450999,-0.034105823,1.1337,0.0227,5,0,0.082,0.008,5,0,,,,,9.6395,1.4705,5,0
98,4.144971064,-1.032935219,0.1016,0.0298,5,0,0.0321,0.0062,5,0,0.0571,0.0049,5,0,-0.1353,0.0899,5,0
99,4.166939914,-0.187173142,0.239,0.0199,5,0,0.05,0.0106,5,0,0.1225,0.0153,5,0,6.8563,0.6134,5,0
100,4.195249064,-0.051305843,1.7582,0.1965,5,0,0.5044,0.088,5,0,2.3102,0.2337,5,0,62.0914,3.4221,5,0
101,4.201830305,-0.028413637,0.4361,0.1084,5,0,0.148,0.0676,5,0,0.3545,0.1092,5,0,15.2774,5.5088,5,0
102,4.2851269,0.03249735,0.3182,0.0319,5,0,0.1049,0.0242,5,0,0.6329,0.1116,5,0,14.5943,1.7196,5,0
103,4.332963268,-0.195332813,0.1862,0.0254,5,0,0.0182,0.0079,5,0,0.0706,0.0157,5,0,4.9376,0.693,5,0
104,4.389266461,-0.358680289,0.2631,0.02,5,0,0.0716,0.0093,5,0,0.1818,0.0151,5,0,6.3291,0.3315,5,0
105,4.400519656,-0.332653644,0.4372,0.0055,5,0,0.1588,0.0296,5,0,0.1877,0.0203,5,0,0.1062,0.0307,5,0
106,4.402762393,-0.358423829,0.3012,0.0616,5,0,0.0973,0.0154,5,0,0.2327,0.0271,5,0,7.2799,0.2881,5,0
107,4.415523985,0.125639033,0.6013,0.0718,5,0,0.7283,0.4299,5,0,,,,,63.1078,7.3305,5,0
108,4.493305264,-0.949898386,0.3413,0.0127,5,0,0.0912,0.0212,5,0,0.0913,0.0039,5,0,0.9681,0.5582,5,0
109,4.499263932,-0.949862011,0.1776,0.0091,5,0,0.0437,0.0079,5,0,0.272,0.0223,5,0,0.4618,0.1854,5,0
110,4.53312522,0.3614807,1.0082,0.116,5,0,0.3187,0.0345,5,0,0.5475,0.0393,5,0,12.6338,1.2917,5,0
111,4.564817992,-0.129521848,5.2329,0.0377,5,0,0.6577,0.1675,5,0,4.5653,0.5297,5,0,2.1307,0.2795,5,0
112,4.610319405,0.179272841,0.3166,0.0772,5,0,0.0529,0.0118,5,0,0.1857,0.0391,5,0,7.9348,1.0646,5,0
113,4.716393147,-0.011474385,0.142,0.0172,5,0,0.0197,0.0044,5,0,0.0756,0.0069,5,0,3.7964,0.1735,5,0
114,4.823156887,-0.074981552,0.1295,0.0109,5,0,0.0273,0.004,5,0,0.1093,0.0105,5,0,3.5765,0.3428,5,0
115,4.886872709,0.045221296,0.3034,0.0357,5,0,0.0804,0.0142,5,0,0.397,0.0416,5,0,7.7142,0.7923,5,0
116,4.985417289,-1.390043464,0.2955,0.0077,5,0,0.0059,0.0005,5,0,0.0983,0.0037,5,0,,,,
117,5.033804599,0.141742885,0.1012,0.0246,5,0,0.0093,0.003,5,0,0.0147,0.0035,5,0,2.0351,0.303,5,0
118,5.037973341,0.143216887,0.1891,0.0385,5,0,0.0326,0.0058,5,0,0.0583,0.007,5,0,2.5206,0.3938,5,0
119,5.0482606,-0.194286952,0.8535,0.0957,5,0,0.3316,0.0436,5,0,2.2659,0.1977,5,0,25.9645,1.5686,5,0
120,5.06016756,-0.274515762,0.2139,0.0545,5,0,0.1824,0.0442,5,0,1.3988,0.145,5,0,14.0103,1.6047,5,0
121,5.065884093,-0.043484565,0.2742,0.0645,5,0,0.0705,0.0152,5,0,0.1328,0.0184,5,0,4.4648,0.4079,5,0
122,5.075599989,-0.093427428,0.3505,0.0364,5,0,0.0584,0.0158,5,0,0.5759,0.108,5,0,15.6009,4.0052,5,0
123,5.107032972,-0.107105488,0.4482,0.0437,5,0,0.1093,0.0246,5,0,0.8533,0.0861,5,0,11.8988,0.5962,5,0
124,5.175448497,0.233764397,3.0937,0.0664,5,0,0.8859,0.1897,5,0,3.8604,0.3802,5,0,1.0493,0.0961,5,0
125,5.186578979,-0.082574732,0.5335,0.4169,5,0,0.242,0.0212,5,0,2.7794,0.1137,2,0,35.1133,1.6246,5,0
126,5.190226579,-0.283771418,0.7438,0.1591,5,0,0.3776,0.0752,5,0,1.9594,0.7,5,0,34.8069,6.92,5,0
127,5.204252754,-0.036484591,0.4626,0.0336,5,0,0.1043,0.0186,5,0,2.5297,0.2292,5,0,25.1442,0.8891,5,0
128,5.305111102,-0.009479675,0.1875,0.0344,5,0,0.0468,0.0106,5,0,0.1103,0.0188,5,0,3.6298,0.435,5,0
129,5.305652796,0.066112394,0.3588,0.0095,5,0,0.0903,0.0127,5,0,0.3258,0.03,5,0,1.7688,0.1856,5,0
130,5.310109036,0.070987536,0.2778,0.0141,5,0,0.0643,0.0068,5,0,0.1638,0.0052,5,0,5.4607,0.4598,5,0
131,5.402021668,-0.271454444,0.5906,0.0727,5,0,0.3809,0.0336,5,0,2.1056,0.0765,2,0,13.6113,0.6058,5,0
132,5.475547599,-0.244474286,5.213,0.7518,5,0,,,,,,,,,291.0277,19.962,5,0
133,5.493276956,-0.103363093,0.2847,0.0514,5,0,0.0862,0.0195,5,0,0.2545,0.0447,5,0,12.0191,0.6786,5,0
134,5.528547726,0.139237553,0.1638,0.0279,5,0,0.0361,0.01,5,0,0.0671,0.0126,5,0,4.5331,0.2054,5,0
135,5.544084716,-0.213412428,0.6409,0.036,5,0,0.1751,0.021,5,0,0.5571,0.0405,5,0,19.5953,1.111,5,0
136,5.585344251,-0.379394949,1.2882,0.2465,5,0,0.2766,0.0688,5,0,0.9774,0.1741,5,0,37.0758,3.8548,5,0
137,5.590378474,-0.243614775,0.3986,0.0307,5,0,0.1338,0.0228,5,0,0.4946,0.0426,5,0,10.5631,0.8776,5,0
138,5.629761883,-0.292747463,1.3015,0.2181,5,0,0.3835,0.0898,5,0,2.8757,0.5135,5,0,91.3937,10.3686,5,0
139,5.63329979,0.239131249,8.9179,1.0014,5,0,1.2557,0.4161,5,0,,,,,250.6726,114.585,5,0
140,5.706008552,-0.12659597,0.7726,0.1923,5,0,0.2344,0.0606,5,0,0.3126,0.0915,5,0,17.547,3.9746,5,0
141,5.836503814,-0.513830094,1.5835,0.0535,5,0,0.2856,0.0332,5,0,4.1558,0.3642,5,0,41.0281,3.4989,5,0
142,5.841939895,-0.515627908,2.625,0.5704,5,0,0.4957,0.0692,5,0,1.6694,0.4512,5,0,31.9145,5.582,5,0
143,5.855313698,0.355007695,0.2398,0.0229,5,0,0.0874,0.0137,5,0,0.4508,0.0432,5,0,13.5273,2.2267,5,0
144,5.867890675,0.523250091,0.3052,0.0211,5,0,0.098,0.0098,5,0,0.1915,0.0134,5,0,5.0632,0.3442,5,0
145,5.882788179,-0.397958234,3.047,1.5677,5,0,,,,,,,,,2991.5947,1938.0676,5,0
146,5.885140712,-0.606357732,0.2112,0.0672,5,0,0.1709,0.0211,5,0,0.2852,0.033,5,0,3.6402,0.3304,5,0
147,5.892527991,-0.290668936,0.913,0.0243,5,0,0.1859,0.0329,5,0,1.1367,0.1608,5,0,40.0036,2.4616,5,0
148,5.897463646,-0.442152036,14.6898,1.5702,5,0,,,,,,,,,671.0813,30.8109,5,0
149,5.903745541,-0.357690434,2.1702,0.2792,5,0,0.7254,0.0912,5,0,3.8396,0.3535,5,0,43.5081,5.5323,5,0
150,5.905821677,0.094460989,0.2902,0.0636,5,0,0.0951,0.0221,5,0,0.1138,0.0233,5,0,7.3701,0.3783,5,0
151,5.931169918,-0.084324707,0.2956,0.0464,5,0,0.0358,0.0072,5,0,0.2567,0.0351,5,0,10.0784,0.4679,5,0
152,5.944591473,-0.137650249,2.1434,0.4561,5,0,0.4163,0.0979,5,0,0.7968,0.2853,5,0,33.8106,4.9474,5,0
153,6.044407915,0.316149179,1.5237,0.2114,5,0,0.5761,0.0296,5,0,3.0418,0.0932,5,0,49.3617,2.2393,5,0
154,6.126476068,-0.629668198,0.7247,0.1864,5,0,0.4109,0.068,5,0,4.4425,0.7156,5,0,77.0167,8.8356,5,0
155,6.157553195,-0.070844578,0.3519,0.0746,5,0,0.0591,0.0058,5,0,0.138,0.016,5,0,7.4248,0.9124,5,0
156,6.191131969,-0.363940912,2.0689,0.1169,5,0,0.4863,0.1158,5,0,3.4217,0.3581,5,0,27.3116,6.9743,5,0
157,6.218108049,-0.582879279,1.3006,0.0227,5,0,0.4988,0.083,5,0,2.8446,0.3243,5,0,20.0749,1.1174,5,0
158,6.222309787,-0.046731695,0.3659,0.0225,5,0,0.0868,0.017,5,0,0.4281,0.0457,5,0,16.6459,0.7794,5,0
159,6.259562786,-0.281795907,0.9443,0.0353,5,0,0.2969,0.0349,5,0,0.9652,0.0537,5,0,12.342,0.9221,5,0
160,6.344553133,-0.01274757,0.2352,0.0346,5,0,0.087,0.0192,5,0,0.5597,0.0712,5,0,5.9153,0.3202,5,0
161,6.3589344,-0.82353885,0.1209,0.0145,5,0,0.0804,0.0118,5,0,0.1782,0.0297,5,0,2.9548,0.4047,5,0
162,6.364533763,-0.053770888,3.6267,0.379,5,0,1.6212,0.2391,5,0,12.5932,0.8824,5,0,123.3921,15.779,5,0
163,6.552608318,-0.094379684,5.9667,0.9512,5,0,,,,,,,,,433.2568,86.6839,5,0
164,6.590317814,0.246113354,0.0949,0.011,5,0,0.0305,0.003,5,0,0.0377,0.0021,5,0,1.3735,0.0803,5,0
165,6.614399238,0.138618894,0.5489,0.0964,5,0,0.1906,0.0435,5,0,0.4678,0.0855,5,0,19.852,0.4858,5,0
166,6.786257719,0.226324163,0.2501,0.0476,5,0,0.1493,0.0305,5,0,0.4833,0.047,5,0,17.4669,1.3221,5,0
167,6.787389665,-0.018396582,0.0889,0.0178,5,0,0.0385,0.0048,5,0,0.1549,0.014,5,0,5.573,2.2424,5,0
168,6.824553309,-0.019487104,0.5143,0.0328,5,0,0.1781,0.0146,5,0,0.8686,0.0296,5,0,18.9991,1.0195,5,0
169,6.825967715,-0.221818604,0.4018,0.0346,5,0,0.097,0.0212,5,0,0.7227,0.0787,5,0,14.7402,0.9864,5,0
170,6.836510082,0.022060727,0.198,0.0402,5,0,0.056,0.0131,5,0,0.5327,0.0836,5,0,7.8081,0.4709,5,0
171,6.930741846,0.165749415,1.1134,0.1616,5,0,0.3902,0.0279,5,0,1.3745,0.0534,5,0,40.705,2.1348,5,0
172,6.978418431,-0.088710423,0.5416,0.046,5,0,0.1707,0.043,5,0,0.1948,0.0265,5,0,0.2764,0.1242,5,0
173,6.989129252,0.194013682,0.2244,0.0152,5,0,0.05,0.0108,5,0,0.2316,0.0233,5,0,4.9172,0.2235,5,0
174,7.009733881,0.734618826,0.2491,0.0444,5,0,0.0897,0.0179,5,0,0.4122,0.056,5,0,10.196,0.9646,5,0
175,7.011050311,-0.254626187,2.5695,0.8982,5,0,0.7207,0.2239,5,0,2.5723,0.6469,5,0,103.919,30.3054,5,0
176,7.014544598,-0.252183655,1.6827,0.2761,5,0,0.4697,0.0517,5,0,1.2891,0.155,5,0,26.1244,2.6399,5,0
177,7.033384943,0.725450634,0.6697,0.0458,5,0,0.1939,0.0402,5,0,2.1075,0.1995,5,0,16.385,0.3782,5,0
178,7.033511897,0.74870386,0.0742,0.0174,5,0,0.0536,0.0298,5,0,0.0832,0.0419,5,0,4.7577,1.9709,5,0
179,7.115920375,0.719917344,0.0744,0.0039,5,0,0.0254,0.0059,5,0,0.0447,0.0083,5,0,1.9076,0.2912,5,0
180,7.177079551,0.08488821,0.5316,0.0505,5,0,0.1821,0.0353,5,0,5.1648,0.6088,5,0,70.9744,2.8432,5,0
181,7.206223165,0.2423116,0.6677,0.247,5,0,0.3708,0.0796,5,0,2.3093,0.2239,5,0,45.3982,6.5024,5,0
182,7.256843434,0.566852566,0.1776,0.0267,5,0,0.073,0.0153,5,0,0.1265,0.0232,5,0,4.1068,0.3896,5,0
183,7.260670988,-0.51796226,0.1927,0.0437,5,0,0.0885,0.0228,5,0,0.1101,0.047,5,0,1.8461,0.496,5,0
184,7.262066215,-0.534141522,0.2448,0.0196,5,0,0.0897,0.0123,5,0,0.1676,0.0228,5,0,2.4369,0.352,5,0
185,7.265817792,0.184783361,0.63,0.0533,5,0,0.3411,0.064,5,0,4.8719,0.5282,5,0,87.2855,3.837,5,0
186,7.290237062,-0.174114524,3.2582,0.1815,5,0,0.8526,0.1244,5,0,1.9952,0.3001,5,0,35.6794,2.3328,5,0
187,7.31741907,0.034183738,0.1502,0.0385,5,0,0.0919,0.0107,5,0,0.479,0.0183,5,0,5.7825,0.5283,5,0
188,7.350849109,0.033894375,0.5868,0.0964,5,0,0.1866,0.0262,5,0,0.6075,0.0525,5,0,36.9236,4.9842,5,0
189,7.398654376,-0.160937868,0.4396,0.0034,5,0,0.0787,0.0123,5,0,0.2232,0.0154,5,0,4.2501,0.4904,5,0
190,7.420144697,0.366369688,0.4274,0.067,5,0,0.2434,0.0401,5,0,1.8573,0.2381,5,0,43.3193,2.9166,5,0
191,7.425853201,0.287364605,0.2069,0.0472,5,0,0.0709,0.0109,5,0,0.0957,0.0118,5,0,4.3517,0.3473,5,0
192,7.4379514,0.383050138,0.3279,0.0608,5,0,0.1536,0.036,5,0,1.9841,0.2292,5,0,18.6679,2.8723,5,0
193,7.446691362,-0.16217658,2.4021,0.0412,5,0,0.7085,0.1118,5,0,2.4765,0.2063,5,0,0.8946,0.0893,5,0
194,7.470070584,0.06384913,0.242,0.0815,5,0,0.0419,0.0185,5,0,,,,,38.9408,14.3452,5,0
195,7.470614498,0.058455446,1.4382,0.2019,5,0,0.4873,0.0401,5,0,,,,,287.3861,25.7448,5,0
196,7.473645483,0.063995476,0.5018,0.0627,5,0,0.1112,0.0177,5,0,,,,,63.1197,9.8659,5,0
197,7.475464812,0.611394844,0.2843,0.0257,5,0,0.0876,0.0178,5,0,0.6396,0.0677,5,0,12.6975,0.2728,5,0
198,7.506389888,0.401140318,0.7569,0.0703,5,0,0.2859,0.0795,5,0,3.0402,0.3496,5,0,78.1823,3.5274,5,0
199,7.508560734,-0.226505081,0.2237,0.0401,5,0,0.0594,0.0126,5,0,0.1624,0.0203,5,0,8.5183,1.1987,5,0
200,7.517189201,0.201433614,0.0945,0.0248,5,0,0.0524,0.012,5,0,0.0879,0.0159,5,0,3.1658,0.3558,5,0
201,7.525711934,0.390513112,1.5489,0.2064,5,0,0.6062,0.1225,5,0,2.6661,0.391,5,0,41.1043,3.0048,5,0
202,7.612391855,-0.109077866,0.5719,0.0503,5,0,0.1138,0.0264,5,0,0.5526,0.0706,5,0,21.022,2.2332,5,0
203,7.635780871,-0.149181457,0.6368,0.036,5,0,0.1287,0.0284,5,0,1.7819,0.179,5,0,30.9227,1.4182,5,0
204,7.650497464,-0.16241679,0.1997,0.0188,5,0,0.0523,0.0122,5,0,0.0948,0.0164,5,0,4.4552,0.5143,5,0
205,7.797451405,-0.123943169,0.5671,0.0548,5,0,0.1378,0.0275,5,0,0.7377,0.0861,5,0,21.7991,0.9834,5,0
206,7.816687341,-0.461466224,0.2787,0.0484,5,0,0.166,0.0398,5,0,0.6056,0.0995,5,0,23.1493,3.0566,5,0
207,7.927843615,-0.397589555,0.1516,0.0363,5,0,0.112,0.0262,5,0,0.4719,0.0878,5,0,10.9867,0.9132,5,0
208,7.971898654,-0.36924607,0.3326,0.0313,5,0,0.0768,0.0171,5,0,0.2774,0.0379,5,0,9.9827,0.7442,5,0
209,7.978885047,-0.359017649,0.9019,0.1093,5,0,0.2547,0.0576,5,0,1.8687,0.2688,5,0,39.4501,3.1756,5,0
210,8.00467516,-0.13482207,0.3477,0.0091,5,0,0.0574,0.0073,5,0,0.3899,0.0232,5,0,5.7485,0.6362,5,0
211,8.122158367,0.132723649,3.4504,0.5901,5,0,1.2984,0.2498,5,0,4.8218,0.8838,5,0,45.0682,6.2641,5,0
212,8.139100577,-0.027739961,2.4078,0.221,5,0,0.9708,0.1663,5,0,6.8496,0.9533,5,0,87.0639,6.4295,5,0
213,8.140946778,0.223943197,9.8445,2.009,5,0,,,,,,,,,756.9185,101.9554,5,0
214,8.171644221,-0.080192473,0.1722,0.0538,5,0,0.0784,0.0247,5,0,0.1786,0.0499,5,0,8.5699,1.4576,5,0
215,8.202831732,-0.034326527,0.1388,0.0495,5,0,0.0444,0.0092,5,0,0.1635,0.0242,5,0,5.4819,0.5487,5,0
216,8.250312671,-0.44045114,0.2405,0.0756,5,0,0.2982,0.0455,5,0,4.4015,0.5185,5,0,22.2435,11.0816,5,0
217,8.276045771,0.50673307,0.0976,0.0268,5,0,0.0058,0.001,5,0,0.1096,0.013,5,0,1.1063,0.0866,5,0
218,8.344919176,0.063834203,0.5296,0.3128,5,0,0.1227,0.0242,5,0,3.1647,0.687,5,0,1.1737,0.9017,5,0
219,8.346045232,-0.322695301,1.1081,0.0791,5,0,,,,,,,,,59.9011,52.2539,5,0
220,8.350542061,-0.318640512,10.1389,0.6726,5,0,,,,,,,,,266.1639,17.2509,5,0
221,8.375737539,-0.347530303,4.0317,0.5094,5,0,,,,,,,,,171.6575,17.519,5,0
222,8.377418307,-0.352582934,2.5343,0.3997,5,0,,,,,,,,,72.946,7.8761,5,0
223,8.393239344,0.176171339,0.1156,0.0178,5,0,0.0685,0.0179,5,0,0.1022,0.0193,5,0,5.0467,0.8366,5,0
224,8.470775486,-0.26444895,4.3626,0.6678,5,0,1.0576,0.2314,5,0,6.1998,0.6578,5,0,124.7207,15.3255,5,0
225,8.562721514,-0.681517223,2.8658,0.2229,5,0,0.6072,0.1211,5,0,2.6581,0.2008,5,0,66.5704,4.9262,5,0
226,8.589225891,-0.227785798,0.1057,0.0183,5,0,0.0308,0.0046,5,0,0.0981,0.0143,5,0,2.1368,0.1089,5,0
227,8.613808789,0.294755862,0.1269,0.0275,5,0,0.0192,0.0068,5,0,0.161,0.0206,5,0,3.9935,0.2741,5,0
228,8.641761032,-0.117327909,0.1475,0.0599,5,0,0.1463,0.0377,5,0,0.7852,0.1449,5,0,4.4897,0.672,5,0
229,8.661889503,-0.342608828,5.7185,1.3077,5,0,,,,,,,,,168.6432,46.3011,5,0
230,8.668165195,-0.351930953,0.9666,0.3943,5,0,0.1865,0.1547,2,0,6.1676,4.8676,2,0,910.176,222.6624,5,0
231,8.696277636,-0.177270081,3.5156,0.0751,5,0,0.9108,0.1565,5,0,1.5715,0.2058,5,0,14.2226,1.6139,5,0
232,8.739498663,-0.398583994,0.5154,0.0387,5,0,0.1571,0.028,5,0,0.2813,0.0479,5,0,7.2528,0.2961,5,0
233,8.74409555,-0.388426612,0.1603,0.0237,5,0,0.0408,0.0086,5,0,0.1017,0.0152,5,0,4.284,0.4304,5,0
234,8.814985803,-0.373181327,0.0804,0.0033,5,0,0.0242,0.0055,5,0,0.217,0.0202,5,0,4.9737,0.6073,5,0
235,8.827205762,-0.026070928,0.3915,0.0336,5,0,0.0731,0.0203,5,0,0.7677,0.1026,5,0,38.782,26.7492,5,0
236,8.872864686,-0.319493892,0.9825,0.279,5,0,0.4747,0.0496,5,0,4.3975,0.4092,5,0,28.3431,7.7143,5,0
237,9.210506774,-0.20450933,1.0844,0.1406,5,0,0.1973,0.0326,5,0,0.9932,0.2192,5,0,31.7974,10.1994,5,0
238,9.228738683,0.027446212,4.1185,0.1159,5,0,0.6149,0.144,5,0,3.5599,0.3321,5,0,1.115,0.1509,5,0
239,9.240254875,-0.190962327,0.8334,0.028,5,0,0.2055,0.0232,5,0,0.4831,0.0256,5,0,8.0121,0.5,5,0
240,9.332135929,0.86191206,0.1174,0.0134,5,0,0.0481,0.0115,5,0,0.2189,0.024,5,0,0.7062,0.1448,5,0
241,9.386836791,-0.134754516,0.1725,0.0088,5,0,0.0417,0.0085,5,0,0.3217,0.0276,5,0,6.5465,0.1961,5,0
242,9.403841225,-0.091222556,1.4041,0.322,5,0,0.6342,0.0871,5,0,4.8079,0.4542,5,0,68.9897,6.3822,5,0
243,9.475807555,0.165721479,0.1383,0.0326,5,0,0.0483,0.0092,5,0,0.1249,0.0232,5,0,0.8841,0.0969,5,0
244,9.482511209,-0.232817375,0.2429,0.0267,5,0,0.0601,0.0135,5,0,0.1442,0.018,5,0,5.3708,0.2605,5,0
245,9.596936204,0.166091089,1.0677,0.123,5,0,0.3387,0.0565,5,0,5.5818,0.8075,5,0,35.5703,4.4513,5,0
246,9.597825464,0.198939856,2.1073,0.1436,5,0,0.6086,0.0509,2,0,8.2037,0.2142,2,0,42.1983,5.2161,5,0
247,9.615715724,0.196450216,11.967,2.6394,5,0,,,,,,,,,2538.2356,227.7112,5,0
248,9.623380438,-0.709564179,0.9222,0.198,5,0,0.1155,0.0284,5,0,0.9476,0.1756,5,0,33.6928,12.1598,5,0
249,9.661231435,0.588684886,0.2428,0.028,5,0,0.1316,0.0327,5,0,2.6076,0.3798,5,0,8.6778,1.2094,5,0
250,9.711845905,-0.221491319,0.1438,0.023,5,0,0.0187,0.0019,5,0,0.0566,0.0216,5,0,1.9717,0.3646,5,0
251,9.8608196,-0.736122644,0.6977,0.0182,5,0,0.152,0.0216,5,0,2.2136,0.0337,2,0,25.8821,1.5389,5,0
252,9.874835948,-0.747538643,15.9948,0.9706,5,0,2.5819,0.4715,5,0,,,,,513.9896,69.2491,5,0
253,9.926915326,-0.747802707,3.4014,0.7344,5,0,0.8127,0.154,5,0,,,,,132.6295,7.112,5,0
254,9.957559996,-0.122910743,0.3463,0.0953,5,0,0.2721,0.0556,5,0,1.7816,0.258,5,0,11.5457,0.9579,5,0
255,9.963449773,0.068650014,0.3762,0.0727,5,0,0.1236,0.0168,5,0,0.3507,0.0333,5,0,10.7409,0.899,5,0
256,9.968084974,-0.209427816,0.4766,0.1047,5,0,0.1011,0.0218,5,0,0.3472,0.0414,5,0,12.4929,1.4389,5,0
257,9.997621506,-0.033098314,2.016,0.0991,5,0,0.6431,0.1237,5,0,5.0687,0.6504,5,0,64.1725,4.7833,5,0
258,10.00057182,-0.751536119,1.4413,0.1047,5,0,0.3278,0.0681,5,0,2.8104,0.2833,5,0,23.9871,1.0599,5,0
259,10.00273408,-0.786410846,0.6403,0.1023,5,0,0.2238,0.0449,5,0,1.3153,0.1476,5,0,13.1551,2.3494,5,0
260,10.0425717,-0.064755677,0.1692,0.0143,5,0,0.0415,0.0063,5,0,0.1162,0.0132,5,0,6.4279,0.5702,5,0
261,10.05872566,-0.070980902,0.1631,0.0369,5,0,0.061,0.0115,5,0,0.2954,0.0358,5,0,3.524,0.3211,5,0
262,10.06622894,-0.168306576,0.1226,0.0208,5,0,0.0328,0.0076,5,0,0.3954,0.0669,5,0,8.936,0.9628,5,0
263,10.09358115,0.05552924,0.1373,0.0194,5,0,0.0264,0.0055,5,0,0.0804,0.0107,5,0,3.7849,0.3219,5,0
264,10.15967977,-0.379888309,1.7062,0.3152,5,0,,,,,,,,,109.7291,32.8397,5,0
265,10.18559485,-0.395372886,3.4412,0.6989,5,0,0.714,0.1535,5,0,,,,,68.9095,7.0401,5,0
266,10.19997848,-0.464112829,0.7694,0.0327,5,0,0.1825,0.0441,5,0,0.4603,0.0412,5,0,1.0849,0.1903,5,0
267,10.21115576,0.42920575,4.3149,0.1011,5,0,1.2758,0.1285,5,0,14.5836,0.9918,5,0,31.0839,3.4448,5,0
268,10.23808498,0.114226426,1.0068,0.145,5,0,0.1678,0.0228,5,0,1.5858,0.1921,5,0,39.2534,1.5664,5,0
269,10.24143848,0.116773782,0.2491,0.0249,5,0,0.0112,0.0024,5,0,0.2581,0.0115,5,0,12.5369,7.744,5,0
270,10.26480926,0.074433899,0.3602,0.0516,5,0,0.0777,0.0079,5,0,0.1203,0.0553,5,0,10.6773,1.2611,5,0
271,10.28688331,-0.108709023,0.3821,0.0115,5,0,0.0575,0.0077,5,0,0.937,0.0908,5,0,18.8883,2.0082,5,0
272,10.29157516,-0.130640889,5.7966,0.5384,5,0,,,,,13.8936,3.1439,2,0,216.647,27.2477,5,0
273,10.2941937,-0.144340607,1.7637,0.1051,5,0,,,,,,,,,344.0814,277.4414,5,0
274,10.29479318,-0.158432938,0.577,0.2333,5,0,,,,,,,,,11.9254,6.7666,5,0
275,10.31542485,0.141788568,0.1316,0.0201,5,0,0.043,0.0124,5,0,0.2614,0.0386,5,0,4.7919,0.5034,5,0
276,10.31953686,-0.261059996,1.0467,0.1919,5,0,0.2315,0.0741,5,0,2.2748,0.5968,5,0,130.6779,12.0192,5,0
277,10.31995437,-0.233587934,2.645,0.1659,5,0,0.864,0.1689,5,0,7.5132,0.9472,5,0,116.6556,11.8133,5,0
278,10.32065103,-0.156682785,10.7215,2.1417,5,0,,,,,,,,,569.6624,128.6812,5,0
279,10.39236751,0.539269199,2.5404,0.0902,5,0,1.4539,0.1589,5,0,,,,,61.8826,4.3353,5,0
280,10.44054349,0.011112609,0.9728,0.1516,5,0,1.0735,0.1553,5,0,10.9417,1.1344,5,0,82.3486,10.0441,5,0
281,10.46062839,0.034093187,1.002,0.135,5,0,0.5884,0.2348,5,0,6.7651,0.7524,2,0,157.2055,54.3733,5,0
282,10.46872893,0.023543036,0.243,0.0168,5,0,0.1564,0.1079,5,0,,,,,632.4671,556.4987,5,0
283,10.47251872,0.026755535,0.3134,0.2121,5,0,0.5048,0.0801,5,0,,,,,2920.9326,142.8215,5,0
284,10.57004699,-0.04381791,0.1469,0.0124,5,0,0.0316,0.0024,5,0,0.0739,0.0081,5,0,3.651,0.1592,5,0
285,10.5979246,-0.383544504,5.8879,0.6596,5,0,,,,,,,,,166.8522,33.9432,5,0
286,10.60875959,-0.028744789,0.1326,0.0098,5,0,0.0314,0.0071,5,0,0.3217,0.0346,5,0,9.073,0.5711,5,0
287,10.61926642,-0.380317791,0.881,0.5299,5,0,0.5792,0.3086,5,0,,,,,2909.1184,1549.6634,5,0
288,10.62249038,-0.38246038,3.0342,0.5958,5,0,1.1405,0.1381,5,0,,,,,7214.9764,297.7438,5,0
289,10.62515586,-0.379985235,0.844,0.3532,5,0,0.4209,0.224,5,0,,,,,3466.6729,1960.6157,5,0
290,10.62624072,-0.372609513,0.5379,0.0223,5,0,0.0749,0.021,5,0,3.0756,0.5655,2,0,25.0761,7.5205,5,0
291,10.62901122,-0.33800498,4.77,0.5807,5,0,1.2208,0.2065,5,0,,,,,242.9909,36.4213,5,0
292,10.63075975,-0.38588624,1.6247,0.1388,5,0,0.4139,0.0922,5,0,,,,,28.7955,18.4773,5,0
293,10.67102058,-0.210254903,2.8965,0.7508,5,0,0.6793,0.1815,5,0,1.7317,0.1285,5,0,60.0477,11.8137,5,0
294,10.67440243,-0.024889078,0.1059,0.0027,5,0,0.0113,0.0022,5,0,0.1707,0.0128,5,0,4.9399,0.6589,5,0
295,10.67874135,-0.031100069,0.3271,0.0486,5,0,0.0538,0.0122,5,0,0.4647,0.0454,5,0,16.7695,9.6272,5,0
296,10.68047698,-0.027417291,0.0944,0.0214,5,0,0.0057,0.0011,5,0,0.1826,0.0195,5,0,29.3445,2.2347,5,0
297,10.68341653,-0.026025022,0.1091,0.0113,5,0,0.0068,0.0015,5,0,0.1593,0.0169,5,0,10.1639,7.6684,5,0
298,10.75197636,-0.368433504,0.1294,0.0266,5,0,0.0264,0.0062,5,0,0.1129,0.0156,5,0,1.9148,0.4359,5,0
299,10.752044,0.056094137,0.8907,0.0799,5,0,0.1949,0.0365,5,0,0.3651,0.0349,5,0,14.808,1.422,5,0
300,10.77464181,-0.045335307,0.0936,0.0086,5,0,0.0232,0.0035,5,0,0.0557,0.0042,5,0,2.8318,0.2644,5,0
301,10.8253811,-0.103267849,0.2551,0.0589,5,0,0.0536,0.026,5,0,0.4664,0.1152,5,0,13.0325,2.573,5,0
302,10.82542752,-0.009139438,1.2065,0.1334,5,0,0.3878,0.0898,5,0,2.0342,0.3902,5,0,61.9238,9.4844,5,0
303,10.85674653,0.063838731,0.9659,0.1191,5,0,0.2845,0.035,5,0,0.6594,0.0353,5,0,26.8965,2.2834,5,0
304,10.88618006,-0.049401619,0.2572,0.0336,5,0,0.0847,0.0131,5,0,0.1445,0.0187,5,0,8.9861,0.8338,5,0
305,10.96495475,0.009027635,0.9886,0.1359,5,0,1.4411,0.278,5,0,,,,,76.9257,17.9139,5,0
306,10.97040262,0.134114388,0.3744,0.0982,5,0,0.0769,0.0304,5,0,0.2094,0.0882,5,0,27.1219,7.9308,5,0
307,10.99288919,-0.369966058,2.0291,0.2803,5,0,0.536,0.101,5,0,1.4465,0.1567,5,0,53.7412,6.8824,5,0
308,11.03371997,0.063525339,1.8081,0.252,5,0,1.1086,0.252,5,0,,,,,317.1499,15.4806,5,0
309,11.07305282,-0.228466005,0.6777,0.067,5,0,0.5903,0.0691,5,0,9.724,0.9284,5,0,22.149,4.3046,5,0
310,11.111339,-0.400237224,4.7035,0.6751,5,0,1.4056,0.3848,5,0,,,,,406.6396,59.8515,5,0
311,11.17175466,-0.065454727,1.3839,0.1414,5,0,0.6995,0.122,5,0,4.6747,0.4473,5,0,77.1909,6.8399,5,0
312,11.27430656,-0.052018518,0.3948,0.0607,5,0,0.1133,0.0204,5,0,0.2347,0.0252,5,0,10.6565,0.7251,5,0
313,11.2817794,0.202882665,0.0942,0.0085,5,0,0.02,0.004,5,0,0.1026,0.0112,5,0,2.844,0.2366,5,0
314,11.32537143,0.660432174,0.0931,0.0071,5,0,0.0218,0.0042,5,0,0.0562,0.0042,5,0,0.9076,0.132,5,0
315,11.33489717,0.058309725,0.3097,0.0593,5,0,0.046,0.02,5,0,0.1477,0.0473,5,0,4.3583,0.9047,5,0
316,11.56010203,-0.10532095,0.1173,0.0075,5,0,0.0151,0.0023,5,0,0.0682,0.0055,5,0,2.0145,0.1992,5,0
317,11.5961265,-0.128062335,0.1768,0.0251,5,0,0.0279,0.0075,5,0,0.1358,0.0264,5,0,6.4755,0.4868,5,0
318,11.6539069,-0.211223067,0.1733,0.0141,5,0,0.0357,0.007,5,0,0.2473,0.0236,5,0,5.5545,0.3724,5,0
319,11.68475665,-0.201517167,0.091,0.0151,5,0,0.0281,0.007,5,0,0.0861,0.0137,5,0,3.2352,0.3365,5,0
320,11.68721942,-0.226532064,0.2239,0.0398,5,0,0.0844,0.0251,5,0,0.3692,0.0789,5,0,19.3206,3.9388,5,0
321,11.74250222,-0.232645874,1.1821,0.2686,5,0,0.355,0.0963,5,0,0.6473,0.1279,5,0,20.6463,3.4521,5,0
322,11.74739949,-0.136305791,0.7224,0.1411,5,0,0.1662,0.0509,5,0,1.153,0.2372,5,0,16.9352,2.3535,5,0
323,11.7520497,-0.150573151,0.4458,0.0761,5,0,0.0753,0.0187,5,0,0.7186,0.0751,5,0,18.2431,2.6053,5,0
324,11.75859533,-0.150477575,0.595,0.0932,5,0,0.1421,0.0294,5,0,3.3187,0.3745,5,0,44.4606,1.8618,5,0
325,11.76817499,-0.032348938,0.3292,0.026,5,0,0.0455,0.0075,5,0,0.1543,0.0114,5,0,6.72,1.0258,5,0
326,11.77173868,-0.040823796,0.6725,0.1279,5,0,0.2004,0.056,5,0,1.2332,0.2322,5,0,29.4589,4.035,5,0
327,11.77358331,-0.072209633,0.6162,0.1135,5,0,0.1006,0.021,5,0,0.2619,0.0299,5,0,14.3326,1.6818,5,0
328,11.77889885,0.178224549,0.6299,0.0479,5,0,0.2102,0.0487,5,0,0.3208,0.0355,5,0,4.1155,0.5295,5,0
329,11.81973172,0.836222562,1.1635,0.2622,5,0,0.1969,0.0199,5,0,4.0268,0.3084,5,0,27.9957,4.1649,5,0
330,11.89184654,-0.217492236,0.2056,0.0408,5,0,0.0672,0.0134,5,0,0.5613,0.061,5,0,24.1186,2.174,5,0
331,11.90142326,0.726605262,1.4062,0.0166,5,0,0.4619,0.0726,5,0,2.9188,0.2618,5,0,0.456,0.0816,5,0
332,11.92898106,0.760095785,1.0282,0.4941,5,0,0.1359,0.0155,5,0,0.9405,0.2853,5,0,23.5202,13.8388,5,0
333,11.93732169,-0.614619007,8.3515,0.5494,5,0,1.4407,0.3658,5,0,,,,,1393.2658,88.3237,5,0
334,11.94663014,-0.036098353,7.5192,1.1756,5,0,,,,,,,,,430.8955,35.2678,5,0
335,11.94828051,-0.596960208,0.1833,0.0306,5,0,0.0364,0.0094,5,0,0.0751,0.0069,2,0,1.7797,0.3849,5,0
336,11.97781435,-0.097599826,1.1999,0.1537,5,0,0.3589,0.0641,5,0,2.3396,0.2707,5,0,43.3979,4.3525,5,0
337,11.98224799,0.554946899,0.3028,0.0205,5,0,0.0971,0.0199,5,0,0.2434,0.0317,5,0,3.1727,0.0658,5,0
338,11.99204472,-0.274500702,1.464,0.0895,5,0,0.4753,0.0782,5,0,3.7605,0.4085,5,0,66.2092,2.7374,5,0
339,12.0102983,-0.256828454,0.1883,0.0059,5,0,0.0297,0.0068,5,0,0.2697,0.0225,5,0,3.9987,0.5498,5,0
340,12.02687269,-0.153056686,0.6058,0.0809,5,0,0.1577,0.0344,5,0,0.6155,0.0855,5,0,18.6837,1.5813,5,0
341,12.08906178,-0.414721353,1.0903,0.1506,5,0,0.2671,0.0533,5,0,0.4591,0.086,5,0,20.3222,1.0658,5,0
342,12.14519715,-0.041664023,0.3634,0.0458,5,0,0.1002,0.0138,5,0,0.1434,0.0221,5,0,7.696,0.8096,5,0
343,12.15829861,-0.134639826,0.5011,0.0569,5,0,0.1672,0.0254,5,0,1.3894,0.1372,5,0,32.4493,2.5643,5,0
344,12.1903187,-0.104215586,1.8592,0.4263,5,0,1.09,0.3358,5,0,,,,,106.8283,20.7441,5,0
345,12.19362171,-0.111854257,0.4982,0.0436,5,0,0.0317,0.0055,5,0,0.9852,0.0114,2,0,20.9997,3.2462,5,0
346,12.19786566,-0.163704455,0.4235,0.0792,5,0,0.1237,0.0267,5,0,0.4743,0.0672,5,0,9.0769,1.5731,5,0
347,12.20108839,-0.106965993,0.7432,0.1429,5,0,0.082,0.0151,5,0,1.9327,0.0053,2,0,45.4124,5.3619,5,0
348,12.20302031,-0.110624561,0.3912,0.0959,5,0,0.0438,0.0081,5,0,1.5912,0.0243,2,0,6.2244,0.8692,5,0
349,12.20596743,0.118577654,8.9418,0.0981,5,0,,,,,,,,,1.548,0.0795,5,0
350,12.20745933,-0.274528218,0.1443,0.0055,5,0,0.0302,0.0058,5,0,0.0476,0.0047,5,0,2.8828,0.1648,5,0
351,12.20854605,-0.10392971,0.7688,0.1126,5,0,0.2093,0.0382,5,0,6.0035,0.3197,2,0,639.2063,32.7893,5,0
352,12.210576,-0.097255127,0.3473,0.0559,5,0,0.0364,0.0079,5,0,0.7021,0.0385,5,0,148.9725,119.6496,5,0
353,12.21283523,-0.118604845,0.206,0.0828,5,0,0.025,0.0116,5,0,0.4957,0.1539,5,0,58.1463,54.7727,5,0
354,12.21650042,-0.101128798,0.2937,0.0273,5,0,0.0261,0.0043,5,0,0.5678,0.0348,5,0,18.1908,1.89,5,0
355,12.2388212,0.336593408,1.046,0.1143,5,0,0.2961,0.0626,5,0,0.5735,0.0787,5,0,13.6781,0.9193,5,0
356,12.34838046,-0.006395353,0.1734,0.0415,5,0,0.0613,0.0124,5,0,0.2469,0.0353,5,0,8.4862,0.4974,5,0
357,12.38218705,0.002954968,1.8468,0.1199,5,0,0.4874,0.0796,5,0,1.9246,0.1965,5,0,50.763,4.4338,5,0
358,12.39083164,0.330137584,0.1246,0.0272,5,0,0.058,0.0039,5,0,0.1406,0.0118,5,0,1.3749,0.0971,5,0
359,12.39642412,-0.464836812,0.9914,0.2776,5,0,0.2688,0.0495,5,0,2.3231,0.2529,5,0,20.5289,3.0738,5,0
360,12.39738756,0.228045322,0.5118,0.0911,5,0,0.1691,0.0217,5,0,0.4663,0.045,5,0,20.1612,0.9203,5,0
361,12.40627425,-0.469062554,2.4281,0.4277,5,0,0.5894,0.1029,5,0,6.4259,0.5778,5,0,93.0344,3.6702,5,0
362,12.41415785,0.540735199,0.7281,0.1084,5,0,0.2191,0.08,5,0,2.5612,0.1649,5,0,20.0586,3.7502,5,0
363,12.429497,-0.049626441,0.8038,0.1994,5,0,0.3395,0.0945,5,0,2.802,0.455,5,0,53.0327,8.0325,5,0
364,12.46322266,0.246736322,0.3102,0.0618,5,0,0.16,0.0273,5,0,0.6995,0.1079,5,0,7.0339,0.8438,5,0
365,12.470933,0.097600932,0.8156,0.0488,5,0,0.2274,0.0251,5,0,0.4967,0.0348,5,0,13.9699,1.6348,5,0
366,12.471556,0.086187456,0.3489,0.0706,5,0,0.1571,0.0225,5,0,0.4172,0.0346,5,0,13.8033,1.4428,5,0
367,12.56295564,-0.003657449,0.5523,0.1215,5,0,0.1692,0.0205,5,0,0.4302,0.0437,5,0,20.4384,1.7186,5,0
368,12.56654555,0.640684514,0.1216,0.0359,5,0,0.0518,0.0117,5,0,0.4951,0.0845,5,0,0.7911,0.236,5,0
369,12.59615509,-0.089437608,1.1189,0.2447,5,0,0.5136,0.0597,5,0,2.799,0.1423,5,0,84.8395,8.8253,5,0
370,12.62998961,0.070318022,1.2089,0.3336,5,0,0.7388,0.1054,5,0,4.5102,0.3329,5,0,92.2231,11.3631,5,0
371,12.63247073,-0.016949963,5.0956,0.9549,5,0,1.0971,0.2742,5,0,6.8262,1.2189,5,0,212.8214,27.8352,5,0
372,12.6806168,0.007454017,0.7683,0.1154,5,0,0.3094,0.1297,5,0,2.412,0.8886,5,0,36.6631,6.7731,5,0
373,12.68429504,-0.183959487,3.4338,0.6077,5,0,1.3155,0.4147,5,0,,,,,398.7228,87.2086,5,0
374,12.71761027,0.68790584,1.5132,1.2679,5,0,,,,,,,,,34.6075,16.1709,5,0
375,12.72706838,-0.218918822,19.3317,3.288,5,0,,,,,,,,,504.7944,59.518,5,0
376,12.73522956,0.685498967,1.1889,0.4937,5,0,0.4353,0.1758,5,0,0.9894,0.2263,5,0,11.6999,3.4425,5,0
377,12.73914565,-0.112538109,2.9348,0.1445,5,0,0.7231,0.1189,5,0,3.7215,0.296,5,0,53.8088,6.2291,5,0
378,12.77493462,0.333108388,6.1023,1.0836,5,0,1.9158,0.2916,5,0,,,,,294.3535,54.6321,5,0
379,12.78669669,-0.178183357,2.7791,0.808,5,0,0.6384,0.2021,5,0,,,,,37.5786,3.2211,5,0
380,12.80428462,-0.205106481,13.9853,1.5469,5,0,,,,,,,,,752.2407,481.5473,5,0
381,12.80510091,-0.196610548,23.1948,2.8356,5,0,,,,,,,,,2067.9965,317.3826,5,0
382,12.81304317,-0.198580947,6.276,0.5598,5,0,,,,,,,,,1383.0616,131.9467,5,0
383,12.81545407,-0.894897901,8.4621,0.2755,5,0,0.8824,0.2826,5,0,,,,,12.5419,0.1347,5,0
384,12.8496475,-0.309529738,0.6477,0.1059,5,0,0.1287,0.0264,5,0,0.6268,0.0823,5,0,19.0467,0.9535,5,0
385,12.87986048,0.49562168,1.4748,0.0972,5,0,0.3753,0.0366,5,0,3.9881,0.1518,2,0,61.1754,9.1076,5,0
386,12.8830054,-0.284632504,8.5787,0.3131,5,0,1.7436,0.2875,5,0,,,,,246.248,8.4823,5,0
387,12.88350958,0.480314742,2.4789,0.4156,5,0,0.6855,0.077,5,0,,,,,51.7836,13.0717,5,0
388,12.88586236,0.473642568,0.1543,0.0502,5,0,0.0249,0.0052,5,0,0.4513,0.0017,2,0,3.2337,0.8765,5,0
389,12.88864028,0.508332197,0.5457,0.0337,5,0,0.1421,0.011,5,0,2.4179,0.0163,2,0,17.6845,0.8648,5,0
390,12.89069599,0.494745619,0.8355,0.691,5,0,0.3823,0.1916,5,0,,,,,261.4397,184.2659,5,0
391,12.90276898,-0.026203774,0.4389,0.0887,5,0,0.1075,0.0225,5,0,0.4634,0.0677,5,0,21.2879,10.6884,5,0
392,12.91757657,0.487812794,2.9435,0.7655,5,0,0.7031,0.0964,5,0,5.5432,0.4852,5,0,106.0424,7.5362,5,0
393,12.93248953,-0.079021649,2.5529,0.3029,5,0,0.7557,0.1087,5,0,5.1737,0.4618,5,0,55.6336,5.8985,5,0
394,12.97782915,-0.271745293,0.4835,0.0169,5,0,0.1101,0.0146,5,0,0.4192,0.0422,5,0,8.6057,0.6307,5,0
395,12.99178496,-0.355181838,0.1155,0.0144,5,0,0.0183,0.0025,5,0,0.0856,0.0087,5,0,3.7316,0.3153,5,0
396,12.99959379,-0.359384543,1.0794,0.092,5,0,0.2822,0.0513,5,0,4.8127,0.5156,5,0,186.4975,9.8236,5,0
397,13.07787882,-0.310915385,3.4249,0.6278,5,0,1.1114,0.2058,5,0,1.852,0.2752,5,0,61.2823,10.7566,5,0
398,13.08665661,0.732790789,0.1701,0.0104,5,0,0.0851,0.0159,5,0,0.158,0.0245,5,0,4.4354,0.1884,5,0
399,13.1316418,-0.148171835,2.6152,0.2266,5,0,0.826,0.0678,5,0,8.4985,0.1879,5,0,114.4286,8.3795,5,0
400,13.18759283,0.041337237,2.3726,0.5019,5,0,,,,,,,,,50.8197,12.8308,5,0
401,13.20934675,-0.14409747,2.4534,0.6845,5,0,0.9429,0.1314,5,0,,,,,498.9311,22.6852,5,0
402,13.25692982,-0.410999659,2.2767,0.0345,5,0,0.6758,0.0391,5,0,5.146,0.0862,5,0,60.5592,1.7747,5,0
403,13.28738105,-0.33065885,0.0726,0.0097,5,0,0.0345,0.0027,5,0,0.1007,0.0054,5,0,1.0433,0.0598,5,0
404,13.31693137,-0.025052374,0.3954,0.0479,5,0,0.0875,0.0106,5,0,0.3186,0.053,5,0,4.8966,0.3076,5,0
405,13.32210904,0.096846301,1.2267,0.1645,5,0,0.3759,0.0595,5,0,2.2105,0.2361,5,0,72.4764,3.7955,5,0
406,13.33359273,-0.009530498,0.2905,0.0362,5,0,0.0759,0.0186,5,0,0.5392,0.0575,5,0,15.6477,1.2636,5,0
407,13.38091274,-0.158954499,0.148,0.0254,5,0,0.0382,0.0092,5,0,0.118,0.0182,5,0,7.3717,0.5502,5,0
408,13.38481119,0.066379846,6.2005,1.1468,5,0,,,,,,,,,385.3856,33.7242,5,0
409,13.43359704,-0.74366803,0.3598,0.0574,5,0,0.1794,0.0315,5,0,0.8746,0.0457,5,0,4.9961,0.7828,5,0
410,13.49770167,-0.211253277,0.7444,0.1067,5,0,0.2343,0.0549,5,0,0.5154,0.0864,5,0,11.9572,2.0864,5,0
411,13.50882164,0.938191315,0.2529,0.0379,5,0,0.1188,0.0264,5,0,0.4604,0.0592,5,0,7.0831,0.9255,5,0
412,13.536035,-0.177742716,0.1385,0.0134,5,0,0.0176,0.0039,5,0,0.3445,0.0332,5,0,9.6914,1.9081,5,0
413,13.54324488,-0.179854102,0.2459,0.0838,5,0,0.0554,0.0181,5,0,0.4543,0.2896,5,0,18.3525,3.4028,5,0
414,13.54804493,0.026406037,0.2506,0.022,5,0,0.0703,0.008,5,0,0.2892,0.0148,5,0,11.0186,0.7244,5,0
415,13.56531863,0.840111489,0.3336,0.0161,5,0,0.0504,0.0116,5,0,0.1056,0.0085,5,0,1.6629,1.0684,5,0
416,13.57735328,-0.02747458,0.3289,0.0354,5,0,0.0684,0.0095,5,0,0.1596,0.0208,5,0,11.0423,0.5639,5,0
417,13.63118028,0.193721621,1.4069,0.5312,5,0,0.7858,0.1992,5,0,5.3362,0.8232,5,0,96.0451,17.0099,5,0
418,13.65050922,0.097485397,0.9063,0.1184,5,0,0.2791,0.0309,5,0,2.1557,0.0795,5,0,31.8266,2.482,5,0
419,13.65142168,0.526540705,0.3051,0.0501,5,0,0.1003,0.0234,5,0,0.2947,0.0424,5,0,6.2847,0.8098,5,0
420,13.67344994,-0.010831946,2.3111,0.3042,5,0,0.5744,0.1003,5,0,4.4983,0.2105,5,0,33.7377,3.5177,5,0
421,13.7245201,-0.437854236,0.1358,0.023,5,0,0.0123,0.0021,5,0,0.0245,0.002,5,0,0.6839,0.0635,5,0
422,13.72589138,-0.443537804,0.2119,0.048,5,0,0.1022,0.0172,5,0,1.4828,0.3208,5,0,2.4461,0.2675,5,0
423,13.77046715,0.618703614,0.3178,0.0669,5,0,0.1052,0.0169,5,0,0.1887,0.0201,5,0,2.7306,0.502,5,0
424,13.77682276,0.488495959,0.8144,0.103,5,0,0.19,0.0317,5,0,0.4433,0.0569,5,0,13.7658,1.1128,5,0
425,13.78495237,0.610820317,0.628,0.0216,5,0,0.1384,0.0311,5,0,0.5332,0.0602,5,0,6.4622,0.8555,5,0
426,13.79743964,0.167920096,0.2029,0.0284,5,0,0.068,0.0131,5,0,0.165,0.0275,5,0,4.9499,0.5428,5,0
427,13.798498,-0.547882193,0.7786,0.2346,5,0,0.3445,0.0767,5,0,0.6256,0.1368,5,0,9.0657,1.7154,5,0
428,13.80268726,-0.540488088,1.0618,0.5842,5,0,0.1978,0.0517,5,0,0.3583,0.0592,5,0,1.6972,0.191,5,0
429,13.82577346,0.569687691,0.5721,0.1272,5,0,0.1519,0.0329,5,0,0.5599,0.1623,5,0,2.7888,1.4027,5,0
430,13.83579145,0.183902613,1.5332,0.2764,5,0,0.5243,0.082,5,0,0.9684,0.3851,5,0,17.2273,2.4692,5,0
431,13.87695786,0.282110819,7.7667,2.3515,5,0,,,,,,,,,711.8331,253.7359,5,0
432,13.88835197,-0.476272413,0.2485,0.0206,5,0,0.5434,0.1066,5,0,,,,,0.2501,0.5893,5,0
433,13.9005497,0.30080319,0.4595,0.0602,5,0,0.1888,0.0387,2,0,0.6246,0.0559,2,0,5.5909,1.2129,5,0
434,13.96267738,-0.145544897,0.6022,0.0845,5,0,0.3068,0.0735,5,0,4.7904,1.8749,5,0,16.5337,2.6487,5,0
435,13.96807424,-0.131521454,0.4302,0.04,5,0,0.106,0.0267,2,0,0.6401,0.1212,2,0,4.2759,0.7102,5,0
436,13.97402695,-0.39554704,1.9852,0.0702,5,0,0.6277,0.1237,5,0,1.8377,0.2401,5,0,21.5092,1.7839,5,0
437,13.97730112,-0.746963554,0.081,0.009,5,0,0.0223,0.0059,5,0,0.1028,0.0129,5,0,1.426,0.1906,5,0
438,13.98306565,-0.788157658,0.0413,0.0056,5,0,0.0188,0.0033,5,0,0.0473,0.008,5,0,0.975,0.1292,5,0
439,13.98794324,-0.861115222,13.5563,0.2912,5,0,,,,,,,,,13.6908,0.5873,5,0
440,13.99608007,-0.416472817,1.5159,0.0642,5,0,0.4145,0.0439,5,0,2.5274,0.1461,5,0,36.3558,2.8861,5,0
441,14.0011535,0.334402564,0.3396,0.0421,5,0,0.1183,0.0161,5,0,0.3085,0.0474,5,0,6.4668,0.7964,5,0
442,14.03286096,-0.515706508,4.2881,0.1313,5,0,0.6388,0.1195,5,0,,,,,35.8575,3.191,5,0
443,14.10238598,0.090663078,3.0475,0.9002,5,0,1.5267,0.3183,5,0,,,,,316.7681,56.1422,5,0
444,14.11263901,-0.566534593,0.5725,0.1095,5,0,0.0591,0.016,5,0,1.9683,0.2512,5,0,51.8143,10.1324,5,0
445,14.15329979,-0.611250593,1.4394,0.1999,5,0,0.5309,0.0777,5,0,2.7586,0.3987,5,0,31.5665,3.0225,5,0
446,14.17426771,0.023028923,1.3225,0.2785,5,0,0.9022,0.0685,5,0,6.3002,0.2243,5,0,93.8224,7.8386,5,0
447,14.20706707,-0.109407963,1.1612,0.2344,5,0,0.4879,0.0534,5,0,2.7646,0.2835,5,0,66.6538,5.1153,5,0
448,14.25799614,-0.549882427,1.4835,0.0841,5,0,0.5518,0.0748,5,0,1.3849,0.1851,5,0,13.7302,1.2615,5,0
449,14.27603309,-0.159669941,6.2954,0.1831,5,0,0.9741,0.2802,5,0,,,,,4.1047,0.1851,5,0
450,14.30262134,-1.027616522,0.1499,0.0367,5,0,0.1412,0.0339,5,0,2.2879,0.4918,5,0,5.3412,3.4833,5,0
451,14.32169066,0.025635907,0.6326,0.1045,5,0,0.2223,0.0333,5,0,1.1657,0.1423,5,0,30.3776,1.5326,5,0
452,14.33123693,-0.638866368,2.6798,1.0367,5,0,0.7099,0.2798,5,0,,,,,373.4011,197.5575,5,0
453,14.34539065,0.262210991,0.1289,0.0218,5,0,0.0659,0.0093,5,0,0.1733,0.0271,5,0,1.7305,0.2926,5,0
454,14.3519368,-0.643270142,1.4972,0.6252,5,0,1.2576,0.4461,5,0,12.1894,2.2307,5,0,93.5185,46.1815,5,0
455,14.36048541,0.086240763,0.3777,0.0442,5,0,0.1253,0.0156,5,0,0.8852,0.1039,5,0,16.541,1.8199,5,0
456,14.37520227,-0.517781231,0.2873,0.0232,5,0,0.0909,0.0149,5,0,0.1809,0.0248,5,0,5.5448,0.8413,5,0
457,14.38564748,0.10741219,0.4173,0.044,5,0,0.1405,0.0239,5,0,0.5065,0.0444,5,0,14.4554,1.2481,5,0
458,14.39022709,-0.02127228,0.5014,0.1301,5,0,0.327,0.0499,5,0,3.0256,0.2931,5,0,48.7683,4.7826,5,0
459,14.4056702,-0.204848136,0.6362,0.1473,5,0,0.161,0.0464,5,0,0.4616,0.0615,5,0,8.214,1.2941,5,0
460,14.41861234,-0.689869363,0.5737,0.0388,5,0,0.1621,0.0111,2,0,2.6699,0.0668,2,0,17.1845,2.4213,5,0
461,14.44757764,-0.596412915,0.4552,0.1011,5,0,0.211,0.0409,5,0,1.0592,0.1457,5,0,6.3117,2.1587,5,0
462,14.47805647,-0.106743327,0.4921,0.2903,5,0,0.5971,0.2988,5,0,4.2005,1.6718,5,0,49.0667,12.627,5,0
463,14.47945679,-0.003675042,0.4329,0.1822,5,0,0.1882,0.0631,5,0,1.2769,0.2888,5,0,46.922,11.9078,5,0
464,14.49014338,0.02152815,1.8122,0.3846,5,0,0.6927,0.1672,5,0,5.9037,0.7054,5,0,125.0603,23.1222,5,0
465,14.50699318,-0.266657878,0.3046,0.0266,5,0,0.0845,0.0157,5,0,0.137,0.0201,5,0,5.438,0.9063,5,0
466,14.59094831,-0.125034982,1.4218,0.1425,5,0,0.3073,0.0607,5,0,1.2876,0.1449,5,0,40.5631,5.6009,5,0
467,14.60650523,0.01715679,0.216,0.0625,5,0,0.192,0.1673,5,0,,,,,34.7399,8.5619,5,0
468,14.62999893,0.301694857,5.4329,0.7958,5,0,1.3232,0.2793,5,0,5.6895,0.3962,5,0,108.7918,18.1913,5,0
469,14.64150898,0.633652423,1.4669,0.1502,5,0,0.4817,0.0812,5,0,1.1769,0.1369,5,0,30.2175,3.5253,5,0
470,14.64290613,-0.777167875,0.0354,0.3023,5,0,0.1809,0.0347,5,0,0.7058,0.1115,5,0,11.2567,0.7888,5,0
471,14.66313539,0.027972458,0.7119,0.1301,5,0,0.2297,0.0364,5,0,1.7053,0.1957,5,0,18.1569,3.1866,5,0
472,14.67822389,-0.205043208,0.1679,0.0039,5,0,0.041,0.0076,5,0,0.0996,0.0097,5,0,3.2337,0.3638,5,0
473,14.67849302,0.039420633,0.5377,0.0133,5,0,0.2899,0.0724,5,0,0.5308,0.0708,5,0,0.2699,0.0442,5,0
474,14.68382292,0.028184078,0.6847,0.1273,5,0,0.1432,0.025,5,0,0.3585,0.0601,5,0,7.3023,1.4634,5,0
475,14.76710618,0.286792032,0.4429,0.0186,5,0,0.2175,0.0236,5,0,0.6677,0.0488,5,0,16.1127,1.211,5,0
476,14.77856336,-0.332939978,0.3166,0.0113,5,0,0.2663,0.0231,5,0,4.8756,0.1823,5,0,54.7268,1.8093,5,0
477,14.81726428,-0.113569734,0.6425,0.0654,5,0,0.181,0.0407,5,0,0.207,0.0406,5,0,6.5306,0.7766,5,0
478,14.84410215,-0.310485207,0.7606,0.1189,5,0,0.2996,0.015,5,0,0.2773,0.0287,5,0,7.3894,0.6333,5,0
479,14.8829154,-0.196536505,0.3584,0.022,5,0,0.109,0.0115,5,0,0.1937,0.0137,5,0,6.2391,0.2512,5,0
480,14.88934539,-0.401649134,11.1394,1.0085,5,0,2.863,0.4101,5,0,,,,,248.7826,21.226,5,0
481,14.92174397,0.069685087,5.5685,0.7348,5,0,1.6972,0.2722,5,0,12.0504,1.4941,5,0,162.1224,24.9481,5,0
482,14.92586147,0.021876161,1.5274,0.1358,5,0,0.491,0.1065,5,0,0.6005,0.1127,5,0,24.193,5.7961,5,0
483,14.97784659,-0.955543641,38.9176,0.5062,5,0,,,,,,,,,44.5425,1.4792,5,0
484,14.9825125,0.028585326,0.0808,0.014,5,0,0.0264,0.0056,5,0,0.1394,0.0177,5,0,2.338,0.5512,5,0
485,14.9868467,-0.122040752,0.4359,0.0354,5,0,0.0943,0.0431,5,0,0.8021,0.3253,5,0,27.286,12.0075,5,0
486,15.05279247,0.082080435,0.3028,0.0122,5,0,0.0866,0.0098,5,0,0.2462,0.0202,5,0,4.0229,0.307,5,0
487,15.07535676,-0.121276218,1.8686,0.2388,5,0,0.9551,0.1717,5,0,6.1219,0.7588,5,0,69.1295,10.2619,5,0
488,15.07993321,-0.983867006,0.4112,0.109,5,0,0.2378,0.0389,5,0,0.2525,0.0442,5,0,7.6978,1.4653,5,0
489,15.08117608,-0.947882579,0.4324,0.0734,5,0,0.1672,0.0219,5,0,0.4633,0.0658,5,0,8.8786,1.6304,5,0
490,15.12964334,-0.525351409,1.3554,0.361,5,0,,,,,5.1381,1.8639,5,0,45.6225,7.549,5,0
491,15.17661757,0.04350014,0.5906,0.1264,5,0,0.2054,0.0317,5,0,1.1829,0.0682,5,0,30.9011,3.5779,5,0
492,15.18331972,-0.152439106,3.5999,1.1856,5,0,1.3523,0.3489,5,0,,,,,117.3508,33.5057,5,0
493,15.18334378,-0.163052861,1.4134,0.1093,5,0,0.3954,0.0394,5,0,,,,,56.5915,4.8932,5,0
494,15.19470283,0.234179169,0.0482,0.0112,5,0,0.0153,0.0034,5,0,0.042,0.0076,5,0,0.7908,0.1556,5,0
495,15.2170683,0.284735649,5.6505,0.2659,5,0,0.4637,0.1746,5,0,3.3159,0.4218,5,0,0.4957,0.0921,5,0
496,15.28006749,-0.597802927,0.7048,0.1421,5,0,0.3345,0.0525,5,0,2.4585,0.1656,5,0,19.5466,3.5228,5,0
497,15.36476192,-0.416129859,5.5762,0.2439,5,0,1.4123,0.121,5,0,,,,,156.0982,7.3987,5,0
498,15.45670626,0.117465364,0.3151,0.0136,5,0,0.0874,0.0155,5,0,0.191,0.0226,5,0,5.3413,0.6178,5,0
499,15.45917609,0.253139842,0.0961,0.0507,5,0,0.0254,0.0043,5,0,0.0538,0.0057,5,0,3.3963,0.4969,5,0
500,15.48419102,-0.515376566,0.2648,0.0114,5,0,0.1025,0.0146,5,0,0.1765,0.0184,5,0,4.0198,0.374,5,0
501,15.50748329,-0.384675624,5.6969,0.1174,5,0,0.6033,0.247,5,0,4.3721,0.5587,5,0,1.2285,0.1176,5,0
502,15.51648975,-1.019027406,0.112,0.0309,5,0,0.0601,0.0102,5,0,0.8699,0.12,5,0,5.01,1.1831,5,0
503,15.52094144,0.189649254,1.5076,0.1391,5,0,0.4931,0.1132,5,0,2.8185,0.5294,5,0,46.9974,9.5236,5,0
504,15.54919757,-1.006640925,1.2262,0.0561,5,0,0.7544,0.0822,5,0,4.9403,0.1288,5,0,20.7512,0.6626,5,0
505,15.56517162,-0.639716737,0.0764,0.004,5,0,0.0155,0.002,5,0,0.0393,0.0029,5,0,1.1719,0.073,5,0
506,15.63770001,-0.231243028,0.4292,0.0189,5,0,0.1787,0.0231,5,0,0.177,0.0455,5,0,5.8247,0.8119,5,0
507,15.64050356,-0.218749243,0.3577,0.0097,5,0,0.1626,0.0205,5,0,1.8168,0.1309,5,0,5.2314,0.3465,5,0
508,15.65403967,-0.224537049,0.2186,0.0457,5,0,0.0654,0.0122,5,0,1.4451,0.1084,5,0,15.3828,0.6917,5,0
509,15.65596291,-0.479154488,0.5672,0.0566,5,0,0.1404,0.0202,5,0,0.3598,0.0281,5,0,16.4533,1.2486,5,0
510,15.67464561,-0.417496938,0.1014,0.0407,5,0,0.0271,0.004,5,0,0.0993,0.0075,5,0,0.2977,0.0458,5,0
511,15.75727808,-0.223249349,0.0343,0.0313,5,0,0.0145,0.0031,5,0,0.0685,0.0047,5,0,1.6042,0.1264,5,0
512,15.82102108,-0.312522095,0.3007,0.0405,5,0,0.1026,0.0174,5,0,0.2155,0.0214,5,0,1.2709,0.1267,5,0
513,15.89854257,0.551625224,0.4271,0.0771,5,0,0.1315,0.0236,5,0,0.8158,0.0447,5,0,14.1283,2.3155,5,0
514,15.91792317,-0.699974361,0.123,0.025,5,0,0.0256,0.0064,5,0,0.0682,0.011,5,0,0.581,0.1233,5,0
515,16.14400919,0.00808716,0.7206,0.1544,5,0,0.3135,0.0634,5,0,4.1783,0.4548,5,0,78.2873,8.4095,5,0
516,16.21792893,-0.090986816,0.4736,0.05,5,0,0.1419,0.0114,5,0,0.7959,0.0343,5,0,13.5116,0.379,5,0
517,16.29589528,-0.181305962,0.345,0.0291,5,0,0.1099,0.0141,5,0,1.653,0.1391,5,0,18.9994,1.1649,5,0
518,16.31100068,-0.476608759,0.8676,0.098,5,0,0.2972,0.0467,5,0,2.9458,0.2261,5,0,75.9097,7.4036,5,0
519,16.3116153,-0.745918858,0.3883,0.0328,5,0,0.1527,0.0369,5,0,0.3903,0.0402,5,0,9.0303,1.4856,5,0
520,16.33521632,-0.075041295,0.4626,0.0699,5,0,0.1227,0.011,5,0,0.272,0.035,5,0,11.5348,0.3461,5,0
521,16.33577263,-0.580432284,1.2795,0.0468,5,0,0.3268,0.0413,5,0,1.458,0.1065,5,0,28.013,2.3783,5,0
522,16.3481904,-0.086905219,0.8591,0.0338,5,0,0.2267,0.0361,5,0,1.0579,0.0861,5,0,11.306,1.4264,5,0
523,16.36072941,-0.20896755,8.0677,1.1336,5,0,,,,,,,,,161.019,37.3557,5,0
524,16.36427551,-0.060244703,0.5036,0.0556,5,0,0.1406,0.0264,5,0,0.6357,0.1518,5,0,5.8118,0.5417,5,0
525,16.3692192,-0.210955801,1.3941,0.0378,5,0,0.2346,0.0288,2,0,1.8676,0.1257,2,0,22.78,1.2441,5,0
526,16.37818719,-0.305365278,0.1655,0.0353,5,0,0.0792,0.0139,5,0,0.2332,0.044,5,0,10.5862,1.8773,5,0
527,16.39071788,-0.137724192,0.6718,0.1338,5,0,0.3107,0.0631,5,0,2.3428,0.3249,5,0,53.8864,9.7703,5,0
528,16.41646914,0.877559299,1.1706,0.0432,5,0,0.4257,0.0993,5,0,1.7572,0.1977,5,0,2.2634,0.4334,5,0
529,16.41764773,0.443959092,0.4175,0.0365,5,0,0.1359,0.0208,5,0,0.2532,0.0243,5,0,5.5415,0.6494,5,0
530,16.41868353,0.882704531,0.2592,0.0185,5,0,0.1568,0.0177,5,0,1.0766,0.0934,5,0,2.534,1.3603,5,0
531,16.41896967,-0.37083833,0.2546,0.1385,5,0,0.0878,0.0198,5,0,0.2665,0.0716,5,0,14.266,3.1219,5,0
532,16.42521587,0.445453902,0.0709,0.0554,5,0,0.0305,0.0083,5,0,0.0857,0.0207,5,0,2.9572,1.7455,5,0
533,16.44116912,-0.201579875,0.5401,0.1091,5,0,0.075,0.019,5,0,0.2209,0.0571,5,0,19.6199,2.9663,5,0
534,16.44441564,-0.193751313,0.2503,0.0502,5,0,0.1135,0.0242,5,0,1.2044,0.29,5,0,15.8116,3.4162,5,0
535,16.50670186,-0.42588911,0.2663,0.0271,5,0,0.0653,0.0124,5,0,0.1436,0.0179,5,0,11.4385,1.3919,5,0
536,16.57757667,-0.037318694,0.1678,0.0348,5,0,0.0299,0.0073,5,0,0.1762,0.0191,2,0,2.4891,0.5413,5,0
537,16.58004366,-0.04428973,0.3416,0.0603,5,0,0.0399,0.0077,5,0,0.5201,0.1648,2,0,12.4931,6.5927,5,0
538,16.58252183,-0.051855963,2.487,0.4507,5,0,0.5321,0.133,5,0,,,,,327.0674,73.5809,5,0
539,16.58447914,-0.034255482,0.3723,0.0195,5,0,0.0907,0.0163,5,0,0.247,0.0301,5,0,5.3737,0.7083,5,0
540,16.59322711,-0.461741608,1.2694,0.0385,5,0,0.3887,0.0394,5,0,0.7788,0.0394,5,0,25.2176,1.5763,5,0
541,16.66136166,-0.331685659,0.2231,0.0237,5,0,0.0809,0.008,5,0,1.0848,0.0342,5,0,18.4112,0.59,5,0
542,16.6990065,-0.305820158,0.1736,0.0138,5,0,0.0397,0.0078,5,0,0.9643,0.0235,2,0,7.1595,0.5512,5,0
543,16.69993988,-0.512756586,0.0725,0.061,5,0,0.0421,0.0085,5,0,0.113,0.0194,5,0,5.1812,1.0432,5,0
544,16.72777846,0.191819532,0.3064,0.0175,5,0,0.1367,0.0178,5,0,0.5444,0.0343,5,0,6.2397,0.6936,5,0
545,16.74560947,-0.003206019,0.1398,0.0062,5,0,0.0296,0.0023,5,0,0.1628,0.0106,5,0,4.4652,0.1202,5,0
546,16.75797914,0.012966174,0.151,0.0015,5,0,0.0288,0.0033,5,0,0.3915,0.0333,5,0,7.6314,0.804,5,0
547,16.79956954,0.060481124,1.1473,0.2442,5,0,0.3987,0.0813,5,0,1.6444,0.2286,5,0,36.4737,6.5363,5,0
548,16.82135164,-0.348157392,5.0106,0.2318,5,0,1.5316,0.2443,5,0,8.442,0.7919,5,0,123.1947,12.1638,5,0
549,16.82867549,0.080329676,0.2014,0.0241,5,0,0.05,0.0097,5,0,1.6297,0.0928,5,0,91.7974,4.8188,5,0
550,16.84670432,-0.376297041,0.1411,0.0114,5,0,0.0422,0.0042,5,0,0.281,0.0114,5,0,8.6413,0.2872,5,0
551,16.87152276,0.127043861,0.1179,0.0114,5,0,0.0327,0.0038,5,0,0.0813,0.0087,5,0,2.8812,0.1579,5,0
552,16.88406756,0.128093204,0.1804,0.0099,5,0,0.0426,0.0094,5,0,0.1946,0.0258,5,0,4.3704,0.615,5,0
553,16.88650524,0.081127869,0.29,0.0127,5,0,0.0836,0.0127,5,0,0.1705,0.0236,5,0,9.1185,0.7746,5,0
554,16.89062738,0.120112007,1.9743,0.0301,5,0,0.5036,0.1388,5,0,1.1675,0.078,5,0,9.4674,0.43,5,0
555,16.90652633,-0.65941029,0.1268,0.0464,5,0,0.0476,0.0087,5,0,0.0931,0.0133,5,0,3.7025,1.3571,5,0
556,16.91067482,0.122072559,0.6542,0.0297,5,0,0.3298,0.0538,5,0,1.1129,0.0999,5,0,2.9072,0.4434,5,0
557,16.91504467,0.144146463,0.4083,0.0158,5,0,0.1142,0.016,5,0,0.269,0.0211,5,0,8.6895,0.7612,5,0
558,16.92758988,0.960011778,10.3248,0.8618,5,0,,,,,,,,,246.2178,46.7091,5,0
559,16.94373904,-0.073678152,3.1018,0.255,5,0,1.2339,0.2342,5,0,,,,,462.681,20.6109,5,0
560,17.01382343,-0.222029113,0.0709,0.1488,5,0,-0.0016,0.008,5,0,0.2236,0.0077,5,0,6.4005,0.3333,5,0
561,17.02978946,-0.068972685,0.2258,0.0113,5,0,0.0373,0.0016,5,0,0.8371,0.0504,5,0,38.8328,1.5274,5,0
562,17.05898865,-0.207285132,0.3015,0.0303,5,0,0.2621,0.0143,5,0,0.2178,0.0086,5,0,23.3186,2.5112,5,0
563,17.11439394,-0.113022834,2.6373,0.119,5,0,0.8415,0.1037,5,0,8.2872,0.4344,5,0,126.3187,6.8451,5,0
564,17.12591009,0.143377367,0.2068,0.0323,5,0,0.0768,0.0123,5,0,0.2811,0.0258,5,0,13.3635,1.0615,5,0
565,17.1450561,-0.50979964,0.1545,0.0106,5,0,0.044,0.0054,5,0,0.142,0.0155,5,0,0.8593,0.1149,5,0
566,17.19686503,0.121794562,1.3037,0.0287,5,0,0.3606,0.0335,5,0,3.4058,0.1164,5,0,25.7773,1.4254,5,0
567,17.2214904,-0.186901991,0.6372,0.0208,5,0,0.203,0.0192,5,0,1.0219,0.0375,5,0,50.6761,2.2036,5,0
568,17.23318026,-0.182735254,0.4258,0.0086,5,0,0.0813,0.0038,5,0,1.5038,0.0656,5,0,22.0938,0.911,5,0
569,17.30644608,0.404954024,1.3776,0.0264,5,0,0.3621,0.0467,5,0,1.8242,0.1186,5,0,0.6022,0.1467,5,0
570,17.31645202,0.408554202,0.6311,0.0349,5,0,0.227,0.0279,5,0,0.5244,0.0463,5,0,4.9922,0.4076,5,0
571,17.31700762,0.392674591,0.427,0.1118,5,0,0.1871,0.0395,5,0,1.1476,0.1796,5,0,9.2945,3.9513,5,0
572,17.32902282,0.427705872,0.8298,0.1351,5,0,0.2819,0.0263,5,0,1.4453,0.128,5,0,9.5711,2.1139,5,0
573,17.33395813,-0.139469383,0.1198,0.016,5,0,0.022,0.0039,5,0,0.1481,0.0131,5,0,3.0317,0.4713,5,0
574,17.33794873,-0.135473683,0.2027,0.039,5,0,0.0362,0.0047,5,0,0.0879,0.0126,5,0,3.4734,0.4685,5,0
575,17.39116884,-0.289485716,4.5054,0.0567,5,0,1.052,0.3113,5,0,,,,,9.4019,0.2018,5,0
576,17.44607178,0.817004807,2.7621,0.274,5,0,0.597,0.114,5,0,2.844,0.2349,5,0,21.0927,2.2724,5,0
577,17.45055987,0.811548318,2.0463,0.0774,5,0,0.4801,0.0448,5,0,6.3658,0.3411,5,0,73.2255,3.9761,5,0
578,17.45882576,-0.202223307,0.4135,0.0575,5,0,0.0834,0.0146,5,0,0.1203,0.0309,5,0,3.7125,1.0731,5,0
579,17.45998085,-0.197274151,0.1727,0.0045,5,0,0.0485,0.0052,5,0,0.259,0.0215,5,0,2.4559,0.2559,5,0
580,17.46856352,0.136437518,0.1345,0.0049,5,0,0.0359,0.0038,5,0,0.1472,0.0072,5,0,3.5278,0.1829,5,0
581,17.47466951,-0.23639941,0.3101,0.0273,5,0,0.0658,0.0084,5,0,0.2229,0.0198,5,0,4.3682,0.1785,5,0
582,17.4815179,0.823148565,1.9848,0.0325,5,0,0.6099,0.0708,5,0,3.3413,0.1038,5,0,23.6722,1.3735,5,0
583,17.49612196,-0.456098416,0.1669,0.0251,5,0,0.0407,0.0046,5,0,0.0804,0.0052,5,0,3.8759,0.3728,5,0
584,17.5548778,0.164161962,0.6577,0.0991,5,0,0.1647,0.0286,5,0,1.6447,0.2422,5,0,32.6722,3.608,5,0
585,17.58830794,0.091748654,0.7387,0.0458,5,0,0.2251,0.0358,5,0,1.6397,0.0549,5,0,16.9874,1.3096,5,0
586,17.59311355,0.088267662,0.1621,0.1101,5,0,0.0424,0.013,5,0,0.6352,0.1961,5,0,13.0851,2.4095,5,0
587,17.61025208,-0.721867056,0.841,0.0257,5,0,0.2141,0.0202,5,0,1.4644,0.0491,5,0,32.5184,1.8041,5,0
588,17.62714336,-1.046105588,,,,,0.3282,0.0433,5,0,,,,,11.8968,0.8809,5,0
589,17.64845173,0.162318671,6.878,5.836,5,0,-0.0161,0.001,2,0,-0.1797,0.5501,2,0,657.5665,585.5994,5,0
590,17.65030234,0.150608176,2.9909,0.3821,5,0,0.7906,0.0692,2,0,,,,,56.6551,5.1133,5,0
591,17.67605869,-0.660488749,0.5845,0.0267,5,0,0.1482,0.0207,5,0,0.2109,0.0274,5,0,7.018,0.8544,5,0
592,17.69272287,-0.090885677,1.0783,0.0487,5,0,0.2432,0.0176,5,0,0.6843,0.0397,5,0,19.1009,1.3111,5,0
593,17.75777793,-0.194354684,0.162,0.0357,5,0,0.0413,0.0056,5,0,0.0975,0.0091,5,0,3.9028,0.3998,5,0
594,17.85960934,0.072409613,0.8694,0.0904,5,0,0.1836,0.0393,5,0,1.1699,0.2589,5,0,29.4015,8.1487,5,0
595,17.91928803,-0.002090749,0.2776,0.033,5,0,0.0911,0.0119,5,0,0.2755,0.0258,5,0,7.4825,0.5147,5,0
596,17.92090009,-0.669512446,0.9418,0.0369,5,0,0.2549,0.0411,5,0,0.8357,0.0826,5,0,16.0158,1.3654,5,0
597,17.92949392,-0.674342544,0.5875,0.1874,5,0,0.1803,0.0523,5,0,1.0884,0.5483,5,0,11.5769,2.1837,5,0
598,17.97948041,0.233381776,0.474,0.0406,5,0,0.1883,0.0184,5,0,3.8233,0.1411,5,0,94.3288,2.5781,5,0
599,17.98123474,-0.199920854,0.2331,0.0113,5,0,0.0816,0.0091,5,0,0.3504,0.0235,5,0,8.1201,0.4482,5,0
600,17.98449747,0.127348493,1.2513,0.1165,5,0,0.4322,0.0565,5,0,1.9259,0.1492,5,0,46.6131,5.3901,5,0
601,17.9867911,-0.109824154,0.7015,0.0849,5,0,0.5825,0.117,5,0,6.0201,1.176,5,0,17.9618,4.9626,5,0
602,18.00421659,-0.349624199,0.3114,0.0265,5,0,0.1295,0.0153,5,0,0.2449,0.0244,5,0,5.3946,0.7924,5,0
603,18.06820343,-0.29893772,1.2164,0.5697,5,0,0.4981,0.1601,5,0,3.1515,0.6999,5,0,20.6699,7.6582,5,0
604,18.07907549,-0.298821427,0.6034,0.1138,5,0,0.159,0.027,5,0,0.8115,0.061,5,0,13.1741,1.9272,5,0
605,18.1035916,0.051134742,0.779,0.1093,5,0,0.1397,0.0092,5,0,0.3424,0.0189,5,0,15.6919,0.5432,5,0
606,18.14638523,0.187631488,0.342,0.0225,5,0,0.0855,0.0138,5,0,0.2632,0.0237,5,0,8.1141,0.5772,5,0
607,18.14698759,0.104692137,0.3202,0.0638,5,0,0.0716,0.0123,5,0,0.0888,0.0158,5,0,7.705,0.5335,5,0
608,18.16628355,0.336525268,1.4428,0.3969,5,0,0.5447,0.1025,5,0,1.3524,0.1652,5,0,35.2956,5.9461,5,0
609,18.17980607,-0.387528193,8.8792,0.1349,5,0,0.5688,0.1742,5,0,4.0863,0.5612,5,0,4.6673,0.137,5,0
610,18.21018992,0.518671537,0.202,0.0288,5,0,0.0627,0.0048,5,0,0.0945,0.0146,5,0,2.9791,0.2912,5,0
611,18.21599197,-0.223077986,7.9065,0.3716,5,0,1.0034,0.1567,5,0,,,,,123.9592,8.3638,5,0
612,18.22456353,0.362602623,0.0805,0.0288,5,0,0.0079,0.0019,5,0,0.1105,0.0172,5,0,1.6029,0.2133,5,0
613,18.23095227,0.370944342,0.0634,0.0068,5,0,0.0269,0.0058,5,0,0.0951,0.0134,5,0,1.5631,0.2618,5,0
614,18.25723505,-0.255545584,1.0291,0.2325,5,0,0.1189,0.0295,5,0,1.3828,0.2305,5,0,19.4434,4.6971,5,0
615,18.29784962,-0.846324243,0.1264,0.0162,5,0,0.0659,0.0108,5,0,0.142,0.0161,5,0,1.3009,0.2448,5,0
616,18.30415563,-0.391558817,28.3547,7.1731,5,0,,,,,,,,,1308.337,286.1857,5,0
617,18.31627793,-0.840137103,0.101,0.0586,5,0,0.0474,0.0084,5,0,0.0652,0.0136,5,0,0.8011,0.2169,5,0
618,18.31938852,-0.733100936,0.7209,0.0359,5,0,0.221,0.0067,5,0,0.6617,0.0369,5,0,7.3351,0.6457,5,0
619,18.32397681,-0.73178345,0.1271,0.0341,5,0,0.0062,0.0008,5,0,0.0581,0.029,5,0,0.2302,0.1355,5,0
620,18.32406655,-0.736013726,0.1069,0.0099,5,0,0.0108,0.0021,5,0,0.0361,0.0077,5,0,0.4306,0.1322,5,0
621,18.35600859,0.6767439,0.0547,0.0084,5,0,0.0279,0.0082,5,0,0.0263,0.0034,5,0,0.2856,0.0792,5,0
622,18.35907321,-0.165915053,0.535,0.0119,5,0,0.1619,0.0269,5,0,0.3133,0.0337,5,0,7.4268,0.9027,5,0
623,18.38657492,0.143166715,0.5164,0.022,5,0,0.1279,0.0149,5,0,0.2575,0.0191,5,0,11.1811,1.0043,5,0
624,18.41875602,-0.96826358,3.5791,0.2177,5,0,0.9202,0.2324,5,0,,,,,0.6579,0.1517,5,0
625,18.43670628,-0.379435667,0.1076,0.0371,5,0,0.0761,0.019,5,0,0.2593,0.035,5,0,2.1934,0.4571,5,0
626,18.44300823,0.001482186,0.2934,0.0904,5,0,0.0699,0.0191,5,0,0.5113,0.1079,5,0,11.1407,2.7903,5,0
627,18.44532735,-0.899448886,0.0767,0.0238,5,0,0.0872,0.0209,5,0,0.5972,0.1698,5,0,2.1688,0.5351,5,0
628,18.45682724,-0.000867848,0.254,0.0225,5,0,0.0126,0.002,5,0,,,,,10.584,4.3886,5,0
629,18.47297014,-0.382226217,0.32,0.1662,5,0,0.0292,0.0047,5,0,0.2211,0.0228,5,0,4.6637,1.0313,5,0
630,18.48698196,-0.016035298,0.2781,0.0252,5,0,0.0228,0.0059,5,0,0.2854,0.1225,5,0,2.6205,0.8895,5,0
631,18.48962948,-0.018274676,0.6116,0.0887,5,0,0.1497,0.0462,5,0,2.3194,0.3418,5,0,31.0454,6.3787,5,0
632,18.50042094,-0.256179004,-0.2789,0.5164,5,0,0.0384,0.0103,5,0,0.3864,0.0437,5,0,2.4026,0.3953,5,0
633,18.51770481,0.307636305,0.1445,0.0036,5,0,0.021,0.0028,5,0,0.0888,0.0051,5,0,1.9686,0.1996,5,0
634,18.52349082,-0.296260378,0.4509,0.0273,5,0,0.1518,0.0286,5,0,1.1586,0.0732,5,0,24.1058,2.2231,5,0
635,18.52830116,-0.341562822,0.0612,0.005,5,0,0.014,0.0034,5,0,0.0744,0.0076,5,0,1.8118,0.2397,5,0
636,18.54841712,0.222946943,0.0827,0.0066,5,0,0.0301,0.0065,5,0,0.0508,0.0073,5,0,1.0078,0.1545,5,0
637,18.58707622,0.344852579,0.1854,0.0446,5,0,0.1098,0.0242,5,0,1.211,0.4076,5,0,8.2788,2.3289,5,0
638,18.59404788,-0.505212484,0.0628,0.0141,5,0,0.0154,0.0034,5,0,0.0506,0.0092,5,0,0.5278,0.1412,5,0
639,18.60755707,-0.232642203,0.1901,0.0267,5,0,0.0503,0.0104,5,0,0.1524,0.0191,5,0,2.5369,0.4308,5,0
640,18.62311228,0.297307634,0.1462,0.0241,5,0,0.0076,0.002,5,0,0.1777,0.0347,5,0,3.3713,0.2991,5,0
641,18.65533874,-0.058318046,6.222,0.4898,5,0,,,,,,,,,197.8247,17.2852,5,0
642,18.65919848,0.054352182,0.2319,0.0302,5,0,0.0225,0.0075,5,0,0.0969,0.0177,5,0,3.9249,0.3773,5,0
643,18.66075645,0.037443484,0.3571,0.0554,5,0,0.1645,0.0371,5,0,2.2421,0.1675,5,0,8.4663,2.7481,5,0
644,18.66136168,-0.383834752,0.1409,0.0336,5,0,0.0336,0.0108,5,0,0.3272,0.0422,5,0,2.4084,0.5072,5,0
645,18.66692896,0.051721458,0.4857,0.0302,5,0,0.0715,0.005,5,0,0.3153,0.0119,5,0,8.8006,1.0156,5,0
646,18.67116312,0.027996294,0.249,0.0889,5,0,0.025,0.0082,5,0,0.3384,0.0301,5,0,6.9608,0.9415,5,0
647,18.67289294,-0.237789316,1.9766,0.2104,5,0,0.9829,0.1936,5,0,5.9561,0.8316,5,0,82.5445,14.1395,5,0
648,18.68536679,-0.230729698,0.5644,0.0239,5,0,0.1335,0.0181,5,0,1.5477,0.1268,5,0,16.3086,1.3267,5,0
649,18.69784337,-0.224983093,0.3127,0.0854,5,0,0.0536,0.0166,5,0,0.4749,0.1344,5,0,7.7928,2.3976,5,0
650,18.70863501,-0.126421007,9.1112,0.4012,5,0,,,,,,,,,1.8626,0.1127,5,0
651,18.73299382,-0.23128179,0.4385,0.0292,5,0,0.0919,0.0138,5,0,0.8695,0.0676,5,0,13.7261,2.7941,5,0
652,18.74580353,0.250887178,1.1519,0.1306,5,0,0.3175,0.0497,5,0,4.625,0.6052,5,0,33.1109,2.572,5,0
653,18.76107537,0.263307143,1.0322,0.0519,5,0,0.1441,0.0142,5,0,3.0454,0.2949,5,0,85.3494,6.3552,5,0
654,18.76254086,0.270315053,1.5031,0.15,5,0,0.4075,0.0557,5,0,3.8817,0.3555,5,0,62.2095,9.3592,5,0
655,18.76524019,0.262022314,1.2174,0.0982,5,0,0.1112,0.0157,5,0,2.1163,0.3737,5,0,19.9253,3.892,5,0
656,18.79403501,-0.289251538,0.3562,0.0106,5,0,0.1623,0.0203,5,0,0.4108,0.0253,5,0,2.7431,0.213,5,0
657,18.82145204,-0.080101163,0.8248,0.0627,5,0,0.2239,0.021,5,0,0.7651,0.0276,5,0,25.0701,1.8907,5,0
658,18.83252421,-0.30107571,2.8927,0.0733,5,0,0.9273,0.1972,5,0,,,,,320.5723,11.8844,5,0
659,18.83531083,-0.13661342,0.3552,0.173,5,0,0.0456,0.0221,5,0,0.1067,0.0484,5,0,9.8885,0.8816,5,0
660,18.88415273,0.055547949,2.2809,0.2461,5,0,0.3723,0.0333,5,0,0.4822,0.0263,5,0,35.8358,6.8381,5,0
661,18.88430845,0.049539472,5.3602,2.1803,5,0,1.5924,0.698,5,0,5.5374,2.3172,5,0,106.2732,48.3285,5,0
662,18.89728573,-0.281614277,0.6477,0.0292,5,0,0.1576,0.0148,5,0,1.5956,0.0674,5,0,16.408,1.2525,5,0
663,18.90588112,-0.625361603,1.0121,0.1041,5,0,0.2314,0.0159,5,0,1.8134,0.0309,5,0,63.7478,2.7058,5,0
664,18.94891142,-0.77516592,0.7159,0.0873,5,0,0.3508,0.0309,5,0,1.894,0.0604,5,0,14.3977,1.3964,5,0
665,18.94993087,-0.010567484,3.1351,0.8235,5,0,0.5432,0.1696,5,0,4.3014,0.9101,5,0,37.3241,4.9794,5,0
666,19.00287683,-0.08506071,3.7165,0.3339,5,0,0.8653,0.0695,5,0,7.2331,0.2598,5,0,151.6217,10.8774,5,0
667,19.00615203,-0.036151953,1.9546,0.1002,5,0,0.3257,0.0471,5,0,1.0786,0.0826,5,0,33.6354,5.145,5,0
668,19.04707428,-0.053731865,0.618,0.1198,5,0,0.1715,0.0296,5,0,0.3069,0.0432,5,0,4.7968,0.7966,5,0
669,19.05028367,-0.593457352,0.5582,0.058,5,0,0.4977,0.0667,5,0,4.6613,0.4222,5,0,8.0504,0.8794,5,0
670,19.05894833,0.566755491,0.1693,0.0606,5,0,0.0873,0.013,5,0,0.9912,0.0642,5,0,9.2246,2.0333,5,0
671,19.07528253,-0.287126966,6.8877,0.4541,5,0,,,,,,,,,1045.3354,39.1569,5,0
672,19.11791052,-0.335225269,0.572,0.1062,5,0,0.6775,0.0636,5,0,11.4901,0.8315,5,0,23.2402,2.2549,5,0
673,19.1264804,-0.068915455,0.1943,0.0191,5,0,0.0496,0.0043,5,0,0.1996,0.0133,5,0,0.734,0.0546,5,0
674,19.14533317,0.355179152,0.9139,0.0525,5,0,0.2646,0.0157,5,0,3.109,0.109,5,0,35.5532,0.499,5,0
675,19.18419949,-0.315967432,0.7326,0.1486,5,0,0.1859,0.0184,5,0,1.195,0.0468,5,0,26.1767,1.3684,5,0
676,19.221158,-0.643472323,1.2904,0.0729,5,0,0.3408,0.0235,5,0,0.5371,0.0295,5,0,26.2985,1.4928,5,0
677,19.22440034,0.300524599,0.1579,0.0226,5,0,0.0796,0.0119,5,0,0.2801,0.033,5,0,4.8498,0.5005,5,0
678,19.23308962,0.319147844,0.2391,0.0526,5,0,0.0972,0.0147,5,0,0.3651,0.013,5,0,6.4989,0.4633,5,0
679,19.27464702,-0.198047215,0.1793,0.0187,5,0,0.0174,0.0025,5,0,0.0906,0.0068,5,0,2.463,0.2609,5,0
680,19.30920656,-0.374593536,0.8705,0.2854,5,0,0.4073,0.0647,5,0,2.7399,0.2387,5,0,39.8703,15.5188,5,0
681,19.33306354,-0.24529518,0.2728,0.0078,5,0,0.072,0.0114,5,0,0.4334,0.0271,5,0,11.6878,0.6387,5,0
682,19.35607922,-0.034395167,1.4087,0.0559,5,0,0.367,0.0532,5,0,3.2441,0.1768,5,0,41.2177,2.8209,5,0
683,19.35786059,0.102939096,0.3435,0.051,5,0,0.0746,0.0146,5,0,0.2394,0.0293,5,0,6.939,0.6789,5,0
684,19.36288147,-0.015474155,0.3084,0.1803,5,0,0.2952,0.1083,5,0,2.4686,0.4296,5,0,23.1647,8.9182,5,0
685,19.44118432,0.150037582,1.0472,0.0429,5,0,0.2673,0.0246,5,0,1.3498,0.0585,5,0,34.5695,1.9938,5,0
686,19.47473457,0.173013097,0.397,0.0591,5,0,0.0736,0.0123,5,0,1.941,0.2341,5,0,125.071,40.4386,5,0
687,19.49032498,0.135169596,2.8047,0.5321,5,0,,,,,,,,,153.8332,34.2113,5,0
688,19.49458572,-0.206853653,0.6375,0.0641,5,0,0.2081,0.0031,5,0,1.407,0.0083,5,0,26.7612,0.3533,5,0
689,19.5056847,-0.449770706,2.2202,0.1112,6,0,0.5757,0.0551,6,0,0.9454,0.0643,6,0,30.2936,2.2878,6,0
690,19.60459095,-0.901290073,5.3279,0.7662,6,0,1.328,0.3443,6,0,,,,,167.95,26.7362,6,0
691,19.60930195,-0.236323828,14.4774,0.4403,6,0,,,,,,,,,3289.123,130.5101,6,0
692,19.60941251,-0.231259828,3.5599,2.134,6,0,,,,,,,,,1034.9001,634.455,6,0
693,19.61178936,-0.255522891,0.7344,0.0653,6,0,0.1086,0.0246,4,0,1.2524,0.111,4,0,21.0191,3.1151,6,0
694,19.6123571,-0.133972907,0.7064,0.1918,6,0,0.1089,0.0342,6,0,1.4094,0.2325,6,0,40.6813,9.8465,6,0
695,19.61466195,-0.239489369,2.7569,2.0807,6,0,,,,,,,,,484.3878,430.4944,6,0
696,19.63118543,-0.641691185,0.0904,0.0055,6,0,0.0571,0.0071,6,0,0.0822,0.0111,6,0,2.0984,0.2461,6,0
697,19.67964602,-0.130059324,1.8557,0.328,6,0,0.8202,0.1341,6,0,,,,,93.0362,11.9136,6,0
698,19.68870838,-0.247836637,0.2663,0.0167,6,0,0.0605,0.0082,6,0,0.4891,0.038,6,0,6.4757,0.4408,6,0
699,19.6979539,-0.267959469,0.5744,0.0269,6,0,0.202,0.0436,6,0,2.3253,0.2946,6,0,70.6561,5.8979,6,0
700,19.70125963,-0.257795275,0.2316,0.0136,6,0,0.0494,0.0085,6,0,0.334,0.0273,6,0,11.4534,0.9924,6,0
701,19.70502758,-0.239637277,0.1164,0.0051,6,0,0.0232,0.0029,6,0,0.1377,0.0111,6,0,5.5821,0.4523,6,0
702,19.72742087,-0.113139456,1.7916,0.0514,6,0,0.6275,0.0326,6,0,6.5048,0.0866,6,0,132.3603,3.0218,6,0
703,19.74128107,0.280191434,3.1971,0.2785,6,0,1.6974,0.1044,6,0,9.6832,0.2248,6,0,141.7892,8.6204,6,0
704,19.80961331,-0.465553479,0.5949,0.0135,6,0,0.1698,0.0207,6,0,0.7686,0.0501,6,0,11.924,0.7337,6,0
705,19.81101708,-0.516126234,0.9075,0.0584,6,0,0.3498,0.0531,6,0,0.7301,0.069,6,0,5.2679,0.8372,6,0
706,19.82111471,-0.321670625,0.4864,0.0838,6,0,0.1728,0.0099,6,0,6.7504,0.4705,6,0,35.1278,3.3604,6,0
707,19.83103088,-0.893506758,1.0833,0.0609,6,0,0.4389,0.0404,6,0,1.0724,0.0611,6,0,12.1097,0.8091,6,0
708,19.83166468,-0.777786331,5.6949,0.4015,6,0,1.8387,0.3124,6,0,,,,,108.9854,8.7826,6,0
709,19.85780545,-0.478748002,1.2695,0.1404,6,0,0.7029,0.0822,6,0,2.4448,0.1586,6,0,20.9668,1.7482,6,0
710,19.87625264,-0.092518405,0.6379,0.0221,6,0,0.2145,0.0275,6,0,0.7064,0.0608,6,0,17.6879,1.7629,6,0
711,19.88054356,-0.53004216,0.3006,0.1327,6,0,0.0696,0.0347,6,0,1.5123,0.8505,6,0,100.0331,56.0599,6,0
712,19.88988201,-0.517962313,0.1595,0.0194,6,0,0.0357,0.0052,6,0,0.2679,0.027,6,0,3.4745,0.4022,6,0
713,19.90935319,-0.807897878,0.6368,0.0107,6,0,0.3676,0.036,6,0,0.7872,0.0423,6,0,2.6402,0.2311,6,0
714,20.03085947,0.311308377,0.1827,0.0261,6,0,0.0699,0.01,6,0,0.8524,0.0684,6,0,27.5343,1.0522,6,0
715,20.07186882,-0.142031499,2.0635,0.179,4,0,0.7152,0.134,6,0,,,,,82.8318,11.1799,6,0
716,20.07876647,-0.137957267,,,,,0.8432,0.1279,6,0,,,,,1499.6643,69.0419,6,0
717,20.09033181,0.486015947,4.6824,0.066,6,0,1.067,0.2146,6,0,5.6276,0.4757,6,0,2.6095,0.1464,6,0
718,20.15313342,-0.054517622,0.0827,0.0241,6,0,0.0281,0.009,6,0,0.0546,0.0158,6,0,1.1317,0.3493,6,0
719,20.20275083,-0.409671371,2.1051,0.0392,6,0,0.6186,0.0965,6,0,1.8819,0.109,6,0,0.2166,0.0503,6,0
720,20.23463004,0.084123682,0.3978,0.0194,6,0,0.1138,0.0065,6,0,0.5075,0.0125,6,0,14.0738,0.3988,6,0
721,20.29712321,-0.21330398,0.362,0.0189,6,0,0.0437,0.013,6,0,0.2165,0.0411,6,0,12.7376,1.5569,6,0
722,20.31493141,0.071374932,0.3162,0.0388,6,0,0.0885,0.017,6,0,0.5524,0.0361,6,0,18.7086,1.2359,6,0
723,20.36212944,-0.01381293,0.2737,0.0151,6,0,0.1004,0.0158,6,0,2.7901,0.1071,6,0,72.3224,3.6021,6,0
724,20.40537819,0.545829048,0.1083,0.0037,6,0,0.0389,0.0048,6,0,0.0525,0.0041,6,0,1.486,0.1508,6,0
725,20.42459533,0.155285476,0.6577,0.0309,6,0,0.1741,0.0205,6,0,1.1048,0.0657,6,0,24.2886,1.2367,6,0
726,20.43225961,0.357132572,0.7936,0.0395,6,0,0.584,0.0851,6,0,6.5118,0.5809,6,0,62.9652,3.7026,6,0
727,20.4395164,-0.059756584,0.1819,0.0166,6,0,0.0591,0.011,6,0,0.1799,0.027,6,0,5.1112,0.5203,6,0
728,20.43994159,0.119145823,0.0933,0.0079,6,0,0.027,0.0053,6,0,0.065,0.0088,6,0,2.6005,0.1927,6,0
729,20.4606385,0.19076034,0.396,0.0289,6,0,0.0687,0.0098,6,0,0.5336,0.0296,6,0,15.3223,1.7648,6,0
730,20.56976079,-0.801304068,1.8056,0.0747,6,0,0.5816,0.085,6,0,4.3878,0.4676,6,0,10.0558,1.0417,6,0
731,20.5734247,-0.799958254,0.4006,0.2303,6,0,0.0472,0.0393,6,0,0.3886,0.3511,6,0,1.8201,0.9747,6,0
732,20.66757383,0.049495787,0.5877,0.064,6,0,0.1547,0.026,6,0,0.1555,0.0236,6,0,7.2323,0.9888,6,0
733,20.70861658,-0.288635232,3.5421,0.6705,6,0,0.5596,0.0719,6,0,1.3098,0.2108,6,0,40.789,2.5197,6,0
734,20.74308132,-0.085654372,0.7405,0.1139,6,0,0.1489,0.0232,6,0,1.6857,0.3658,4,0,40.2187,4.2385,6,0
735,20.74480042,-0.094656649,0.5028,0.0625,6,0,0.0737,0.0105,6,0,1.0621,0.162,4,0,11.8186,1.4344,6,0
736,20.7504326,-0.090244712,1.0474,0.0685,6,0,0.2623,0.0176,6,0,2.2439,0.1466,6,0,38.2886,9.1476,6,0
737,20.76200375,-0.064494482,5.3595,0.429,6,0,1.2735,0.1762,6,0,,,,,259.1789,8.4262,6,0
738,20.85262254,0.175503572,0.3322,0.051,6,0,0.0815,0.0085,6,0,0.2727,0.0152,6,0,7.387,0.4131,6,0
739,20.93858234,-0.800680406,0.51,0.0327,6,0,0.2469,0.0233,6,0,1.9159,0.1321,6,0,3.359,0.2414,6,0
740,20.96239978,-0.075044985,0.452,0.0562,6,0,0.1645,0.0278,6,0,2.0953,0.2521,6,0,71.1323,6.0601,6,0
741,20.97395708,-0.072622124,0.2749,0.0408,6,0,0.0907,0.0191,6,0,0.4932,0.0599,6,0,17.6517,2.3021,6,0
742,20.98208165,0.093739378,0.7256,0.0652,6,0,0.0847,0.0137,6,0,1.3527,0.3304,4,0,33.5259,6.0809,6,0
743,20.98588379,0.089603297,0.187,0.0353,6,0,0.0248,0.0048,6,0,,,,,2.5083,0.4462,6,0
744,20.99072748,0.090040983,0.4361,0.051,6,0,0.3498,0.1224,6,0,,,,,33.0524,8.7572,6,0
745,21.0039428,-0.055194794,0.8762,0.1267,6,0,0.2263,0.0213,6,0,1.4266,0.1048,6,0,44.7458,4.6243,6,0
746,21.13774482,-0.305881479,0.6899,0.1818,6,0,0.2754,0.0591,6,0,0.467,0.0803,6,0,18.5707,4.4553,6,0
747,21.18457667,-0.330545196,0.1709,0.0247,6,0,0.0203,0.0042,6,0,0.1339,0.016,6,0,3.8589,0.9008,6,0
748,21.24182243,-0.156476419,0.6408,0.0702,6,0,0.0613,0.0052,6,0,0.217,0.0113,6,0,13.7109,0.7017,6,0
749,21.25034724,0.055394278,1.1999,0.4633,6,0,0.1743,0.0243,6,0,3.5002,0.2294,6,0,16.054,0.7194,6,0
750,21.36431868,0.282683478,0.0694,0.0023,6,0,0.0225,0.0034,6,0,0.0392,0.0042,6,0,1.0311,0.0832,6,0
751,21.37207436,-0.229274805,0.8305,0.1652,6,0,0.1302,0.0251,6,0,1.0566,0.2239,6,0,14.1142,3.1462,6,0
752,21.37512815,-0.225271972,1.1614,0.0365,6,0,0.1792,0.018,6,0,1.8247,0.1232,6,0,30.3753,1.2897,6,0
753,21.38533519,-0.252804278,1.8779,0.0979,6,0,0.8472,0.1766,6,0,,,,,378.9799,34.1832,6,0
754,21.40659539,-0.254485194,0.1126,0.0042,6,0,0.0244,0.004,6,0,0.1058,0.0111,6,0,22.2071,1.0702,6,0
755,21.42528358,-0.658408057,2.3747,0.6093,6,0,0.7953,0.2447,6,0,1.4646,0.2365,6,0,44.6857,10.9919,6,0
756,21.42590091,-0.54094907,16.1802,0.5165,6,0,2.2238,0.3046,6,0,,,,,657.2856,39.3141,6,0
757,21.48393397,-0.23724822,0.9063,0.0481,6,0,0.2857,0.0195,6,0,0.5705,0.0194,6,0,16.6166,0.4955,6,0
758,21.49448526,-0.156843889,0.4785,0.0645,6,0,0.2229,0.0044,6,0,1.0245,0.0345,6,0,27.7516,0.4461,6,0
759,21.55785474,-0.128549984,0.1875,0.0112,6,0,0.0432,0.0063,6,0,0.1861,0.0153,6,0,4.7041,0.3675,6,0
760,21.58076335,-0.209955079,0.0845,0.0523,6,0,0.0525,0.0111,6,0,0.1231,0.0173,6,0,5.4099,0.2838,6,0
761,21.58923515,0.231602942,0.7337,0.045,6,0,0.2607,0.012,6,0,0.4903,0.0192,6,0,12.0993,0.3464,6,0
762,21.59662175,-0.16124108,0.5432,0.0343,6,0,0.1329,0.005,6,0,0.8035,0.03,6,0,31.2426,0.9422,6,0
763,21.60301238,-0.168402091,0.8112,0.0393,6,0,0.3116,0.0274,6,0,2.7442,0.1013,6,0,54.5752,2.6449,6,0
764,21.67891167,-0.540482894,0.0281,0.0266,6,0,0.0513,0.004,6,0,0.4422,0.0252,6,0,0.821,0.0743,6,0
765,21.6968315,-0.100483397,0.5947,0.0227,6,0,0.1406,0.0163,6,0,0.5117,0.0387,6,0,14.1636,0.9405,6,0
766,21.85702014,-0.130081833,0.6988,0.0531,6,0,0.1677,0.0085,6,0,0.3318,0.0067,6,0,11.8223,0.4715,6,0
767,21.87343324,0.007393147,3.9996,0.2583,6,0,1.1424,0.2409,6,0,,,,,352.4918,17.744,6,0
768,21.92398912,0.112784538,0.2629,0.0061,6,0,0.055,0.0072,6,0,0.2735,0.0198,6,0,5.2747,0.274,6,0
769,21.99635231,0.071122869,9.8564,0.5924,6,0,-0.3043,0.0207,6,0,,,,,6.6979,0.3199,6,0
770,22.01323573,-0.191754348,0.4696,0.0307,6,0,0.1705,0.0127,6,0,0.2493,0.0135,6,0,2.9279,0.3671,6,0
771,22.01922891,0.222672437,1.1888,0.021,6,0,0.6562,0.0812,6,0,1.4572,0.1064,6,0,0.5726,0.0882,6,0
772,22.03560376,0.226449761,1.4408,0.078,6,0,0.2748,0.0283,6,0,2.6107,0.1041,6,0,28.1473,2.8283,6,0
773,22.04242142,0.225086139,1.3038,0.1773,6,0,0.2099,0.0429,6,0,1.1134,0.1972,6,0,13.1073,7.3936,6,0
774,22.18086183,-0.104786021,0.2802,0.0872,6,0,0.0344,0.0175,6,0,0.0513,0.0125,6,0,4.1011,0.1824,6,0
775,22.22639177,0.280642274,0.2948,0.0373,6,0,0.0573,0.0072,6,0,0.35,0.0216,6,0,12.3651,0.6793,6,0
776,22.25682829,-0.880949436,3.0129,0.3037,6,0,1.1649,0.0948,6,0,3.1132,0.1778,6,0,43.3807,3.037,6,0
777,22.28851888,0.476035836,0.4187,0.0151,6,0,0.1194,0.0108,6,0,0.3494,0.0145,6,0,10.2288,0.4007,6,0
778,22.29313835,-0.096026041,0.1578,0.0112,6,0,0.0347,0.0045,6,0,0.2906,0.0202,6,0,7.5,0.4784,6,0
779,22.32885191,0.209395925,0.3182,0.0107,6,0,0.0481,0.0018,6,0,0.2852,0.0147,6,0,8.2075,0.2125,6,0
780,22.34072724,0.426410532,0.1593,0.0137,6,0,0.0244,0.0026,6,0,0.1243,0.0092,6,0,2.0325,0.3138,6,0
781,22.34125546,0.430928847,0.5902,0.0393,6,0,0.1479,0.0072,6,0,0.3048,0.0109,6,0,7.3519,0.155,6,0
782,22.35504031,0.066154472,1.3739,0.1916,6,0,0.5305,0.0723,6,0,7.6667,0.2677,6,0,197.3627,5.0665,6,0
783,22.39693131,0.289248244,1.5836,0.1271,6,0,0.6247,0.1594,6,0,1.3304,0.1929,6,0,29.8165,5.3942,6,0
784,22.41218987,-0.186206716,0.7378,0.0469,6,0,0.1927,0.0167,6,0,0.7295,0.0381,6,0,32.7114,1.6501,6,0
785,22.4570999,0.326829776,0.1012,0.0134,6,0,0.011,0.0017,6,0,0.047,0.0042,6,0,1.6887,0.3351,6,0
786,22.46219487,0.325512769,0.6604,0.0192,6,0,0.1344,0.0085,6,0,0.5482,0.0123,6,0,15.8072,0.4582,6,0
787,22.47604868,-0.366759075,0.0813,0.0268,6,0,0.1045,0.0079,6,0,1.6499,0.0977,6,0,3.3305,0.7878,6,0
788,22.48289712,-0.041451153,1.6839,0.1988,6,0,0.5154,0.0388,6,0,1.957,0.0407,6,0,26.3779,1.2358,6,0
789,22.5052058,-0.055112239,0.1276,0.0029,6,0,0.0303,0.0038,6,0,0.1178,0.012,6,0,2.8765,0.2118,6,0
790,22.53496045,-0.047039854,0.8689,0.0773,6,0,0.2541,0.0189,6,0,0.4709,0.0214,6,0,19.7929,0.7064,6,0
791,22.53767683,-0.029407694,0.3405,0.0532,6,0,0.039,0.0049,6,0,0.1389,0.0161,6,0,6.2739,0.3889,6,0
792,22.54714674,-0.022019758,0.2658,0.107,6,0,0.1006,0.0086,6,0,0.7715,0.0307,6,0,18.5609,0.5638,6,0
793,22.54996989,-0.522523837,0.6131,0.0088,6,0,0.0604,0.0039,6,0,1.0199,0.0429,6,0,24.8115,1.3589,6,0
794,22.55405972,-0.518803254,1.1264,0.063,6,0,0.1827,0.017,6,0,1.5362,0.0426,6,0,23.8931,2.5391,6,0
795,22.70679672,0.388207176,0.3787,0.0465,6,0,0.1488,0.0146,6,0,0.2961,0.0223,6,0,12.1697,0.6704,6,0
796,22.72437018,-0.010170243,1.8965,0.1041,6,0,0.737,0.0377,6,0,3.4857,0.0668,6,0,85.7902,3.1752,6,0
797,22.73034636,-0.239229935,1.3331,0.1539,6,0,0.7508,0.1037,6,0,,,,,19.9799,2.2289,6,0
798,22.73799245,-0.260842651,0.5581,0.051,6,0,0.1259,0.0169,6,0,1.2316,0.0716,6,0,14.7112,1.2138,6,0
799,22.75851224,-0.479937265,2.601,0.2278,6,0,,,,,,,,,65.0054,8.742,6,0
800,22.75861288,-0.620669429,0.1167,0.0194,6,0,0.0497,0.0091,6,0,0.1761,0.0216,6,0,3.0525,0.5223,6,0
801,22.76015694,-0.244790297,1.1136,0.1677,6,0,1.1129,0.2734,4,0,,,,,28.3728,3.7919,6,0
802,22.79325773,0.652564417,0.0668,0.0038,6,0,0.0188,0.0026,6,0,0.0852,0.0058,6,0,2.3437,0.2364,6,0
803,22.82672422,-0.251447899,0.2983,0.0572,6,0,0.2559,0.036,6,0,3.7008,0.4785,6,0,4.7081,0.7671,6,0
804,22.86062449,0.423038349,0.4266,0.0442,6,0,0.1461,0.0097,6,0,0.4553,0.0168,6,0,17.6864,0.6165,6,0
805,22.87260718,0.811478594,0.0705,0.0079,6,0,0.0406,0.008,6,0,0.0781,0.0059,6,0,0.596,0.084,6,0
806,22.88008678,0.154647639,2.1453,0.0619,6,0,0.5511,0.0782,6,0,1.61,0.0507,6,0,33.6853,2.1248,6,0
807,22.93557193,-0.334942432,0.8053,0.0329,6,0,0.1682,0.022,6,0,0.8043,0.0537,6,0,7.1001,0.6446,6,0
808,22.93680452,-0.110990142,3.8161,0.0544,6,0,0.8935,0.1681,6,0,3.7644,0.2602,6,0,1.5035,0.184,6,0
809,22.94857628,0.039045175,3.6204,0.3592,6,0,0.9562,0.1603,6,0,2.6943,0.3472,6,0,72.6242,5.1827,6,0
810,22.95234205,-0.318242164,5.2585,0.4341,6,0,1.0893,0.1715,6,0,,,,,146.4731,13.6581,6,0
811,22.97266689,-0.382144756,0.2676,0.082,6,0,0.1327,0.0096,6,0,1.3738,0.1397,6,0,9.0081,0.7576,6,0
812,22.97629612,0.163139761,0.1694,0.02,6,0,0.0587,0.008,6,0,0.095,0.0091,6,0,5.129,0.5865,6,0
813,22.98044103,-0.369626657,0.9609,0.2059,6,0,0.4335,0.0183,6,0,4.632,0.314,6,0,24.4323,1.3845,6,0
814,22.98639776,-0.378005017,0.6412,0.0228,6,0,0.1251,0.0133,6,0,1.3768,0.049,6,0,14.4936,1.0801,6,0
815,22.99670796,-0.409843797,2.7245,0.1098,6,0,0.541,0.0628,6,0,3.2748,0.213,4,0,56.3079,4.8646,6,0
816,23.01236495,-0.416638819,1.3068,0.2114,6,0,0.3718,0.0283,6,0,3.7407,0.0,1,0,47.5269,12.063,6,0
817,23.01452511,-0.394101675,0.9646,0.0456,6,0,0.1771,0.0202,6,0,0.8405,0.0369,4,0,22.2305,1.8168,6,0
818,23.02239566,0.227485222,0.706,0.0415,6,0,0.1731,0.0189,6,0,0.3366,0.0251,6,0,12.6068,0.82,6,0
819,23.03647844,-0.644434407,1.1518,0.0414,6,0,0.2446,0.0209,6,0,1.0621,0.0323,6,0,14.5707,0.6761,6,0
820,23.03865688,-0.638500646,0.3293,0.0389,6,0,0.0296,0.005,6,0,0.1049,0.0241,6,0,2.7905,0.2876,6,0
821,23.05346966,0.210417261,0.3562,0.0507,6,0,0.1343,0.0179,6,0,0.2071,0.0184,6,0,4.2453,0.6874,6,0
822,23.0583281,-0.643023692,1.0531,0.1342,6,0,0.3353,0.0468,6,0,0.5105,0.0214,6,0,10.3343,0.7386,6,0
823,23.05888791,0.60903198,0.7688,0.0373,6,0,0.2662,0.0258,6,0,0.6993,0.0311,6,0,10.6996,0.9782,6,0
824,23.06099877,0.069619617,0.7132,0.0038,6,0,0.2097,0.0178,6,0,0.5863,0.03,6,0,10.8056,0.5288,6,0
825,23.06194011,0.094833466,0.7798,0.0947,6,0,0.2247,0.0136,6,0,0.361,0.0607,6,0,16.9274,1.0178,6,0
826,23.06621476,0.380448869,0.6445,0.0929,6,0,0.2221,0.0143,6,0,0.578,0.0246,6,0,21.3121,0.7091,6,0
827,23.0699251,-0.623653581,0.2703,0.0236,6,0,0.0671,0.0082,6,0,0.4534,0.0278,6,0,3.6473,0.3424,6,0
828,23.10284404,0.153498574,0.1215,0.0115,6,0,0.0355,0.0048,6,0,0.0704,0.0083,6,0,2.5433,0.306,6,0
829,23.11357641,0.163522177,0.6831,0.0317,6,0,0.1515,0.008,6,0,0.5771,0.0203,6,0,25.3252,0.881,6,0
830,23.14285425,-0.477761916,0.5367,0.1128,6,0,0.0797,0.0042,6,0,0.6861,0.0365,6,0,14.5291,0.1889,6,0
831,23.15420705,0.515037039,0.1322,0.0139,6,0,0.0261,0.0047,6,0,0.3795,0.0193,6,0,9.3828,0.5048,6,0
832,23.15595772,-0.321614661,1.2073,0.1063,6,0,0.6427,0.0771,6,0,7.1334,0.7249,6,0,36.534,1.9756,6,0
833,23.15766661,-0.354990951,1.9548,0.0453,6,0,0.5808,0.034,6,0,3.0767,0.1123,6,0,32.862,1.0233,6,0
834,23.19761882,-0.000430381,3.5717,0.1388,6,0,1.1291,0.0479,6,0,,,,,174.3007,4.5462,6,0
835,23.24026467,-0.113763292,0.3818,0.0573,6,0,0.1749,0.0153,6,0,0.9239,0.0361,6,0,52.8684,2.3591,6,0
836,23.2421272,-0.240105742,1.035,0.1433,6,0,0.2221,0.0474,6,0,1.0132,0.3465,6,0,15.5203,0.8165,6,0
837,23.25432541,-0.240070001,1.6774,0.1749,6,0,0.3419,0.0496,6,0,2.1379,0.1125,6,0,55.9895,2.8735,6,0
838,23.25606035,-0.645287333,0.1532,0.06,6,0,0.0281,0.004,6,0,0.3798,0.0147,6,0,3.91,0.3355,6,0
839,23.26384044,0.03382784,0.344,0.073,6,0,0.3542,0.0334,6,0,4.8238,0.3027,6,0,12.5023,1.1272,6,0
840,23.2638946,0.076882722,1.9072,1.1482,6,0,0.7711,0.0869,6,0,,,,,256.8797,10.6545,6,0
841,23.31553079,-0.301483008,0.7982,0.1135,6,0,0.178,0.0259,6,0,0.7449,0.0576,6,0,62.8475,2.933,6,0
842,23.37852874,0.451257918,1.1452,0.0784,6,0,0.4649,0.033,6,0,2.2503,0.3341,6,0,29.8622,2.3852,6,0
843,23.38703969,-0.290859284,0.5364,0.1092,6,0,0.3843,0.0313,6,0,0.8077,0.0527,6,0,0.5294,0.1735,6,0
844,23.43594792,-0.15132774,1.0948,0.0847,6,0,0.3139,0.0374,6,0,1.6885,0.1114,6,0,36.0284,3.3195,6,0
845,23.43948175,0.059472071,-0.1717,0.5541,6,0,0.0677,0.0106,6,0,0.2399,0.0222,6,0,8.8748,0.8367,6,0
846,23.4401711,-0.239270104,1.6345,0.1388,6,0,0.6565,0.1102,6,0,7.1494,0.9384,6,0,59.0657,4.0167,6,0
847,23.45264622,-0.37647226,0.3524,0.0288,6,0,0.0965,0.0123,6,0,0.7235,0.0517,6,0,19.9938,0.823,6,0
848,23.45801471,0.065696291,3.2253,0.1962,6,0,0.5904,0.1117,6,0,7.7765,0.951,6,0,140.0297,18.0697,6,0
849,23.55208638,-0.034152966,3.1826,1.4887,6,0,1.1288,0.0843,6,0,,,,,21.1159,3.9213,6,0
850,23.58507796,0.028925361,2.4176,0.2994,6,0,1.5303,0.0389,6,0,13.0908,0.1484,6,0,97.0762,3.4588,6,0
851,23.60379463,-0.203838855,0.2832,0.0535,6,0,0.2304,0.0215,6,0,2.865,0.1562,6,0,1.6177,0.3571,6,0
852,23.67170115,0.577754534,0.2195,0.0164,6,0,0.0413,0.0043,6,0,0.0892,0.0044,6,0,8.3369,0.1655,6,0
853,23.7027687,-0.196693323,1.3708,0.0644,6,0,0.2252,0.0248,6,0,3.26,0.1739,6,0,77.5827,16.6374,6,0
854,23.70497661,0.164425263,4.4174,0.885,6,0,,,,,,,,,150.059,44.3599,6,0
855,23.70775081,0.185823567,0.3852,0.026,6,0,0.0731,0.0072,4,0,1.6458,0.189,4,0,26.9968,3.1526,6,0
856,23.70987828,0.17087889,4.3963,0.5046,6,0,,,,,,,,,370.5586,14.8611,6,0
857,23.73160032,-0.189169854,0.5099,0.0142,6,0,0.1149,0.0118,6,0,2.1152,0.1511,6,0,26.9487,1.6797,6,0
858,23.73436967,-0.023905299,0.0838,0.025,6,0,0.0624,0.0068,6,0,0.333,0.0252,6,0,8.6075,0.824,6,0
859,23.74016326,-0.016484748,0.1437,0.016,6,0,0.0441,0.0027,6,0,0.3759,0.0158,6,0,13.521,0.5144,6,0
860,23.74885831,0.432714515,0.1841,0.0365,6,0,0.0546,0.0089,6,0,0.0933,0.0141,6,0,5.0013,0.1401,6,0
861,23.77046051,0.149446913,0.3602,0.0499,6,0,0.0559,0.0178,6,0,0.246,0.057,6,0,30.7541,1.225,6,0
862,23.82094542,-0.038335074,0.1637,0.0386,6,0,0.0831,0.015,6,0,1.0656,0.1389,6,0,7.8147,0.626,6,0
863,23.82441887,0.135472154,0.8366,0.1151,6,0,0.3726,0.0388,6,0,1.5937,0.0921,6,0,25.7966,2.5593,6,0
864,23.86135201,-0.124952171,1.0475,0.0652,6,0,0.2482,0.0278,6,0,4.0937,0.5276,4,0,77.1898,8.2303,6,0
865,23.87230763,-0.11963368,2.3743,0.1624,6,0,0.3595,0.1956,6,0,,,,,84.1042,4.257,6,0
866,23.87422502,-0.112360853,1.0271,0.0494,6,0,0.1312,0.0095,6,0,1.5324,0.0,1,0,22.5436,1.7364,6,0
867,23.88045976,-0.351095169,7.824,0.4107,6,0,2.3361,0.155,6,0,5.5078,0.1282,6,0,135.8528,9.3234,6,0
868,23.89810686,0.064906261,1.2234,0.1872,6,0,0.5685,0.041,6,0,,,,,164.4397,9.7052,6,0
869,23.90020709,0.074820148,0.5218,0.0285,6,0,0.1204,0.0068,6,0,0.7193,0.0127,4,0,19.9537,1.5123,6,0
870,23.90476088,-0.277930822,0.3859,0.0465,6,0,0.13,0.0187,6,0,0.369,0.0247,6,0,15.8122,1.0389,6,0
871,23.95472044,0.149764765,39.1322,2.1766,6,0,,,,,,,,,1759.3835,78.8863,6,0
872,23.95604945,-0.113561957,0.1927,0.0104,6,0,0.0408,0.0057,6,0,0.2229,0.0205,6,0,9.9104,0.9553,6,0
873,23.98676325,-0.089063939,1.2642,0.0823,6,0,0.566,0.0324,6,0,4.217,0.0913,6,0,83.1906,2.8678,6,0
874,24.02501567,0.196663881,0.6005,0.0291,6,0,0.1298,0.021,6,0,0.9296,0.0529,6,0,45.1598,10.1147,6,0
875,24.04308346,0.204289582,1.7184,0.0669,6,0,0.4724,0.0266,6,0,1.5078,0.0603,6,0,56.9511,1.8689,6,0
876,24.07377401,-0.041262528,0.0895,0.0062,6,0,0.0384,0.0038,6,0,0.1431,0.0068,6,0,2.0705,0.1431,6,0
877,24.09377345,0.456001956,1.8952,0.3126,6,0,0.9519,0.0407,6,0,4.1977,0.0993,6,0,47.0588,2.4483,6,0
878,24.13110233,0.12239116,0.6622,0.1006,6,0,0.2512,0.0228,6,0,4.1271,0.2679,6,0,33.8529,4.3182,6,0
879,24.13500358,-0.10562243,0.2711,0.0388,6,0,0.0937,0.0129,6,0,0.4169,0.0319,6,0,13.9819,0.9792,6,0
880,24.15252458,-0.009961998,1.0854,0.352,6,0,0.3657,0.0904,6,0,2.2639,0.6579,6,0,72.4755,17.8095,6,0
881,24.15372742,0.163371641,2.4922,0.377,6,0,0.8696,0.0329,6,0,6.1543,0.1263,6,0,88.8058,2.5938,6,0
882,24.16472428,0.459691379,0.3174,0.0181,6,0,0.099,0.0087,6,0,0.4995,0.02,6,0,15.4033,0.548,6,0
883,24.17533784,0.398832486,2.4611,0.083,6,0,0.7521,0.0478,6,0,3.4025,0.0626,6,0,59.8384,3.0892,6,0
884,24.22125801,-0.042151803,1.2033,0.1914,6,0,0.4967,0.036,6,0,3.7126,0.1731,6,0,53.1115,3.3094,6,0
885,24.29547896,-0.152543435,0.2587,0.0993,6,0,0.0267,0.0041,6,0,0.8073,0.058,6,0,23.8473,0.985,6,0
886,24.32537256,-0.007249118,0.2682,0.0736,6,0,0.0528,0.007,6,0,0.214,0.019,6,0,7.3955,0.3144,6,0
887,24.35025041,0.218000394,0.8372,0.0405,6,0,0.2285,0.0243,6,0,0.9284,0.044,6,0,31.1691,2.0424,6,0
888,24.37523255,0.152458831,0.5043,0.0474,6,0,0.1204,0.008,6,0,0.3058,0.0223,6,0,20.227,0.5785,6,0
889,24.392702,0.029986317,3.8417,0.0505,6,0,0.4821,0.0859,6,0,2.6878,0.1775,6,0,-0.1023,0.1882,6,0
890,24.39743751,-0.188523059,13.5167,0.2085,6,0,3.105,0.097,6,0,,,,,357.6453,5.1725,6,0
891,24.40986652,-0.328435106,0.081,0.0182,6,0,0.013,0.0008,6,0,0.0616,0.0175,6,0,1.3558,0.3088,6,0
892,24.44266611,-0.22880279,3.6564,0.2556,6,0,0.7993,0.1265,6,0,6.0019,0.6749,6,0,118.6644,14.3073,6,0
893,24.46804658,0.490797601,36.5418,2.8092,6,0,,,,,,,,,591.8392,172.3856,6,0
894,24.47365412,0.489824951,9.4453,4.6606,6,0,,,,,,,,,312.2707,66.6934,6,0
895,24.47604961,0.481156384,2.9535,0.4589,6,0,,,,,,,,,51.2469,10.4052,6,0
896,24.4966093,-0.041870435,1.4845,0.3119,6,0,0.4423,0.1088,6,0,,,,,31.2101,49.3337,6,0
897,24.49935859,-0.038261963,1.9851,0.6454,6,0,1.3827,0.2189,6,0,,,,,-20.5266,24.7141,6,0
898,24.50693898,-0.222076648,7.2685,0.4593,6,0,,,,,,,,,327.0308,11.5894,6,0
899,24.53874476,-0.248008311,0.397,0.0164,6,0,0.0436,0.0048,6,0,0.7158,0.0293,6,0,16.1051,1.0491,6,0
900,24.54284268,-0.131891151,0.6351,0.1083,6,0,0.1216,0.0171,6,0,0.5989,0.0659,6,0,26.0518,3.5854,6,0
901,24.54554636,-0.244765107,0.4445,0.0385,6,0,0.0437,0.0054,6,0,1.6856,0.1831,6,0,30.1842,3.1693,6,0
902,24.55015931,-0.13140491,0.6834,0.0413,6,0,0.0982,0.0128,6,0,0.6221,0.0631,6,0,28.6689,1.7399,6,0
903,24.55258777,-0.246212272,0.8474,0.1043,6,0,0.2154,0.0169,6,0,2.0762,0.0814,6,0,36.4715,2.955,6,0
904,24.5692376,-0.353107545,0.9518,0.0667,6,0,0.465,0.0191,6,0,1.009,0.0251,6,0,14.5154,0.3961,6,0
905,24.66054021,0.086993634,1.913,0.0172,6,0,0.8056,0.1402,6,0,5.2216,0.3092,6,0,17.3326,0.2381,6,0
906,24.66763561,-0.459935351,0.315,0.0202,6,0,0.2924,0.0218,6,0,6.2132,0.2114,6,0,18.1363,1.6956,6,0
907,24.67690724,-0.155066091,2.98,0.6254,6,0,,,,,,,,,195.497,26.8273,6,0
908,24.7125777,-0.125977082,4.3786,0.2024,6,0,2.3698,0.1978,6,0,,,,,147.3913,8.8569,6,0
909,24.72821076,0.690890111,4.1003,0.4099,6,0,1.3279,0.1802,6,0,4.5808,1.3994,6,0,21.0881,7.3809,6,0
910,24.73112856,0.153662456,1.6097,0.0621,6,0,0.5074,0.0396,6,0,3.9426,0.1461,6,0,87.0148,3.796,6,0
911,24.74576084,-0.207034148,1.1738,0.1779,6,0,1.7429,0.117,6,0,,,,,52.2053,7.556,6,0
912,24.75160938,0.373418789,0.5529,0.0366,6,0,0.1467,0.0137,6,0,0.239,0.0126,6,0,10.0434,0.4705,6,0
913,24.75496108,0.093250493,0.7722,0.1539,6,0,0.1512,0.0173,6,0,2.0232,0.0975,6,0,58.3415,4.3967,6,0
914,24.7806393,0.649170873,0.4318,0.0531,6,0,0.1386,0.0168,6,0,0.2637,0.0244,6,0,7.4628,0.755,6,0
915,24.79791456,0.096892657,4.5651,0.4449,6,0,,,,,,,,,260.6725,35.7035,6,0
916,24.8059245,0.661775271,0.1607,0.0268,6,0,0.0885,0.0056,6,0,0.1148,0.0134,6,0,1.5377,0.1524,6,0
917,24.84406642,-0.026233907,0.682,0.2282,6,0,0.133,0.0418,6,0,0.5143,0.1036,6,0,19.8742,4.4837,6,0
918,24.8471353,-0.023800227,0.2746,0.1244,6,0,0.0734,0.0566,6,0,0.2335,0.1849,6,0,7.5916,4.8957,6,0
919,24.84786579,-0.101702444,0.1669,0.006,6,0,0.0619,0.0072,6,0,0.3745,0.0318,6,0,10.8266,0.8752,6,0
920,24.89436696,0.21498374,0.7533,0.0717,6,0,0.219,0.0269,6,0,0.7544,0.0576,6,0,17.3208,1.9314,6,0
921,24.92378603,0.080067809,2.1371,0.2239,6,0,0.8604,0.0597,6,0,5.1428,0.2044,6,0,179.6605,12.3048,6,0
922,24.95157459,0.413998009,0.1394,0.007,6,0,0.0498,0.0051,6,0,0.093,0.01,6,0,4.9911,0.1751,6,0
923,24.96526356,0.253480016,0.7255,0.0511,6,0,0.2235,0.0144,6,0,0.4227,0.0189,6,0,13.5581,0.6118,6,0
924,25.0578091,-0.908662689,0.3043,0.1621,6,0,0.0054,0.0137,6,0,0.2028,0.0168,6,0,2.4542,0.2512,6,0
925,25.14017939,0.165670683,0.1219,0.0041,6,0,0.0142,0.0013,6,0,0.0363,0.0013,6,0,2.0039,0.2202,6,0
926,25.14559978,0.169791596,0.2174,0.0272,6,0,0.0508,0.0059,6,0,0.116,0.0086,6,0,4.9397,0.4617,6,0
927,25.15336787,0.060265757,0.4833,0.1825,6,0,0.3804,0.0427,6,0,2.7361,0.2761,6,0,-5.5786,3.0796,6,0
928,25.15534236,0.758465357,1.0899,0.0262,6,0,0.4673,0.0147,6,0,1.072,0.0086,6,0,12.3334,0.3555,6,0
929,25.15756962,0.088717724,0.9858,0.0519,6,0,0.1631,0.022,6,0,1.6935,0.0894,6,0,33.2552,3.0112,6,0
930,25.18106391,0.137386007,1.3542,0.0553,6,0,0.4207,0.0575,6,0,1.1119,0.1127,6,0,36.1233,3.5336,6,0
931,25.22949764,0.098655274,1.138,0.1292,6,0,0.1198,0.0279,6,0,1.3157,0.145,6,0,19.6557,0.8758,6,0
932,25.26466084,-0.439453222,3.7818,0.0869,6,0,1.1916,0.1051,6,0,5.6257,0.141,6,0,65.0107,1.54,6,0
933,25.30575521,0.53122598,2.4504,0.1327,6,0,1.115,0.0305,6,0,8.6809,0.0578,6,0,99.3787,2.0726,6,0
934,25.3268709,-0.03948994,0.2906,0.011,6,0,0.0926,0.0124,6,0,0.2695,0.021,6,0,5.3585,0.3218,6,0
935,25.33290664,-1.030334932,4.1484,0.1465,6,0,0.9712,0.1762,6,0,2.3532,0.1987,6,0,0.4462,0.0574,6,0
936,25.38111742,-0.181368872,68.5459,6.7481,6,0,,,,,,,,,2375.6013,207.63,6,0
937,25.3825677,-0.377287468,0.5448,0.057,6,0,0.1637,0.0203,6,0,0.7298,0.1516,6,0,10.4783,1.0131,6,0
938,25.39557896,0.033187557,2.8552,0.3169,6,0,1.0305,0.0799,6,0,,,,,481.2246,11.9291,6,0
939,25.39674905,-0.139441886,20.5631,1.8757,6,0,,,,,,,,,2630.9218,169.4793,6,0
940,25.39726996,-0.032241597,1.2664,0.1577,6,0,0.3749,0.0554,6,0,1.6066,0.1813,6,0,33.7069,0.9402,6,0
941,25.40117017,0.022174029,0.2754,0.3347,6,0,0.2974,0.0781,6,0,4.452,0.4126,4,0,34.6312,3.3167,6,0
942,25.43952428,0.021417617,0.4529,0.0241,6,0,0.1439,0.0139,6,0,1.6511,0.108,6,0,24.1896,1.3267,6,0
943,25.46023061,-0.209564737,3.2737,0.1355,6,0,0.954,0.0785,6,0,,,,,187.7523,12.2621,6,0
944,25.46097608,-0.033923982,1.2604,0.135,6,0,0.4875,0.0353,6,0,2.3371,0.1293,6,0,38.9011,1.4832,6,0
945,25.46382302,-0.158497281,2.0941,0.18,6,0,0.7499,0.0359,6,0,3.1489,0.0814,6,0,48.4165,1.8869,6,0
946,25.49469711,-0.299437079,2.1399,0.0944,7,0,1.0231,0.0371,7,0,,,,,86.8749,1.6769,7,0
947,25.51758644,0.096105351,0.956,0.0538,6,0,0.2524,0.0194,6,0,1.3989,0.0639,6,0,22.4099,1.1138,6,0
948,25.55454265,0.232743035,0.4632,0.0551,6,0,0.1484,0.0193,6,0,0.7613,0.0398,6,0,27.5829,2.2243,6,0
949,25.62725674,-0.106834513,1.0823,0.0156,5,0,0.2408,0.022,5,0,0.423,0.0303,5,0,23.5602,1.6967,5,0
950,25.65710016,-0.153841816,0.2411,0.0447,5,0,0.0628,0.0059,5,0,0.1065,0.0143,5,0,2.9279,0.1538,5,0
951,25.66116493,-0.016925496,0.8101,0.0302,5,0,0.2601,0.0212,5,0,2.5409,0.0762,5,0,28.6482,1.3269,5,0
952,25.71557034,0.048425005,2.6752,0.1575,5,0,0.5442,0.1233,5,0,,,,,147.3567,5.3598,5,0
953,25.71941899,-0.202565927,0.228,0.0323,5,0,0.0843,0.0095,5,0,0.2099,0.0239,5,0,2.0718,0.2122,5,0
954,25.75219714,0.156299838,0.333,0.0143,5,0,0.0659,0.014,5,0,0.2147,0.0183,5,0,5.4195,0.5721,5,0
955,25.76399646,0.268520706,0.4677,0.038,5,0,0.1264,0.0144,5,0,0.8795,0.0666,5,0,7.1813,0.4588,5,0
956,25.79552253,0.241282089,9.0482,0.2181,5,0,0.7763,0.1262,5,0,,,,,281.8842,10.0865,5,0
957,25.82046973,-0.185881606,0.7031,0.1042,5,0,0.2487,0.033,5,0,0.9032,0.0853,5,0,19.2364,2.9489,5,0
958,25.82864277,0.398155469,0.1449,0.0247,5,0,0.1085,0.0164,5,0,1.9915,0.0863,5,0,12.6237,0.6255,5,0
959,25.87915587,-0.07329058,0.8334,0.1558,5,0,0.0937,0.037,5,0,0.4439,0.1238,5,0,14.4284,1.1517,5,0
960,25.88257183,-0.151910286,0.5579,0.0297,5,0,0.1589,0.0196,5,0,0.2521,0.0246,5,0,8.7214,0.8169,5,0
961,25.91646538,-0.136834898,0.5137,0.1281,5,0,0.0864,0.0236,5,0,0.2687,0.072,5,0,8.0629,1.3048,5,0
962,26.05512226,0.542515279,0.5239,0.0506,5,0,0.3895,0.0477,5,0,3.6388,0.2165,5,0,20.9628,2.0045,5,0
963,26.09023218,-0.229247116,4.9574,0.0908,5,0,0.5944,0.1771,5,0,3.2632,0.4731,5,0,0.5455,0.0209,5,0
964,26.09074654,-0.056651815,0.6952,0.0489,5,0,0.2262,0.0208,5,0,4.4039,0.2498,5,0,109.2052,4.766,5,0
965,26.10949188,-0.093474706,0.4137,0.086,5,0,0.2421,0.0338,5,0,4.2994,0.3617,5,0,132.9845,11.4893,5,0
966,26.15413245,0.32027184,0.6288,0.0476,5,0,0.1843,0.025,5,0,0.6426,0.0453,5,0,24.5763,2.4114,5,0
967,26.1921318,-0.18232263,1.2178,0.1823,5,0,0.4733,0.0701,5,0,1.0849,0.1034,5,0,21.8419,2.5471,5,0
968,26.22159487,-0.209394799,1.5794,0.0392,5,0,0.4363,0.064,5,0,1.0022,0.0627,5,0,28.8592,1.8825,5,0
969,26.25964055,0.28650581,0.4374,0.055,5,0,0.0986,0.0174,5,0,0.3496,0.048,5,0,8.6654,1.0794,5,0
970,26.27415875,0.307689648,0.7568,0.006,5,0,0.1523,0.022,5,0,0.4544,0.0517,5,0,12.4422,1.0516,5,0
971,26.27478232,-0.19317516,0.183,0.0262,5,0,0.0522,0.0064,5,0,0.3073,0.0236,5,0,7.908,0.329,5,0
972,26.27706625,0.312638441,0.1961,0.0206,5,0,0.0336,0.004,5,0,0.2352,0.0086,5,0,4.4264,0.3799,5,0
973,26.28575576,0.144095343,0.6907,0.0717,5,0,0.1243,0.0073,5,0,0.5967,0.0289,5,0,17.6969,0.8632,5,0
974,26.29586452,0.064882588,0.8094,0.1049,5,0,0.2048,0.047,5,0,0.2915,0.0514,5,0,22.9954,4.5041,5,0
975,26.32077159,0.132202921,0.5288,0.039,5,0,0.1031,0.0043,5,0,0.8706,0.0287,4,0,17.2547,0.8429,5,0
976,26.42937499,0.725558314,1.4014,0.0441,5,0,0.5323,0.0622,5,0,1.2751,0.0885,5,0,21.0349,2.5373,5,0
977,26.47810672,-0.638515136,0.7776,0.1578,5,0,0.2127,0.0801,5,0,0.3345,0.0412,5,0,8.9035,1.4196,5,0
978,26.51129276,0.284263869,0.5928,0.0289,5,0,0.1634,0.0496,5,0,,,,,430.5439,296.0338,5,0
979,26.52499996,-0.266009194,1.6653,0.3418,5,0,0.5713,0.1732,5,0,3.6871,0.9196,5,0,41.431,13.4499,5,0
980,26.54233673,-0.289002008,1.3527,0.0831,5,0,0.4179,0.0332,5,0,2.2562,0.1055,5,0,34.2308,1.3971,5,0
981,26.54369796,0.414506249,8.8311,1.0911,5,0,,,,,,,,,415.7566,40.3969,5,0
982,26.55311026,-0.30993694,2.1863,0.212,5,0,0.6315,0.1122,5,0,2.8705,0.1939,5,0,80.8084,5.5829,5,0
983,26.60840407,-0.211746892,1.5364,0.1057,5,0,1.1535,0.0671,5,0,,,,,180.6147,5.4301,5,0
984,26.64581912,0.01891643,2.1444,1.268,5,0,1.8866,0.3673,5,0,13.3931,2.0767,5,0,141.6698,24.7883,5,0
985,26.6592823,0.787012954,0.1625,0.011,5,0,0.0597,0.0085,5,0,0.1378,0.0113,5,0,1.9449,0.2461,5,0
986,26.66481888,-0.095769522,0.2148,0.0117,5,0,0.0384,0.0048,5,0,0.1005,0.0099,5,0,3.9206,0.1818,5,0
987,26.69448984,0.088140328,0.1656,0.0496,5,0,0.0278,0.0089,5,0,0.3419,0.0359,5,0,8.4758,0.7114,5,0
988,26.72058376,0.173765089,0.9242,0.1817,5,0,0.5035,0.0762,5,0,1.7956,0.1951,5,0,49.344,5.2992,5,0
989,26.72138873,0.310383907,0.3308,0.0667,5,0,0.1305,0.0199,5,0,0.4589,0.0448,5,0,9.5542,1.1244,5,0
990,26.78391807,0.795738712,0.2264,0.0174,5,0,0.0764,0.0052,5,0,0.4156,0.0123,5,0,10.2489,0.4113,5,0
991,26.81691923,0.238905464,0.4979,0.1616,5,0,0.1164,0.0165,5,0,0.8842,0.09,5,0,16.0947,1.7118,5,0
992,26.82343771,0.388497221,0.8058,0.012,5,0,0.2293,0.0237,5,0,1.242,0.0595,5,0,21.8058,1.4485,5,0
993,26.84573122,0.179928265,0.3112,0.0379,5,0,0.0254,0.003,5,0,0.2304,0.011,5,0,4.4051,0.1008,5,0
994,26.86463128,0.280749024,0.284,0.0267,5,0,0.0779,0.0118,5,0,0.5468,0.0364,5,0,7.5089,0.2986,5,0
995,26.88413034,0.085455812,0.3024,0.0189,5,0,0.0687,0.0072,5,0,0.1014,0.0177,5,0,5.2042,0.1653,5,0
996,26.89909327,-0.124260004,0.3497,0.0266,5,0,0.1207,0.0134,5,0,0.1648,0.0173,5,0,6.5383,0.4277,5,0
997,26.90982137,0.098395824,0.5186,0.0421,5,0,0.0598,0.0128,5,0,0.4448,0.0357,5,0,11.383,0.2865,5,0
998,26.91931077,0.33935659,0.1268,0.0074,5,0,0.0362,0.0021,5,0,0.0677,0.003,5,0,2.0453,0.0863,5,0
999,26.93292083,-0.116458632,0.3311,0.0619,5,0,0.1219,0.0154,5,0,0.1034,0.0069,5,0,4.0816,0.3862,5,0
1000,26.9542523,-0.065628459,5.3619,0.0842,7,0,0.6633,0.0684,7,0,3.557,0.5782,7,0,1.2353,0.0788,7,0
1001,26.96570265,-0.357345483,0.7028,0.0623,7,0,0.3539,0.0175,7,0,1.6954,0.0708,7,0,28.6451,1.2554,7,0
1002,26.96997941,0.456001717,0.101,0.0365,7,0,0.0368,0.0103,7,0,0.091,0.0232,7,0,4.7957,1.0535,7,0
1003,26.98268747,-0.311959558,0.2803,0.039,7,0,0.0741,0.0171,7,0,0.447,0.0718,7,0,14.4047,0.9574,7,0
1004,27.00963778,-0.038658324,0.1255,0.0131,6,0,0.0361,0.008,6,0,0.7732,0.1052,6,0,27.8788,2.5391,6,0
1005,27.01279557,0.457935328,0.085,0.0485,6,0,0.0164,0.0089,6,0,0.0636,0.0247,6,0,2.5856,0.2672,6,0
1006,27.01419232,0.455079646,0.0134,0.012,6,0,0.0034,0.0013,6,0,0.0256,0.0069,6,0,1.4567,0.4472,6,0
1007,27.0869635,0.372932931,0.4394,0.0197,6,0,0.125,0.0214,6,0,0.461,0.0419,6,0,10.3327,0.6795,6,0
1008,27.08864922,0.509172414,0.153,0.0246,6,0,0.0646,0.0117,6,0,0.0762,0.0148,6,0,3.5826,0.4652,6,0
1009,27.11742957,0.005869919,0.2756,0.0489,6,0,0.1027,0.0209,6,0,0.1638,0.0292,6,0,4.7589,0.3288,6,0
1010,27.17436327,-0.008185191,3.1634,0.3859,6,0,0.7483,0.0979,6,0,4.4347,0.357,6,0,99.1787,4.8914,6,0
1011,27.17761021,0.270621707,0.3486,0.0517,6,0,0.1252,0.0227,6,0,0.398,0.0556,6,0,12.0278,0.8165,6,0
1012,27.1853838,-0.081236675,1.4671,0.2575,6,0,1.0692,0.1716,6,0,,,,,636.3074,22.8789,6,0
1013,27.19272913,-0.135793124,0.5251,0.0692,6,0,0.1337,0.0227,6,0,1.576,0.1644,6,0,30.5545,0.873,6,0
1014,27.26948833,0.149017768,1.0728,0.1886,6,0,0.3695,0.034,6,0,3.508,0.2194,3,0,71.3896,3.928,6,0
1015,27.27996133,0.144675912,1.7946,0.1742,6,0,0.7848,0.1507,6,0,,,,,152.6687,15.3494,6,0
1016,27.33900083,0.021029461,0.6886,0.0777,6,0,0.173,0.0321,6,0,0.5324,0.0594,6,0,17.3178,1.6722,6,0
1017,27.36532684,-0.16371055,5.4051,1.0769,6,0,2.2926,0.3807,6,0,15.5256,2.2151,6,0,487.9166,49.4565,6,0
1018,27.43358207,1.008638791,0.1552,0.0257,6,0,0.0781,0.016,6,0,0.2997,0.0411,6,0,5.3195,0.8161,6,0
1019,27.47171065,0.317547255,0.1449,0.0257,6,0,0.0376,0.0151,6,0,0.0651,0.0227,6,0,2.126,0.5577,6,0
1020,27.48320203,0.132958134,1.3214,0.1402,6,0,0.2486,0.0403,6,0,1.6246,0.1991,6,0,42.8513,2.3403,6,0
1021,27.49210926,0.190255067,2.7813,0.3587,6,0,0.6255,0.1282,6,0,,,,,136.8548,24.2406,6,0
1022,27.54595189,0.083301247,0.098,0.0077,6,0,0.0137,0.0036,6,0,0.08,0.0074,6,0,2.3894,0.2205,6,0
1023,27.56209334,0.083116501,0.9545,0.079,6,0,0.3604,0.0472,6,0,5.3233,0.4148,6,0,102.1272,6.4704,6,0
1024,27.56440675,0.09003476,0.3926,0.0756,6,0,0.0494,0.0117,6,0,0.9899,0.2681,6,0,21.4142,7.9965,6,0
1025,27.60041096,0.11776889,0.1863,0.0196,6,0,0.0541,0.015,6,0,0.5412,0.0722,6,0,10.6331,1.2539,6,0
1026,27.6113732,0.028357625,0.6489,0.116,6,0,0.175,0.0407,6,0,1.3304,0.2532,6,0,28.4644,7.3089,6,0
1027,27.65366989,0.098370338,0.5209,0.1098,6,0,0.0479,0.0116,6,0,0.2722,0.0859,6,0,10.3883,0.6939,6,0
1028,27.70472623,0.10459634,0.0368,0.0141,6,0,0.013,0.0021,6,0,0.0987,0.0125,6,0,1.2528,0.0851,6,0
1029,27.74246753,-0.230902071,0.441,0.0445,6,0,0.119,0.0202,6,0,0.5916,0.0832,6,0,6.4925,0.7084,6,0
1030,27.78335411,0.056969142,2.1084,0.2916,6,0,0.8161,0.1396,6,0,6.9798,0.6403,6,0,126.6185,12.0512,6,0
1031,27.78707986,-0.274891573,0.7142,0.1161,6,0,0.1709,0.0387,6,0,0.4174,0.0772,6,0,6.3204,1.4209,6,0
1032,27.81601491,0.800969034,0.0497,0.003,5,0,0.0189,0.0044,5,0,0.0293,0.0051,5,0,0.2682,0.0868,5,0
1033,27.83636746,0.077222796,0.1454,0.0444,6,0,0.0965,0.019,6,0,1.4478,0.1925,6,0,5.4551,2.3508,6,0
1034,27.8565238,-0.243239206,0.7398,0.1479,6,0,0.2514,0.0895,6,0,4.3016,0.832,6,0,22.2215,5.0097,6,0
1035,27.87899162,0.204214493,0.5399,0.1255,6,0,0.1533,0.0436,6,0,0.3093,0.0727,6,0,14.0281,3.0782,6,0
1036,27.90382031,-0.00935379,3.947,0.9328,6,0,1.1958,0.3212,6,0,7.2072,1.3228,6,0,155.4844,33.5815,6,0
1037,27.92212753,-0.032474097,3.3724,0.4292,6,0,1.0373,0.2258,6,0,1.886,0.3159,6,0,50.9072,6.8735,6,0
1038,27.93361356,0.206505537,0.9013,0.1023,6,0,0.4723,0.0858,6,0,7.8471,1.3065,6,0,169.3305,21.3228,6,0
1039,27.94822452,0.174284428,0.1866,0.0901,6,0,0.0176,0.0052,6,0,0.0291,0.0075,6,0,1.9474,0.2236,6,0
1040,27.95887193,-0.434526475,1.2772,0.315,6,0,0.3184,0.0937,6,0,0.5187,0.1418,6,0,16.2221,2.9609,6,0
1041,27.97750146,0.078104628,4.6426,1.067,6,0,1.6278,0.2799,6,0,,,,,227.6904,27.1356,6,0
1042,28.04771252,-0.114934511,0.1341,0.0252,6,0,0.041,0.0081,6,0,0.096,0.0174,6,0,4.7392,0.6088,6,0
1043,28.13951748,0.32803972,0.6571,0.0996,6,0,0.2424,0.0533,6,0,0.935,0.1285,6,0,15.5428,0.8415,6,0
1044,28.14509102,0.001286883,1.3021,0.2399,6,0,0.1995,0.0367,6,0,1.2955,0.3042,6,0,36.1244,9.0886,6,0
1045,28.15872591,-0.045348515,3.1166,0.4634,6,0,0.8469,0.1473,6,0,2.1949,0.3555,6,0,76.6024,11.1166,6,0
1046,28.16163225,-0.164031459,0.2654,0.0759,6,0,0.1042,0.0216,6,0,1.3195,0.1954,6,0,6.8407,1.4573,6,0
1047,28.19414866,-0.368666589,0.536,0.0764,6,0,0.1433,0.0241,6,0,0.1881,0.0313,6,0,8.1022,0.8784,6,0
1048,28.19483515,0.083902156,0.1837,0.0164,6,0,0.0678,0.0107,6,0,0.2961,0.0296,6,0,1.9559,0.1548,6,0
1049,28.2214252,0.356914353,0.6707,0.1092,6,0,0.1172,0.0213,6,0,0.4408,0.1038,6,0,4.9906,1.0238,6,0
1050,28.24605204,0.013210925,6.2562,0.8754,6,0,1.8473,0.2516,6,0,,,,,340.054,14.9179,6,0
1051,28.28688884,-0.363985123,25.726,1.6721,6,0,,,,,,,,,1156.4808,140.9532,6,0
1052,28.30417046,-0.387630527,1.4481,0.3367,6,0,,,,,,,,,299.0443,14.2122,6,0
1053,28.31402141,-0.3088795,0.2252,0.0236,6,0,0.0413,0.0047,6,0,0.1221,0.0117,6,0,4.3086,0.3966,6,0
1054,28.32415819,-0.266189668,0.3928,0.0829,6,0,0.0923,0.0189,6,0,0.1099,0.0231,6,0,10.6161,1.6201,6,0
1055,28.36967758,0.459851053,0.2709,0.038,6,0,0.0606,0.0129,6,0,0.0874,0.0184,6,0,3.7249,0.5036,6,0
1056,28.38591754,0.449265556,0.5325,0.0379,6,0,0.1417,0.022,6,0,1.4318,0.1364,6,0,14.981,1.566,6,0
1057,28.39074875,-0.262647642,0.2137,0.0252,6,0,0.0861,0.019,6,0,0.4489,0.0563,6,0,7.6981,1.1373,6,0
1058,28.39325015,0.075503475,3.2005,0.4325,6,0,0.6197,0.1064,6,0,7.7605,0.6093,6,0,153.0375,26.5484,6,0
1059,28.39668171,0.451184353,1.2117,0.1582,6,0,0.4199,0.063,6,0,2.015,0.2281,6,0,25.3536,2.633,6,0
1060,28.40293132,0.159550012,0.493,0.0446,6,0,0.1279,0.0174,6,0,0.1854,0.0297,6,0,10.2262,0.7113,6,0
1061,28.41384357,0.232739124,0.192,0.0285,6,0,0.0138,0.0029,6,0,0.0982,0.0082,6,0,4.2746,0.3655,6,0
1062,28.41562913,-0.005038461,0.3296,0.0453,6,0,0.0608,0.0111,6,0,0.6632,0.0618,6,0,11.7628,0.764,6,0
1063,28.41846389,0.141109592,0.9242,0.0905,6,0,0.2306,0.0454,6,0,0.8567,0.1062,6,0,22.3278,1.9884,6,0
1064,28.42170481,0.239739882,0.8144,0.1043,6,0,0.2357,0.0397,6,0,1.3101,0.1652,6,0,23.0164,1.6932,6,0
1065,28.42967377,-0.003476557,0.1679,0.0047,6,0,0.0244,0.0051,6,0,0.1809,0.0226,6,0,5.8858,0.7383,6,0
1066,28.43237435,-0.128784332,0.888,0.1994,6,0,0.2535,0.0436,6,0,0.8375,0.1097,6,0,16.9188,1.2119,6,0
1067,28.43831209,0.015186434,0.5009,0.1015,6,0,0.2115,0.0432,6,0,1.8025,0.2607,6,0,21.7065,3.4816,6,0
1068,28.43837244,0.033859436,1.7881,0.1773,6,0,0.4511,0.0798,6,0,3.9516,0.3702,6,0,79.6764,3.4656,6,0
1069,28.45170734,0.002420212,0.466,0.0721,6,0,0.1482,0.0287,6,0,2.2878,0.2925,6,0,85.5202,6.097,6,0
1070,28.45480673,0.177583584,0.425,0.0892,6,0,0.128,0.0323,6,0,0.2523,0.0458,6,0,17.8485,1.314,6,0
1071,28.47030851,-0.287105569,1.1359,0.418,6,0,0.1653,0.1032,6,0,0.4585,0.2853,6,0,6.6661,1.9948,6,0
1072,28.49391621,-0.246682104,0.2737,0.0707,6,0,0.0831,0.0199,6,0,0.2743,0.0588,6,0,13.6914,2.364,6,0
1073,28.50205855,0.290068704,0.3141,0.028,7,0,,,,,0.2877,0.0335,7,0,11.8587,0.2993,7,0
1074,28.51142613,0.24325297,0.0688,0.0063,7,0,0.036,0.002,4,0,0.0618,0.0078,7,0,2.8783,0.1428,7,0
1075,28.58078266,0.144860608,0.7946,0.1531,7,0,0.3623,0.0406,7,0,1.9837,0.1868,7,0,72.5768,3.9472,7,0
1076,28.59638415,-0.361551703,7.737,2.8672,7,0,3.2211,1.5066,7,0,18.143,8.4196,7,0,260.4695,60.3254,7,0
1077,28.59990354,-0.379866999,2.1009,0.3866,7,0,0.7028,0.1356,7,0,2.0298,0.1561,7,0,32.404,6.6176,7,0
1078,28.60220801,-0.382402275,1.215,0.09,7,0,0.3401,0.0443,7,0,1.0151,0.2241,7,0,12.2111,1.1397,7,0
1079,28.60862647,-0.026570693,0.323,0.0191,7,0,0.1335,0.0185,7,0,1.4418,0.1233,7,0,15.9275,0.8154,7,0
1080,28.61002987,-0.065277269,0.6282,0.0626,7,0,0.2322,0.0375,7,0,0.4195,0.0462,7,0,13.1429,1.57,7,0
1081,28.61068377,0.015451952,4.6017,0.7905,7,0,4.0877,0.6131,7,0,,,,,645.626,37.6477,7,0
1082,28.615284,0.525364525,0.3701,0.0257,7,0,0.145,0.0231,7,0,0.3144,0.0413,7,0,7.3769,0.503,7,0
1083,28.63526995,0.473540914,0.7827,0.1542,7,0,0.2685,0.0339,7,0,0.4261,0.0573,7,0,21.2514,2.5502,7,0
1084,28.63549486,0.482080325,0.4114,0.0508,7,0,0.1092,0.0162,7,0,0.2611,0.0244,7,0,9.7687,0.5674,7,0
1085,28.65199956,0.027091124,1.914,0.2637,7,0,1.3096,0.2061,7,0,,,,,231.7363,15.6467,7,0
1086,28.66015955,0.03982814,1.8258,0.1972,7,0,0.7216,0.1129,7,0,3.3861,0.154,4,0,60.8895,6.2804,7,0
1087,28.68752295,0.177125866,3.4898,0.2391,7,0,1.641,0.1946,7,0,,,,,151.2574,6.6685,7,0
1088,28.69718771,0.406400853,0.1177,0.0624,7,0,0.0323,0.0134,7,0,0.4322,0.1307,7,0,6.3687,1.8485,7,0
1089,28.69838738,0.401933984,0.3516,0.029,7,0,0.0754,0.0117,7,0,0.3663,0.0958,7,0,5.3256,1.4197,7,0
1090,28.74605553,0.50679019,0.2052,0.0188,7,0,0.0502,0.007,7,0,0.1554,0.0122,7,0,4.8279,0.1229,7,0
1091,28.78658135,0.240392108,0.6974,0.1339,7,0,0.3834,0.2528,7,0,1.6328,0.8997,7,0,51.0392,5.2265,7,0
1092,28.78846384,0.243213384,0.2421,0.1062,7,0,0.3406,0.1073,7,0,3.1953,0.629,7,0,15.8627,9.9256,7,0
1093,28.79367169,0.171241093,1.5191,0.328,7,0,0.5541,0.1838,4,0,,,,,44.9807,9.5423,7,0
1094,28.80510727,0.1733058,4.9251,3.5894,7,0,,,,,,,,,158.2721,116.5583,7,0
1095,28.81746184,0.422090237,0.1145,0.0153,7,0,0.0413,0.0078,7,0,0.1443,0.0181,7,0,2.0323,0.2176,7,0
1096,28.82048172,0.352856895,0.3886,0.0311,7,0,0.1317,0.0138,7,0,0.3678,0.0373,7,0,14.7436,0.741,7,0
1097,28.83824031,-0.251415845,1.5336,0.4794,7,0,0.6267,0.1437,7,0,2.6531,0.2554,7,0,59.8883,46.3706,7,0
1098,28.86209473,0.065805532,4.3362,0.2735,7,0,2.6054,0.2197,7,0,,,,,1520.841,27.4389,7,0
1099,28.88248683,-0.019320147,2.0724,0.3234,7,0,0.979,0.1543,7,0,4.9456,0.3627,7,0,73.8824,4.1175,7,0
1100,28.89538084,0.139622917,0.3356,0.0445,7,1,0.1366,0.0178,7,1,0.1982,0.0287,7,1,10.8684,0.6755,7,1
1101,28.93042877,-0.829056491,6.0155,0.1825,7,1,2.9555,0.3711,7,1,3.9169,0.3901,7,1,0.967,0.1472,8,0
1102,28.95078012,-0.594583157,2.6098,0.5787,7,1,0.9436,0.2044,7,1,3.2124,0.5126,7,1,42.8806,9.5492,7,1
1103,28.96907367,-0.014912569,0.6314,0.059,7,1,0.2194,0.02,7,1,0.7434,0.0579,7,1,15.4564,0.6497,8,0
1104,28.98271557,0.259276821,0.5827,0.0481,8,0,0.2119,0.0258,7,1,1.1544,0.0824,7,1,23.7932,0.6993,7,1
1105,29.00203974,0.068034619,1.4589,0.3342,7,1,0.4999,0.101,8,0,0.9533,0.1717,7,1,45.086,6.2083,7,1
1106,29.01492133,-0.177154244,1.0149,0.072,7,1,0.4531,0.0454,7,1,2.3826,0.1759,7,1,22.2746,1.5149,7,1
1107,29.01543821,0.132805069,0.0997,0.0179,7,1,0.073,0.0097,7,1,0.3829,0.0376,7,1,4.7309,0.3711,7,1
1108,29.04896975,0.173987745,0.2912,0.0182,7,1,0.1896,0.0181,7,1,0.3118,0.0234,7,1,0.6053,0.0745,7,1
1109,29.0760036,0.442326725,0.1575,0.0214,8,0,0.0569,0.0135,7,1,0.2566,0.0257,7,1,3.1961,0.2104,7,1
1110,29.11654851,-0.287198399,0.0728,0.0107,8,0,0.0315,0.0055,7,1,0.1081,0.0119,7,1,0.8246,0.0835,7,1
1111,29.11689002,0.090396461,3.5207,0.4665,7,1,1.3238,0.1827,7,1,3.4924,0.3467,7,1,89.1409,5.4959,7,1
1112,29.13776081,0.419234358,0.1579,0.0118,7,1,0.0659,0.0121,7,1,0.3858,0.03,7,1,3.6454,0.2613,7,1
1113,29.15351301,0.416169658,0.3089,0.0275,8,0,0.117,0.014,7,1,0.2793,0.0267,7,1,7.1779,0.3167,7,1
1114,29.15767021,0.463862061,0.5167,0.0774,7,1,0.2663,0.0333,7,1,0.4755,0.0509,7,1,17.8583,0.976,7,1
1115,29.21679107,0.044747608,0.6093,0.0923,7,1,0.345,0.0502,7,1,1.7947,0.1888,7,1,22.2827,1.602,7,1
1116,29.22858322,0.010813015,0.2185,0.0581,7,1,0.0575,0.0071,7,1,0.1392,0.0144,7,1,2.158,0.1887,7,1
1117,29.24325215,0.255980108,1.0131,0.1267,7,1,0.544,0.0756,8,0,2.3,0.2747,7,1,37.489,3.3897,8,0
1118,29.2435686,0.260281187,0.3235,0.1366,7,1,0.0754,0.0567,7,1,0.3354,0.2604,7,1,5.4782,4.192,7,1
1119,29.26652546,-0.323415961,0.2095,0.037,7,1,0.0811,0.0116,7,1,0.3271,0.0295,7,1,9.2354,0.5203,7,1
1120,29.29072833,-0.337804833,1.7668,0.1278,8,0,0.6207,0.0646,8,0,1.2514,0.1315,8,0,57.1434,3.3092,7,1
1121,29.3404793,-0.46510421,0.176,0.0529,7,1,0.0486,0.0084,7,0,0.2468,0.0379,7,0,2.8671,0.3581,8,0
1122,29.36710321,-0.316806421,4.3824,0.5294,9,5,1.6523,0.2202,12,1,3.2352,0.4057,7,6,82.5982,7.3588,11,4
1123,29.40190855,-0.093310477,1.0097,0.1287,8,6,0.3833,0.053,8,6,0.9103,0.1083,7,6,23.4774,2.328,11,2
1124,29.41844522,0.629700702,0.1663,0.0279,7,6,0.0673,0.0091,9,4,0.2855,0.027,8,5,4.1217,0.3213,11,2
1125,29.41926425,-0.596596974,2.8019,0.0468,7,6,1.5352,0.1691,12,1,3.1493,0.2316,7,6,0.6307,0.0465,8,5
1126,29.46018994,-0.206257191,0.4244,0.0272,9,4,0.1785,0.029,7,6,0.212,0.0276,7,6,8.4994,0.7192,8,5
1127,29.4631706,0.006677091,0.9731,0.1282,8,4,0.3066,0.0619,7,5,0.7747,0.0973,7,5,16.0228,1.911,8,4
1128,29.47501348,-0.178331228,3.2616,0.2129,7,5,1.4325,0.1213,8,4,7.7972,0.4205,7,5,114.1803,4.4535,8,4
1129,29.58632113,-0.659383248,0.4868,0.1082,9,2,0.5105,0.1603,7,4,4.6867,0.5399,7,4,29.7527,3.7783,8,3
1130,29.59868033,-0.618403474,0.2407,0.0053,8,0,0.0689,0.0083,7,1,0.6331,0.0466,7,1,8.0321,0.5269,7,1
1131,29.61872097,-0.597892664,0.4478,0.0791,8,0,0.4242,0.0579,8,0,3.2883,0.3347,8,0,19.0725,3.4121,8,0
1132,29.6328465,-0.202985465,1.1723,0.1446,7,0,0.4296,0.0563,7,0,0.6024,0.0565,7,0,27.6366,1.5142,7,0
1133,29.7531559,0.141560446,0.0753,0.0026,7,0,0.0183,0.0033,7,0,0.0414,0.0038,7,0,1.1675,0.1503,7,0
1134,29.77023253,0.21836973,0.343,0.0589,7,0,0.2738,0.0822,7,0,2.5557,0.5349,7,0,53.7997,19.0973,7,0
1135,29.78828365,-0.162803209,0.0846,0.0352,7,0,0.1563,0.0281,7,0,1.4283,0.1283,7,0,7.9138,0.6368,7,0
1136,29.80882607,-0.273088256,0.1765,0.0277,7,0,0.0658,0.0126,7,0,0.0906,0.0182,7,0,1.9802,0.5536,7,0
1137,29.80961407,-0.278956949,0.1618,0.0064,7,0,0.0324,0.0029,7,0,0.0563,0.0061,7,0,1.5103,0.0788,7,0
1138,29.82823103,-0.155976064,0.2612,0.0778,7,0,0.4041,0.0674,7,0,4.5125,0.631,7,0,6.1633,1.3633,7,0
1139,29.83338508,-0.100695422,0.8534,0.1053,7,0,0.2224,0.0286,7,0,2.2153,0.4782,7,0,13.3255,1.7604,7,0
1140,29.85328909,0.548163897,0.1593,0.0688,7,0,0.1169,0.033,7,0,0.2106,0.041,7,0,8.3846,1.1874,7,0
1141,29.85480323,-0.242194282,0.9046,0.339,7,0,0.4107,0.1741,7,0,0.3557,0.1563,7,0,13.4093,4.6305,7,0
1142,29.85746808,-0.061144245,7.13,2.7808,7,0,2.2979,1.4045,7,0,,,,,245.9005,110.7064,7,0
1143,29.88738716,-0.780022173,6.19,0.9934,7,0,2.6966,0.3385,7,0,12.5436,0.6136,7,0,174.4382,15.6882,7,0
1144,29.90851045,-0.367413034,0.2044,0.0267,7,0,0.0615,0.0107,7,0,0.0631,0.0093,7,0,3.7489,0.2316,7,0
1145,29.90891374,-0.802859565,1.6835,0.1861,7,0,0.6934,0.0754,7,0,0.8202,0.106,7,0,27.4598,3.2888,7,0
1146,29.91037715,-0.329757824,0.2692,0.0583,7,0,0.1073,0.018,7,0,0.189,0.0228,7,0,9.3155,0.848,7,0
1147,29.91479076,-0.358438996,0.2498,0.0297,7,0,0.1049,0.0112,7,0,0.1087,0.0123,7,0,8.1317,0.2242,7,0
1148,29.93482568,-0.05206706,5.2559,1.1215,7,0,,,,,,,,,272.8993,65.7618,7,0
1149,29.94412532,-0.559060393,0.3564,0.0803,7,0,0.1636,0.0299,7,0,0.2011,0.0322,7,0,6.62,0.5491,7,0
1150,29.95312415,-0.786415519,1.3423,0.3185,7,0,0.3926,0.084,7,0,1.2228,0.1558,7,0,27.7559,2.2677,7,0
1151,29.95620277,-0.017380546,24.7289,2.6129,7,0,,,,,,,,,4217.6372,348.9537,7,0
1152,29.9696949,-0.413708441,2.57,0.3398,7,0,0.9741,0.1816,7,0,3.4237,0.3585,7,0,46.3839,6.5523,7,0
1153,30.00332363,-0.265867336,0.3181,0.0384,9,12,0.0772,0.013,10,11,0.2745,0.0424,9,12,28.4765,3.2477,7,0
1154,30.02330139,-0.042858856,13.6266,2.7471,7,0,6.8577,1.287,7,0,,,,,670.0142,89.9945,7,0
1155,30.02425346,0.1085479,1.1388,0.203,10,13,0.7342,0.0958,9,14,4.3402,1.0345,7,16,60.954,13.0436,7,0
1156,30.03251489,0.107908234,0.8897,0.0848,8,13,0.2219,0.0323,8,13,1.446,0.1365,8,13,27.1757,2.1584,7,0
1157,30.05582795,-0.339032341,0.0771,0.0263,10,10,0.2175,0.0909,7,13,1.7325,0.3114,13,7,12.9664,5.558,7,0
1158,30.06701456,0.097636709,1.9017,0.958,7,11,0.8641,0.4424,7,11,1.6002,0.398,8,10,43.0775,12.9177,7,0
1159,30.09548025,0.044085361,0.4392,0.0512,7,11,0.1212,0.0113,9,9,0.4743,0.04,7,11,11.2239,0.8106,7,0
1160,30.1139104,-0.564677164,4.9219,0.2104,10,8,1.5997,0.3456,7,11,3.2171,0.3254,8,10,0.8419,0.0984,7,0
1161,30.13198181,-0.65869003,0.1474,0.0161,9,7,0.0746,0.0129,7,9,0.0846,0.0124,8,8,2.8634,0.3131,7,0
1162,30.19711165,0.308532956,0.326,0.0276,9,6,0.1296,0.0175,7,8,1.8822,0.1598,7,8,36.2837,2.3482,7,0
1163,30.20523749,0.327453206,0.2209,0.0518,8,7,0.0993,0.0194,8,7,0.2198,0.0372,7,8,8.6901,1.044,7,0
1164,30.21092567,0.480734526,0.6238,0.1172,7,7,0.2708,0.0489,7,7,0.3369,0.0562,7,7,1.3147,0.5677,7,0
1165,30.21180647,0.42934506,0.783,0.0667,10,4,0.5457,0.0751,7,7,2.0442,0.1863,7,7,56.7051,1.9794,7,0
1166,30.21919014,-0.178560734,4.1298,0.9485,8,6,1.8313,0.6017,7,7,9.1514,2.7902,7,7,136.4154,41.6426,7,0
1167,30.23647826,0.120797399,0.1761,0.0695,7,7,0.0972,0.0217,7,7,0.2909,0.0333,8,6,4.6565,0.6977,7,0
1168,30.24761733,0.245540091,1.0739,0.4322,7,6,0.7463,0.274,7,6,3.5971,0.8119,8,5,69.2592,25.4764,7,0
1169,30.2535626,0.053414926,1.8479,0.2593,7,0,0.8972,0.1457,7,0,,,,,142.1505,9.9216,7,0
1170,30.29690094,0.05517779,1.4872,0.1294,7,0,0.8685,0.1086,7,0,,,,,122.9315,5.9051,7,0
1171,30.30939076,-0.213456599,0.799,0.5319,7,7,0.8132,0.2674,7,7,5.5769,1.6282,7,7,22.5883,8.9718,7,0
1172,30.34357999,0.37981001,0.6123,0.1781,8,6,0.3799,0.103,8,6,0.7717,0.1536,10,4,13.6676,4.7818,7,0
1173,30.34931411,0.090317762,3.4505,0.5898,7,6,1.2111,0.2565,7,6,5.8577,0.6476,7,6,102.5506,10.9375,7,0
1174,30.3516521,0.517107514,0.5189,0.3336,7,6,0.0365,0.0085,8,5,0.1962,0.0203,7,6,8.8826,0.5834,7,0
1175,30.35686412,0.487160492,0.099,0.0063,7,6,0.0363,0.0049,7,6,0.0784,0.0111,7,6,3.389,0.1449,7,0
1176,30.36907847,-0.818943539,0.1046,0.0131,8,5,0.0385,0.0062,7,6,0.0709,0.007,8,5,1.4127,0.1868,7,0
1177,30.37806228,0.108885584,3.1382,0.3202,8,5,1.4179,0.224,9,4,7.3083,0.737,7,6,112.3823,15.8081,7,0
1178,30.3817685,-0.109389568,13.1652,2.802,7,0,6.0145,1.468,7,0,,,,,428.1351,78.8718,7,0
1179,30.38882461,-0.792043361,0.3376,0.0585,9,4,0.1742,0.0361,8,5,0.1421,0.02,8,5,4.6219,1.6542,7,0
1180,30.4109002,-0.227350931,3.2838,0.0763,7,0,0.9087,0.2006,7,0,,,,,49.3567,4.8883,7,0
1181,30.41868587,0.470578054,0.1151,0.0136,8,5,0.0302,0.0056,7,6,0.0781,0.0062,8,5,4.1328,0.4136,7,0
1182,30.42232356,0.466875412,0.163,0.0376,9,3,0.0139,0.0032,7,5,0.2562,0.1305,7,5,10.8163,1.1208,7,0
1183,30.42470835,0.462784381,0.3714,0.0328,8,5,0.0804,0.0092,8,4,1.8202,0.1046,9,3,16.9514,2.9682,7,1
1184,30.47108755,0.222069867,0.1248,0.0304,8,3,0.1113,0.019,9,2,2.3533,0.169,7,4,3.7159,0.5566,7,0
1185,30.48932246,-0.358388392,0.4645,0.093,8,3,0.2297,0.0346,8,3,5.6052,0.6172,8,3,12.0478,1.6681,7,0
1186,30.495467,0.622822926,0.122,0.0608,7,4,0.0805,0.0242,8,3,0.0877,0.0287,7,4,3.0618,0.7969,7,0
1187,30.50619557,-0.197941392,2.3105,0.401,7,4,0.8452,0.1342,8,3,1.3651,0.1722,8,3,43.6088,5.5576,7,0
1188,30.53365104,0.021202716,5.4645,0.8278,7,0,3.3645,0.7054,7,0,,,,,559.1446,65.1473,7,0
1189,30.60464453,0.453557887,0.0346,0.0061,9,2,0.0066,0.0012,7,4,0.019,0.002,8,3,0.3174,0.0282,7,0
1190,30.61141222,0.452299302,0.0679,0.0178,8,3,0.0176,0.0028,7,4,0.0262,0.0041,7,4,1.0956,0.1142,7,0
1191,30.62473263,0.168861379,0.2539,0.0311,7,4,0.0761,0.0099,9,2,0.2826,0.0294,8,3,20.534,1.5297,7,0
1192,30.64117783,-0.115444154,1.7174,0.1717,7,4,0.7224,0.0897,7,4,3.0602,0.1906,7,4,56.791,5.0097,7,0
1193,30.64396434,-1.037178767,0.0164,0.0109,6,0,,,,,0.1933,0.0214,3,0,0.2808,0.1452,6,0
1194,30.65607142,0.227468557,0.5042,0.1887,8,3,0.2585,0.0737,7,4,0.6148,0.1167,7,4,21.5633,6.383,7,0
1195,30.69317741,0.227975923,0.1504,0.0441,8,4,0.0472,0.0178,7,5,0.1324,0.0211,8,4,7.2308,1.6337,8,0
1196,30.69395936,-0.365621905,0.6029,0.1106,9,2,0.2378,0.0398,8,2,0.594,0.1006,7,3,24.3595,3.8528,8,0
1197,30.71001899,-0.559165083,4.1453,0.0916,8,2,1.7041,0.2448,7,3,1.7911,0.1378,7,3,1.7256,0.1725,7,0
1198,30.74592577,-0.801156948,0.1902,0.0218,8,2,0.0237,0.002,7,3,0.1067,0.0066,8,2,3.0002,0.2882,7,0
1199,30.75642948,0.202127263,2.0384,0.8317,7,3,0.778,0.3668,7,3,5.9176,2.4996,7,3,117.1524,51.8697,7,0
1200,30.75961919,-0.056233735,4.5005,1.0276,7,1,,,,,,,,,413.1291,72.3585,7,1
1201,30.7597833,0.205218458,3.1632,0.4926,8,2,1.0281,0.2286,8,2,9.0738,1.3426,8,2,199.2807,30.7315,7,0
1202,30.76429261,-0.034349221,9.8363,2.2926,7,0,,,,,,,,,535.1951,129.5452,7,0
1203,30.76782475,-0.590787689,0.1633,0.0394,8,2,0.1415,0.0396,8,2,2.5588,0.18,7,3,11.7915,1.8453,7,0
1204,30.77992592,0.229478155,0.1666,0.0155,8,2,0.0631,0.0104,7,3,0.4508,0.0409,8,2,30.1247,3.624,7,0
1205,30.8389551,0.113303479,0.1369,0.0288,8,2,0.2249,0.0205,8,2,1.2089,0.1082,9,1,11.06,4.531,7,0
1206,30.84737568,0.153623379,0.1729,0.0345,7,3,0.0516,0.0118,7,3,0.3918,0.0684,8,2,11.0831,3.9582,7,0
1207,30.85635314,-0.510215538,0.0539,0.0083,8,1,0.0173,0.0032,8,1,0.0274,0.0033,8,1,0.7973,0.0894,7,0
1208,30.86651443,0.113880105,4.7535,0.3743,7,0,3.1485,0.6547,7,0,,,,,871.4255,55.6201,7,0
1209,30.87565129,-0.347544952,0.3565,0.0292,8,1,0.1423,0.0149,8,1,0.2445,0.0209,8,1,8.2595,0.4486,7,0
1210,30.87703524,0.05841855,1.0537,0.0898,7,0,0.3437,0.0468,7,0,4.4343,0.1627,3,0,37.8557,1.4575,7,0
1211,30.88205512,-0.235365791,2.27,0.442,7,2,0.5693,0.1588,8,1,1.2941,0.2709,8,1,61.5034,11.0171,7,0
1212,30.88206077,0.073828416,0.9225,0.0587,7,0,1.1687,0.1341,7,0,,,,,45.9512,3.6511,7,0
1213,30.90718884,0.1595651,1.0477,0.5817,7,2,0.4435,0.1806,7,2,2.1544,0.5511,8,1,47.3564,18.4449,7,0
1214,30.92285194,0.273848557,0.3174,0.0982,8,1,0.2957,0.0642,8,1,2.7062,0.4324,8,1,4.4012,1.3239,7,0
1215,30.95810022,0.086612293,2.2735,0.0663,7,0,0.8838,0.0805,7,0,,,,,187.1548,7.0736,7,0
1216,30.95892631,0.600970713,0.4798,0.0677,7,0,0.1457,0.0479,7,0,0.385,0.0666,7,0,9.7764,0.8508,7,0
1217,30.97248474,0.561558276,0.8117,0.0477,7,0,0.4949,0.0398,7,0,3.3875,0.2353,7,0,41.1907,2.3758,7,0
1218,30.99697592,-0.075862584,1.1491,0.1597,7,0,0.7893,0.0949,7,0,,,,,57.2556,3.5877,7,0
1219,31.03331145,0.466844554,0.4421,0.033,7,0,0.2433,0.0175,7,0,1.2037,0.0833,7,0,9.0383,0.4142,7,0
1220,31.04781433,0.355024927,4.303,0.3123,7,0,1.6102,0.1585,7,0,7.1057,0.4046,7,0,127.6653,8.4304,7,0
1221,31.04929695,0.4700916,0.4591,0.0193,7,0,0.2421,0.0163,7,0,4.4048,0.2301,7,0,56.567,1.7131,7,0
1222,31.05952971,0.092260837,0.6353,0.1021,7,0,0.3289,0.0375,7,0,4.0455,0.2438,7,0,111.0707,7.3746,7,0
1223,31.07007295,0.049951189,3.8953,0.9183,7,0,2.5556,0.5011,7,0,,,,,283.5731,48.4325,7,0
1224,31.12179761,0.062772624,0.4433,0.047,7,0,0.1416,0.0166,7,0,1.0327,0.0607,7,0,49.0284,2.5592,7,0
1225,31.15869874,0.045727067,0.6386,0.0762,7,0,0.644,0.074,7,0,7.2902,0.4014,7,0,116.7853,6.7415,7,0
1226,31.20797675,0.099298951,1.4193,0.7894,7,0,0.5619,0.343,7,0,2.0427,0.6606,7,0,41.0182,23.7152,7,0
1227,31.24203077,-0.129452765,0.6559,0.0392,7,0,0.2132,0.0296,7,0,0.2892,0.0309,7,0,7.828,0.8932,7,0
1228,31.24237579,-0.11016159,2.5053,0.4681,7,0,2.7221,0.3812,7,0,,,,,890.3206,42.1959,7,0
1229,31.26026463,0.489371958,0.0351,0.0069,7,0,0.0087,0.0012,7,0,0.0216,0.0026,7,0,0.8136,0.1055,7,0
1230,31.26682376,0.495799529,0.0318,0.0086,7,0,0.0126,0.0023,7,0,0.037,0.0049,7,0,0.9189,0.1366,7,0
1231,31.26955289,0.064279303,0.8385,0.0303,7,0,0.2696,0.0367,7,0,4.9989,0.6868,3,0,47.3188,2.7123,7,0
1232,31.27786475,0.064277411,3.2726,0.7168,7,0,1.7846,0.411,7,0,,,,,618.1806,193.9032,7,0
1233,31.29964957,-0.131462114,0.165,0.0242,7,0,0.0174,0.0032,7,0,0.0998,0.012,7,0,2.4769,0.2792,7,0
1234,31.3027423,-0.134010068,0.5344,0.0311,7,0,0.0844,0.0139,7,0,0.7121,0.058,7,0,14.578,2.0276,7,0
1235,31.30648205,-0.136195122,0.0646,0.0191,7,0,0.0171,0.0129,7,0,0.0206,0.0087,7,0,2.0587,1.5799,7,0
1236,31.31093153,0.531892904,0.1047,0.0235,6,0,0.0428,0.01,6,0,0.0551,0.0121,6,0,2.6942,0.6965,6,0
1237,31.33080333,-0.158888004,0.2534,0.0431,6,0,0.0652,0.0099,6,0,0.2428,0.0179,6,0,7.8935,0.5721,6,0
1238,31.39427863,-0.258389021,4.4281,0.8361,6,0,2.1926,0.4129,6,0,,,,,1037.1518,31.7872,6,0
1239,31.40910293,0.308457799,0.4995,0.2699,6,0,0.2001,0.1815,6,0,0.0507,0.0,1,0,147.7109,140.3733,6,0
1240,31.40911678,0.305022752,0.144,0.0255,6,0,0.003,0.0035,6,0,0.1153,0.0,1,0,-24.7407,15.6958,6,0
1241,31.4128379,0.047567004,0.4727,0.0187,6,0,0.1823,0.0197,6,0,0.4701,0.0342,6,0,13.9048,0.7276,6,0
1242,31.41372642,0.310076118,1.5314,0.4507,6,0,0.9524,0.2392,6,0,,,,,709.2762,239.4395,6,0
1243,31.42025795,-0.157968975,0.4498,0.0345,6,0,0.1554,0.0174,6,0,0.2801,0.0234,6,0,8.7992,0.604,6,0
1244,31.42702291,-0.139810322,1.4297,0.1735,6,0,0.5182,0.0646,6,0,1.6696,0.1477,6,0,46.9738,5.1722,6,0
1245,31.4309394,0.288041834,0.3227,0.0548,6,0,0.2548,0.0389,6,0,2.6022,0.3778,6,0,6.9344,1.0261,6,0
1246,31.44630805,0.768070696,0.0734,0.0132,6,0,0.0304,0.0044,6,0,0.0582,0.0059,6,0,0.8003,0.2002,6,0
1247,31.47518294,-0.347116888,0.8909,0.1573,6,0,0.8851,0.5642,6,0,3.7387,2.7796,6,0,38.2773,18.7549,6,0
1248,31.5082403,-0.245358592,0.1772,0.0517,5,0,0.1411,0.0492,2,0,0.4259,0.054,5,0,4.5428,0.8132,5,0
1249,31.55336099,-0.096795547,0.2419,0.0227,5,0,0.0561,0.0096,5,0,0.1323,0.0168,5,0,2.1066,0.2239,5,0
1250,31.55909602,-0.123263656,0.0848,0.0216,5,0,0.0405,0.0059,5,0,0.148,0.0152,5,0,1.4143,0.2222,5,0
1251,31.56075128,0.376050928,0.6512,0.1175,5,0,0.4801,0.0406,5,0,2.6038,0.0922,5,0,45.2357,1.1266,5,0
1252,31.56666906,-0.270574412,2.0449,0.4849,5,0,0.823,0.1881,5,0,1.3906,0.2258,5,0,50.22,9.3659,5,0
1253,31.5745008,0.228474714,0.0741,0.0244,5,0,0.0414,0.0106,5,0,0.1094,0.0198,5,0,1.2127,0.2088,5,0
1254,31.57921796,0.075147204,1.8012,0.0311,5,0,0.3329,0.0522,5,0,9.5778,2.0978,5,0,332.4689,63.0599,5,0
1255,31.59186438,-0.192752252,0.8819,0.2487,5,0,0.4258,0.1344,5,0,1.0394,0.1919,5,0,39.8648,1.3442,5,0
1256,31.59262189,0.324217354,0.134,0.0533,5,0,0.0547,0.0197,5,0,0.1359,0.0361,5,0,2.7863,0.8419,5,0
1257,31.59679626,-0.340714146,0.4628,0.0468,5,0,0.0762,0.007,5,0,0.2169,0.0529,5,0,7.4567,0.6252,5,0
1258,31.59805641,-0.679970419,0.0427,0.0095,5,0,0.0218,0.0053,5,0,0.0361,0.0063,5,0,0.272,0.0736,5,0
1259,31.61109698,0.090249162,0.1342,0.0282,5,0,0.0853,0.0127,5,0,0.1592,0.0236,5,0,1.6969,0.3143,5,0
1260,31.642863,-0.267028444,0.3695,0.1307,5,0,0.0572,0.0283,5,0,0.1847,0.0358,5,0,5.3714,1.2226,5,0
1261,31.66121624,0.366998186,1.3237,0.1847,5,0,1.3821,0.2884,5,0,6.7046,0.5322,5,0,35.7178,1.4879,5,0
1262,31.6746624,0.239424471,1.7971,0.0847,5,0,1.043,0.1656,5,0,1.7919,0.1034,5,0,4.067,0.8683,5,0
1263,31.68212741,-0.151829645,0.2026,0.0158,5,0,0.1588,0.0294,5,0,0.5198,0.0492,5,0,0.4751,0.0825,5,0
1264,31.72940938,0.700476915,0.179,0.0459,5,0,0.1503,0.0436,5,0,0.4691,0.1109,5,0,11.8621,3.3022,5,0
1265,31.73778142,-0.182379511,0.5635,0.2158,5,0,0.2003,0.0771,5,0,0.5906,0.0933,5,0,15.1637,3.7277,5,0
1266,31.75678162,-0.782314243,0.1006,0.0114,5,0,0.0443,0.0107,5,0,0.0595,0.0099,5,0,0.5779,0.162,5,0
1267,31.79008806,-0.305959526,0.848,0.0847,5,0,0.415,0.0559,5,0,0.8503,0.0326,5,0,14.3431,1.0209,5,0
1268,31.82063592,-0.113153494,0.2996,0.0231,5,0,0.0307,0.0261,5,0,0.3231,0.2666,5,0,2.8853,3.8021,5,0
1269,31.82427522,-0.113379275,0.4955,0.0167,5,0,0.2468,0.0644,5,0,4.0912,0.7568,5,0,23.5167,2.2667,5,0
1270,31.8358804,-0.140841828,0.0899,0.0305,5,0,0.0393,0.0159,5,0,0.1103,0.0599,5,0,0.1302,0.0712,5,0
1271,31.83774072,-0.128719687,1.7151,0.1104,5,0,0.5968,0.0911,5,0,1.1192,0.1117,5,0,22.0586,1.9526,5,0
1272,31.8420179,-0.116447078,0.6395,0.0125,5,0,0.2062,0.0374,5,0,0.5563,0.061,5,0,8.8443,0.9281,5,0
1273,31.91336826,0.195635525,8.4877,2.1794,5,0,2.9969,1.3073,5,0,7.1289,2.114,5,0,70.6741,37.9,5,0
1274,31.91596517,0.440003878,0.7775,0.0928,5,0,0.2255,0.0268,5,0,1.024,0.056,5,0,18.6377,1.0335,5,0
1275,31.94677428,0.065421096,0.2394,0.0076,5,0,0.1072,0.0168,5,0,0.2235,0.0192,5,0,3.9128,0.3004,5,0
1276,31.98534351,-0.557388898,7.4647,0.3267,5,0,2.5459,0.7466,5,0,,,,,2.2754,0.2108,5,0
1277,32.021994,0.066533466,2.0895,0.0402,5,0,0.8392,0.1029,5,0,4.3743,0.2043,5,0,45.8758,3.9437,5,0
1278,32.03020732,0.049879578,4.8843,0.6087,5,0,2.255,0.3791,5,0,,,,,133.8251,18.7407,5,0
1279,32.06321702,0.80790111,0.0817,0.014,5,0,0.0516,0.0085,5,0,0.0818,0.0076,5,0,1.2337,0.1723,5,0
1280,32.06817744,-0.089799599,0.5355,0.127,5,0,0.1805,0.0398,5,0,0.7341,0.1241,5,0,25.4048,4.2411,5,0
1281,32.10483484,-0.372784276,0.4872,0.2156,5,0,0.2757,0.1189,5,0,0.2487,0.1053,5,0,3.6779,1.86,5,0
1282,32.11265808,0.096554103,2.6327,0.1618,5,0,0.8496,0.0805,5,0,,,,,59.3231,5.6033,5,0
1283,32.11988437,0.090934665,3.0574,1.7086,5,0,1.0814,0.7754,5,0,,,,,198.817,46.0176,5,0
1284,32.13136356,-0.091576667,0.7424,0.0178,5,0,0.2294,0.023,5,0,0.5237,0.0276,5,0,19.445,0.7749,5,0
1285,32.13397091,0.90223789,0.0931,0.0255,5,0,0.0627,0.0147,5,0,0.0958,0.0183,5,0,2.9165,0.6184,5,0
1286,32.1520191,0.131369542,10.7069,3.137,5,0,,,,,,,,,425.3176,110.9258,5,0
1287,32.15373068,-0.278929738,0.6177,0.0292,5,0,0.3107,0.0609,5,0,0.3641,0.048,5,0,4.8829,1.5291,5,0
1288,32.27117125,-0.226111453,3.3236,0.5308,5,0,2.8302,0.5931,5,0,,,,,201.5121,28.8603,5,0
1289,32.30573485,0.374077641,0.2013,0.047,5,0,0.0188,0.0079,5,0,0.087,0.0087,5,0,3.106,0.1012,5,0
1290,32.31820651,-0.384156195,0.7746,0.1356,5,0,0.4457,0.1475,5,0,0.5972,0.1667,5,0,14.7179,4.1021,5,0
1291,32.32323692,0.780839606,0.0923,0.0215,5,0,0.0536,0.0094,5,0,0.0711,0.0091,5,0,0.621,0.2142,5,0
1292,32.32746641,0.2558036,0.1458,0.0132,5,0,0.0498,0.014,5,0,0.0706,0.0166,5,0,2.7105,0.4163,5,0
1293,32.40008716,-0.328267141,0.2252,0.0359,5,0,0.0751,0.0152,5,0,0.234,0.0237,5,0,4.537,0.3425,5,0
1294,32.40419271,0.162290035,0.3186,0.0179,5,0,0.1226,0.0168,5,0,2.1668,0.1663,5,0,19.5295,1.5257,5,0
1295,32.42236569,0.078306821,1.6526,0.182,5,0,0.7303,0.11,5,0,3.4102,0.2359,5,0,61.0775,4.9846,5,0
1296,32.4368631,0.416077649,0.3021,0.0278,5,0,0.0958,0.0217,5,0,0.1381,0.0352,5,0,3.815,0.6868,5,0
1297,32.45818191,0.226066752,0.4371,0.0476,5,0,0.1919,0.0278,5,0,0.6238,0.0414,5,0,10.1866,1.086,5,0
1298,32.45822771,0.385581835,0.7967,0.2041,5,0,0.4274,0.0963,5,0,0.8167,0.225,5,0,26.2701,6.074,5,0
1299,32.46353232,0.194109719,0.247,0.0654,5,0,0.1242,0.0235,5,0,1.0977,0.0997,2,0,8.2766,1.0232,5,0
1300,32.46622382,0.200427319,0.524,0.0359,5,0,0.087,0.0115,5,0,1.072,0.0395,2,0,11.6117,1.2724,5,0
1301,32.473514,0.205644478,2.2146,0.1011,5,0,1.2484,0.2318,5,0,,,,,171.1721,16.7484,5,0
1302,32.50756352,0.842581872,0.1806,0.0579,5,0,0.1107,0.0343,5,0,0.0832,0.0256,5,0,2.2346,0.8744,5,0
1303,32.57647732,-0.623062777,0.4642,0.0311,5,0,0.1806,0.0212,5,0,0.1476,0.0183,5,0,5.1264,0.7934,5,0
1304,32.57798664,0.41915333,0.096,0.0167,5,0,0.0447,0.0124,5,0,0.0785,0.016,5,0,1.4311,0.1888,5,0
1305,32.60104944,-0.251384074,3.6083,0.1873,5,0,1.4872,0.1962,5,0,5.0826,0.2296,5,0,58.681,5.1102,5,0
1306,32.61053412,-0.240903175,2.169,0.2814,5,0,0.7361,0.154,5,0,2.7567,0.2852,5,0,47.935,6.3177,5,0
1307,32.62680708,-0.101973384,0.4025,0.0311,5,0,0.1321,0.0134,5,0,0.2112,0.0174,5,0,8.3203,0.5061,5,0
1308,32.63243029,-0.130948811,0.2751,0.0082,5,0,0.0789,0.0135,5,0,0.139,0.0218,5,0,2.6129,0.4062,5,0
1309,32.632485,-0.66207049,0.2544,0.0842,5,0,0.0484,0.0275,5,0,0.2477,0.1203,5,0,4.1035,0.7933,5,0
1310,32.64853003,-0.648559669,0.179,0.0212,5,0,0.0426,0.0086,5,0,0.1539,0.0172,5,0,2.5203,0.428,5,0
1311,32.69297207,0.046956598,0.3909,0.0345,5,0,0.1367,0.0212,5,0,0.3911,0.0385,5,0,7.2538,0.5979,5,0
1312,32.70323151,-0.056339293,0.1481,0.0066,5,0,0.0168,0.0015,5,0,0.2573,0.0066,5,0,17.0246,1.769,5,0
1313,32.70956274,-0.062482775,1.2664,0.0823,5,0,0.4739,0.0591,5,0,1.7803,0.1091,5,0,18.1924,1.6952,5,0
1314,32.72309561,-0.295612198,0.1611,0.0194,5,0,0.0584,0.0103,5,0,0.1102,0.0182,5,0,1.3542,0.1868,5,0
1315,32.73955676,0.194441084,0.3832,0.0391,5,0,0.168,0.03,5,0,2.1836,0.2273,5,0,25.2901,2.0239,5,0
1316,32.74573559,-0.073397213,0.0848,0.0246,5,0,0.0336,0.0128,5,0,0.9681,0.2355,5,0,288.0993,12.1113,5,0
1317,32.74835255,-0.063748921,1.5906,0.0441,5,0,0.6511,0.0753,5,0,3.99,0.302,5,0,75.419,3.7289,5,0
1318,32.76926217,-0.182820422,0.1449,0.0376,5,0,0.0314,0.011,5,0,0.2097,0.0437,5,0,4.6833,1.0851,5,0
1319,32.772946,-0.05924745,0.1104,0.0155,5,0,0.0297,0.0049,5,0,0.2011,0.0241,5,0,4.7994,0.365,5,0
1320,32.77479152,0.184199381,0.3767,0.1026,5,0,0.2543,0.044,5,0,1.5865,0.0884,5,0,12.2689,1.8347,5,0
1321,32.79228785,0.193346309,0.0976,0.2154,5,0,0.0078,0.0424,3,0,,,,,-40.1344,46.2032,5,0
1322,32.79413543,0.206211173,0.5123,0.0847,5,0,0.2471,0.1004,3,0,2.3746,0.5902,3,0,15.294,3.1082,5,0
1323,32.79643753,0.188904707,10.1087,1.0819,5,0,,,,,,,,,3465.2712,245.4493,5,0
1324,32.79714584,0.183967142,3.0795,1.7151,5,0,,,,,,,,,501.6489,530.1262,5,0
1325,32.83251944,-0.215919103,0.8257,0.1512,5,0,0.205,0.0631,5,0,0.5949,0.1068,5,0,19.964,4.5216,5,0
1326,32.85985257,-0.410472741,0.5567,0.1648,5,0,0.2056,0.0765,5,0,0.3833,0.2172,5,0,10.9288,4.7954,5,0
1327,32.87155415,0.696856403,0.1179,0.0272,5,0,0.0658,0.0118,5,0,0.0737,0.0143,5,0,0.7648,0.2228,5,0
1328,32.88770103,-0.278227092,0.8798,0.0481,5,0,0.4054,0.0604,5,0,0.5349,0.0441,5,0,8.6764,0.7962,5,0
1329,32.92758727,0.605645977,2.5824,0.2919,5,0,2.8398,0.327,5,0,,,,,218.0554,14.7654,5,0
1330,32.94489455,-0.376904022,0.3938,0.1648,5,0,0.1453,0.056,5,0,0.4782,0.0735,5,0,6.6863,2.0715,5,0
1331,32.95934962,0.126671011,0.2812,0.0673,5,0,0.0976,0.0141,5,0,0.1598,0.0128,5,0,5.7501,0.7947,5,0
1332,32.96237049,-0.33954263,0.4846,0.1131,5,0,0.29,0.064,5,0,0.8485,0.1868,5,0,22.6929,3.3901,5,0
1333,32.99047789,0.039122175,4.1966,1.7777,5,0,1.4373,0.9242,5,0,8.2483,4.6723,5,0,201.0969,91.572,5,0
1334,33.01988241,-0.358036796,0.2168,0.0301,5,0,0.0456,0.0089,5,0,0.0674,0.0094,5,0,1.5648,0.1417,5,0
1335,33.02330848,-0.365203278,1.2983,0.0471,5,0,0.5043,0.0655,5,0,4.646,0.271,5,0,51.3716,2.9038,5,0
1336,33.04832427,0.076767789,0.6015,0.1363,5,0,0.2342,0.0541,5,0,0.2727,0.0408,5,0,12.6994,1.5165,5,0
1337,33.06876725,-0.197558968,0.2955,0.0129,5,0,0.1363,0.0129,5,0,0.6852,0.0345,5,0,10.5816,0.8253,5,0
1338,33.1103629,-0.094027653,0.441,0.1295,5,0,0.32,0.0602,5,0,3.2611,0.1699,5,0,24.4328,3.4287,5,0
1339,33.13301905,-0.09274251,0.4241,0.0242,5,0,0.243,0.0385,5,0,6.7854,1.033,3,0,401.9239,27.878,5,0
1340,33.14259378,-0.086817251,0.7696,0.0751,5,0,0.8863,0.1605,5,0,,,,,45.2037,11.6873,5,0
1341,33.20258294,-0.009753983,1.8479,0.1049,5,0,0.6198,0.182,5,0,,,,,101.6612,8.2915,5,0
1342,33.20780924,-0.013422492,0.706,0.3049,5,0,0.3424,0.0305,5,0,5.0169,0.434,2,0,8.4188,2.441,5,0
1343,33.26324457,0.065896239,1.978,0.502,5,0,0.7426,0.1889,5,0,3.9033,0.451,5,0,77.8896,13.489,5,0
1344,33.28946204,-0.01904508,2.4654,0.3118,5,0,1.0614,0.1775,5,0,3.9364,0.5559,5,0,78.7017,8.5415,5,0
1345,33.29842175,-0.338348731,0.1624,0.0265,5,0,0.0666,0.0165,5,0,0.086,0.0141,5,0,2.5954,0.2797,5,0
1346,33.30247493,0.094272322,0.1735,0.0594,5,0,0.0697,0.0354,5,0,0.134,0.0536,5,0,4.3281,1.4934,5,0
1347,33.31360806,-0.271657146,0.5512,0.047,5,0,0.1982,0.0231,5,0,0.4133,0.0534,5,0,11.8043,0.8293,5,0
1348,33.3305919,0.163672044,0.2461,0.0107,5,0,0.0533,0.0109,5,0,0.1467,0.0163,5,0,2.1349,0.2163,5,0
1349,33.33686398,0.165470433,1.067,0.0312,5,0,0.3715,0.0251,5,0,0.8993,0.1004,5,0,18.0118,1.0149,5,0
1350,33.39185279,-0.012650425,0.1335,0.0426,5,0,0.0834,0.0174,5,0,0.5145,0.0448,5,0,4.1082,1.2898,5,0
1351,33.40433828,0.373447629,0.08,0.014,5,0,0.0293,0.004,5,0,0.0386,0.0062,5,0,1.8819,0.1945,5,0
1352,33.417426,0.036831807,1.0367,0.2502,5,0,0.2485,0.0526,5,0,0.4275,0.038,5,0,14.8537,3.2167,5,0
1353,33.41770227,-0.003988034,2.2603,0.2675,5,0,1.4906,0.2825,5,0,10.2132,1.3513,5,0,125.5309,13.2946,5,0
1354,33.42551162,-0.012803771,0.8092,0.05,5,0,0.1602,0.0332,5,0,2.1124,0.285,5,0,47.4606,4.3771,5,0
1355,33.47019198,-0.086558903,0.8827,0.0433,5,0,0.2793,0.0341,5,0,0.8214,0.0811,5,0,14.9729,0.8829,5,0
1356,33.47897659,-0.116917155,0.1464,0.0127,5,0,0.0523,0.0093,5,0,0.0703,0.0118,5,0,2.0259,0.1897,5,0
1357,33.48254203,-0.209991282,0.3037,0.0116,5,0,0.0854,0.0099,5,0,0.3771,0.0305,5,0,9.3142,0.3712,5,0
1358,33.48872632,0.152181224,0.2984,0.0308,5,0,0.093,0.0118,5,0,0.1348,0.0124,5,0,4.3006,0.4439,5,0
1359,33.49185752,0.158740845,0.1318,0.0088,5,0,0.0264,0.0025,5,0,0.2091,0.0169,5,0,2.7319,0.2392,5,0
1360,33.49647418,-0.013199475,1.0241,0.2327,5,0,0.265,0.0917,5,0,3.4479,0.4644,5,0,51.1317,8.8526,5,0
1361,33.51814962,-0.056726208,0.1882,0.0214,5,0,0.0569,0.0136,5,0,0.8062,0.082,5,0,22.8747,1.3799,5,0
1362,33.51890443,0.149935141,0.0143,0.0238,5,0,0.0208,0.0043,5,0,0.0634,0.0085,5,0,0.6233,0.0755,5,0
1363,33.53008704,-0.118568978,0.3043,0.0321,5,0,0.1022,0.017,5,0,0.3259,0.0451,5,0,6.1708,0.8866,5,0
1364,33.53422353,-0.109334218,2.99,0.0604,5,0,1.3282,0.0928,5,0,3.0981,0.1259,5,0,61.0657,2.4885,5,0
1365,33.55462905,-0.162906918,0.1435,0.0216,5,0,0.0505,0.0076,5,0,0.1377,0.012,5,0,2.0264,0.3568,5,0
1366,33.5900361,0.22577603,0.0631,0.0069,5,0,0.0339,0.0067,5,0,0.0796,0.0089,5,0,1.3011,0.2135,5,0
1367,33.61149477,0.083306432,0.2877,0.0583,5,0,0.0858,0.0168,5,0,0.2041,0.0356,5,0,10.6894,1.157,5,0
1368,33.62918117,-0.017654574,2.0681,0.3951,5,0,0.645,0.1239,5,0,2.772,0.1361,5,0,40.3164,4.3596,5,0
1369,33.6336327,-0.020999843,0.6823,0.0319,5,0,0.0834,0.0113,5,0,1.1012,0.0983,5,0,5.9606,1.037,5,0
1370,33.63799244,-0.035673578,0.3833,0.0041,5,0,0.1448,0.0283,5,0,0.83,0.0844,5,0,2.9735,0.2636,5,0
1371,33.64260408,-0.227646176,1.2708,0.6559,5,0,0.7607,0.318,5,0,5.4214,0.5322,5,0,172.1847,16.4382,5,0
1372,33.64570723,-0.312531889,0.1215,0.0295,5,0,0.0431,0.0125,5,0,0.0478,0.0129,5,0,2.3757,0.2757,5,0
1373,33.64983037,-0.025827063,1.7548,0.0784,5,0,0.4769,0.0601,5,0,5.0205,0.5942,3,0,59.235,3.6114,5,0
1374,33.65373451,-0.017637616,2.7968,0.1191,5,0,1.0679,0.1253,5,0,,,,,129.8381,8.1735,5,0
1375,33.6537698,-0.165333183,0.1656,0.0282,5,0,0.063,0.0091,5,0,0.1015,0.0125,5,0,2.536,0.2563,5,0
1376,33.65397537,0.157118465,0.2706,0.0532,5,0,0.0841,0.0131,5,0,0.2021,0.0169,5,0,5.2726,0.3818,5,0
1377,33.68048522,-0.01734179,0.5151,0.0557,5,0,0.2282,0.0289,5,0,0.95,0.0441,5,0,15.3477,0.9678,5,0
1378,33.70563431,0.283593982,0.1302,0.0128,5,0,0.0575,0.007,5,0,0.1924,0.0231,5,0,4.353,0.1647,5,0
1379,33.71124683,0.134007651,0.1704,0.012,5,0,0.0706,0.0072,5,0,0.7501,0.0233,5,0,9.5678,0.3172,5,0
1380,33.72593862,-0.425135407,0.0956,0.0166,5,0,0.028,0.0051,5,0,0.0554,0.0083,5,0,1.8282,0.2445,5,0
1381,33.72662625,-0.118624428,0.16,0.0092,5,0,0.068,0.0095,5,0,0.2378,0.0227,5,0,13.9356,0.7421,5,0
1382,33.739533,0.347657551,0.3733,0.0966,5,0,0.2061,0.0371,5,0,1.9315,0.0915,5,0,8.7552,0.937,5,0
1383,33.74563374,0.610719361,0.0663,0.0122,5,0,0.0351,0.0087,5,0,0.0402,0.0074,5,0,0.8078,0.1427,5,0
1384,33.75216482,-0.064110407,0.6091,0.2977,5,0,0.4654,0.2093,5,0,3.8449,0.8407,5,0,12.6566,5.9887,5,0
1385,33.75531386,0.296896664,0.0876,0.0103,5,0,0.0789,0.0198,5,0,0.496,0.0544,5,0,2.4595,0.5547,5,0
1386,33.76501356,0.036009606,0.6369,0.0245,5,0,0.1054,0.0138,5,0,0.2754,0.0112,5,0,11.508,0.6375,5,0
1387,33.76747254,0.030909251,0.9219,0.1234,5,0,0.2399,0.0413,5,0,0.2805,0.0457,5,0,11.8025,0.8318,5,0
1388,33.77119126,-0.404690315,1.0386,0.268,5,0,0.399,0.1432,5,0,0.5303,0.1194,5,0,13.4455,3.2293,5,0
1389,33.80850508,-0.153119763,2.6136,0.8412,5,0,1.2235,0.5162,5,0,4.6827,1.2206,5,0,81.2535,25.6316,5,0
1390,33.81036074,-0.186687846,8.9229,1.0266,5,0,4.0754,1.0772,5,0,,,,,666.0213,55.7111,5,0
1391,33.83285959,-0.122724075,0.5131,0.0462,5,0,0.2006,0.0428,5,0,0.525,0.0747,5,0,11.1866,1.3717,5,0
1392,33.87091963,0.057461901,0.5815,0.059,5,0,0.1683,0.0276,5,0,0.463,0.0439,5,0,14.5087,1.8945,5,0
1393,33.88347451,0.058296916,2.2164,0.2444,5,0,0.8405,0.0779,5,0,2.7347,0.177,5,0,80.5454,3.7409,5,0
1394,33.9149335,0.107618537,12.3979,2.3418,5,0,,,,,,,,,1245.7704,168.1015,5,0
1395,33.97843389,-0.203140766,0.1066,0.002,5,0,0.0544,0.0155,5,0,0.0665,0.0135,5,0,1.3932,0.1843,5,0
1396,33.98954445,-0.009981457,0.3654,0.1118,5,0,,,,,0.6937,0.1271,5,0,8.3931,1.3829,5,0
1397,33.99078653,-0.004199974,0.9692,0.0961,5,0,,,,,2.0646,0.0689,5,0,39.5462,1.3874,5,0
1398,34.02159512,0.233899188,0.7294,0.1156,5,0,0.3105,0.0658,5,0,0.2787,0.0538,5,0,14.4802,1.5701,5,0
1399,34.03516682,0.164174439,0.0892,0.0216,5,0,0.049,0.0089,5,0,0.1354,0.0152,5,0,2.1903,0.2834,5,0
1400,34.04346843,0.053551092,1.8337,0.8931,5,0,0.6451,0.2741,3,0,3.3325,1.0944,5,0,51.5407,16.3818,5,0
1401,34.04990531,-0.297963765,4.8127,0.2466,5,0,1.5708,0.3578,5,0,6.1235,0.7655,5,0,5.3491,0.5768,5,0
1402,34.0515109,-0.145422177,0.0985,0.0057,5,0,0.0452,0.0081,5,0,0.0782,0.0104,5,0,0.9656,0.1626,5,0
1403,34.06687895,-0.596959255,0.2084,0.0127,5,0,0.0978,0.0131,5,0,0.1365,0.016,5,0,4.8232,0.3457,5,0
1404,34.08882773,0.435794018,1.9197,0.498,5,0,1.6705,0.3124,5,0,8.5042,1.5668,5,0,81.9874,17.2531,5,0
1405,34.09646691,0.01806835,0.3292,0.0202,5,0,0.1012,0.0312,5,0,2.1004,0.165,5,0,97.9497,7.3958,5,0
1406,34.10269143,-0.026985486,1.9422,0.1106,5,0,0.719,0.0677,5,0,5.1785,0.1768,5,0,77.6001,2.9492,5,0
1407,34.13245295,0.471285267,5.9934,0.8709,5,0,3.6556,0.9196,5,0,,,,,323.5057,42.9707,5,0
1408,34.15418534,0.031774536,0.1016,0.0233,5,0,0.0421,0.0095,5,0,0.1253,0.0192,5,0,3.3451,0.2071,5,0
1409,34.19665233,-0.591653252,2.5479,0.3849,5,0,0.9959,0.1087,5,0,10.5023,0.6921,5,0,172.5778,10.2279,5,0
1410,34.20252241,0.105132813,0.3852,0.1316,5,0,0.1871,0.0676,5,0,0.5475,0.1746,5,0,13.6016,4.0382,5,0
1411,34.26863896,-0.207595506,0.3837,0.1401,5,0,0.101,0.015,5,0,0.454,0.0902,5,0,51.1109,2.663,5,0
1412,34.29854657,0.18185125,0.5556,0.047,5,0,0.2051,0.0243,5,0,1.3314,0.0748,5,0,11.5257,1.0856,5,0
1413,34.31089058,-0.094628279,0.0743,0.0068,5,0,0.0272,0.0049,5,0,0.0379,0.0034,5,0,0.6013,0.1235,5,0
1414,34.3160817,0.009908025,0.862,0.1987,5,0,0.3811,0.0493,5,0,0.3783,0.0662,5,0,23.9654,1.3924,5,0
1415,34.40295853,0.228011575,1.4487,0.1095,5,0,0.9443,0.1555,5,0,,,,,265.3265,15.9818,5,0
1416,34.41362099,-0.21545825,0.0863,0.0229,5,0,0.0242,0.0104,5,0,0.0274,0.0038,5,0,1.4639,0.1669,5,0
1417,34.4380631,0.060828055,0.4411,0.1769,5,0,0.1737,0.0789,5,0,0.245,0.1297,5,0,11.1404,3.5573,5,0
1418,34.44341307,0.047270359,0.1417,0.0186,5,0,0.0566,0.011,5,0,0.2146,0.0221,5,0,4.0273,0.3411,5,0
1419,34.45718667,0.008990535,0.1525,0.0204,5,0,0.0309,0.0076,5,0,0.113,0.0181,5,0,7.4789,2.386,5,0
1420,34.48817449,-0.177558836,0.3405,0.076,5,0,0.1468,0.0197,5,0,0.1128,0.0232,5,0,6.1565,0.688,5,0
1421,34.52508849,0.307439529,0.025,0.0036,5,0,0.0071,0.0018,5,0,0.0136,0.0011,5,0,0.8155,0.1238,5,0
1422,34.56185338,-0.450263672,0.067,0.0216,5,0,0.0222,0.006,5,0,0.0219,0.0089,5,0,1.3755,0.2283,5,0
1423,34.59172723,0.243326725,0.4728,0.0495,5,0,0.2736,0.0509,5,0,2.9465,0.2591,5,0,49.0654,4.9398,5,0
1424,34.60177292,-0.412436185,0.503,0.1179,5,0,0.1463,0.0249,5,0,0.4673,0.0422,5,0,9.8325,1.7813,5,0
1425,34.62402233,-0.130272339,2.2388,0.5539,5,0,1.2254,0.1343,5,0,6.166,0.2521,5,0,53.3836,3.6992,5,0
1426,34.6278837,-0.025555191,0.7351,0.1301,5,0,0.1583,0.0243,5,0,0.6864,0.0733,5,0,30.5307,2.8602,5,0
1427,34.63278158,-0.023918423,0.1671,0.0186,5,0,0.0273,0.0064,5,0,0.2613,0.0165,5,0,6.2963,0.9344,5,0
1428,34.67758798,-0.109720809,0.951,0.065,5,0,0.3924,0.0397,5,0,2.2671,0.0484,5,0,25.3151,1.0045,5,0
1429,34.68082932,-0.501849613,1.8409,0.4804,5,0,0.8153,0.2821,5,0,0.9446,0.2748,5,0,31.5383,6.4337,5,0
1430,34.68497981,0.067445904,2.2147,0.4718,5,0,1.2655,0.3881,5,0,2.7061,0.692,5,0,59.3628,23.2679,5,0
1431,34.69607929,-0.652951909,2.7179,1.527,5,0,1.7268,0.5045,5,0,6.6226,1.1594,5,0,159.084,58.1029,5,0
1432,34.69760777,-0.658028916,0.9292,0.208,5,0,0.2912,0.0593,5,0,0.8739,0.1649,5,0,31.7092,3.5173,5,0
1433,34.75680025,0.024876815,2.3059,0.068,5,0,1.0713,0.0703,5,0,6.7623,0.2007,5,0,119.2057,3.445,5,0
1434,34.80175322,-0.255915937,1.1207,0.2226,5,0,0.4204,0.1305,5,0,0.6726,0.1079,5,0,28.1563,5.2287,5,0
1435,34.80512896,-0.921506252,0.0716,0.0136,5,0,0.0373,0.0075,5,0,0.0477,0.0071,5,0,0.3011,0.1132,5,0
1436,34.82255337,0.325879652,0.9583,0.1114,5,0,0.4355,0.114,5,0,1.07,0.1173,5,0,25.1556,3.4169,5,0
1437,34.86434777,0.034791998,0.1048,0.0054,5,0,0.0385,0.0074,5,0,0.1228,0.0109,5,0,2.8257,0.2426,5,0
1438,34.86542782,0.251668082,0.192,0.0359,5,0,0.083,0.0104,5,0,0.176,0.0106,5,0,10.0434,0.2177,5,0
1439,34.90224458,0.068298541,0.1547,0.0121,5,0,0.0888,0.012,5,0,0.0818,0.0075,5,0,2.5282,0.1639,5,0
1440,34.91038505,0.235092105,0.2439,0.0218,5,0,0.0782,0.0053,5,0,0.082,0.0058,5,0,3.381,0.0987,5,0
1441,34.93144784,0.014522385,0.2289,0.0268,5,0,0.046,0.0051,5,0,0.0716,0.015,5,0,3.6025,0.3691,5,0
1442,35.02044901,0.345020997,0.6916,0.0315,5,0,0.2369,0.0202,5,0,1.0915,0.0281,2,0,12.3502,5.7132,5,0
1443,35.03929637,-0.547664585,0.693,0.3228,5,0,0.1004,0.0076,5,0,0.1321,0.0105,5,0,6.4763,0.452,5,0
1444,35.04411623,0.327188321,3.0528,0.8304,5,0,1.154,0.4229,5,0,4.8703,0.4312,5,0,51.0215,13.4376,5,0
1445,35.04558723,-0.448991138,0.1977,0.016,5,0,0.0844,0.0129,5,0,0.2906,0.0231,5,0,4.1657,0.3457,5,0
1446,35.05282279,-0.517938923,3.9705,0.7357,5,0,2.7814,0.663,5,0,,,,,180.3936,31.2969,5,0
1447,35.09950087,-0.243245131,2.2175,0.5544,5,0,0.883,0.0978,5,0,2.5475,0.1645,5,0,70.954,3.9238,5,0
1448,35.1095569,0.075319495,1.6677,0.1448,5,0,0.4862,0.0506,5,0,1.1902,0.042,5,0,14.3195,1.6922,5,0
1449,35.11154238,0.071544613,0.79,0.4266,5,0,0.2093,0.1479,5,0,0.4746,0.3535,5,0,7.4579,4.8736,5,0
1450,35.13826818,-0.76155382,4.6688,0.3997,5,0,2.1777,0.3808,5,0,,,,,95.4767,3.307,5,0
1451,35.13842743,0.802060196,0.8213,0.493,5,0,0.3252,0.141,5,0,1.2423,0.2107,5,0,22.5445,9.2254,5,0
1452,35.15099463,0.822993155,0.2539,0.046,5,0,0.1195,0.0182,5,0,0.1715,0.0335,5,0,3.2439,0.7454,5,0
1453,35.17280414,-0.949074192,0.0792,0.0135,5,0,0.0317,0.005,5,0,0.061,0.0064,5,0,0.3828,0.1189,5,0
1454,35.24207193,-0.171626744,0.1804,0.0114,5,0,0.0741,0.0042,5,0,0.1935,0.0064,5,0,3.7298,0.1408,5,0
1455,35.26135916,-0.052346802,0.0776,0.0208,5,0,0.0079,0.0008,5,0,0.023,0.0046,5,0,0.1908,0.0737,5,0
1456,35.26640684,0.117866074,0.5209,0.0549,5,0,0.2191,0.0201,5,0,0.6453,0.0411,5,0,13.7341,1.0285,5,0
1457,35.34770171,0.347122829,0.7497,0.5621,5,0,0.1561,0.0945,5,0,0.5501,0.5806,5,0,16.607,13.7592,5,0
1458,35.3579868,-0.75056896,0.3083,0.0482,5,0,0.1561,0.0483,5,0,0.1154,0.0389,5,0,1.031,0.3678,5,0
1459,35.38672955,0.134357411,3.7509,0.5396,5,0,0.7433,0.1534,5,0,6.1962,0.764,5,0,5.719,0.3383,5,0
1460,35.39852451,0.024834015,0.7423,0.0348,5,0,0.2096,0.0127,5,0,0.7578,0.0429,5,0,31.9237,1.4002,5,0
1461,35.41153661,-0.843194604,1.1692,0.2628,5,0,0.5994,0.1566,5,0,0.672,0.1566,5,0,10.5484,2.0286,5,0
1462,35.45185565,-0.294487464,0.9119,0.0284,5,0,0.4101,0.0346,5,0,5.0739,0.1278,5,0,57.2993,1.3766,5,0
1463,35.45631062,0.243386894,0.1378,0.0193,5,0,0.0356,0.0039,5,0,0.1157,0.0085,5,0,3.0937,0.2784,5,0
1464,35.46665725,0.137781246,17.6643,2.2118,5,0,4.9337,1.4363,5,0,,,,,1050.2242,110.4399,5,0
1465,35.46989062,0.361566316,0.1868,0.0071,5,0,0.0574,0.0106,5,0,0.0852,0.0096,5,0,3.0336,0.2971,5,0
1466,35.4716443,-0.43632581,1.7192,0.079,5,0,2.0706,0.3533,5,0,,,,,25.0076,1.155,5,0
1467,35.48227304,-0.043198022,0.3495,0.0508,5,0,0.1257,0.0239,5,0,0.1252,0.0161,5,0,4.9019,0.4438,5,0
1468,35.48908394,-0.011039226,0.4964,0.0188,5,0,0.1285,0.0169,5,0,0.4679,0.0539,5,0,8.8791,0.7669,5,0
1469,35.49489582,-0.077074989,0.2837,0.0375,5,0,0.1133,0.0142,5,0,0.1883,0.0154,5,0,9.5042,1.1544,5,0
1470,35.51392671,-0.389364143,0.6527,0.0407,5,0,0.2595,0.0292,5,0,0.2875,0.0215,5,0,10.2859,0.506,5,0
1471,35.51677631,-0.031022798,0.5916,0.0867,5,0,0.201,0.0509,5,0,0.6993,0.1537,5,0,24.6039,4.9919,5,0
1472,35.52663208,-0.145399357,0.2993,0.0541,5,0,0.113,0.0385,5,0,0.4101,0.0872,5,0,13.1803,3.0451,5,0
1473,35.54945546,-0.358344939,0.0931,0.0121,5,0,0.0267,0.0042,5,0,0.0304,0.0046,5,0,1.251,0.1178,5,0
1474,35.554836,0.014510223,0.474,0.0606,5,0,0.1953,0.0278,5,0,2.0845,0.1073,5,0,15.2184,0.8951,5,0
1475,35.56260359,0.078355075,0.3077,0.0144,5,0,0.0718,0.0135,5,0,0.3545,0.0753,3,0,9.0575,1.447,5,0
1476,35.57326042,0.069627955,4.6956,0.6761,5,0,2.792,0.6112,5,0,,,,,277.7991,56.8608,5,0
1477,35.57762786,-0.585209485,1.273,0.2295,5,0,0.5733,0.0993,5,0,1.0386,0.1492,5,0,28.241,4.0088,5,0
1478,35.57796727,-0.029885579,2.6428,0.4991,5,0,2.5055,0.1731,5,0,,,,,1416.0442,33.9183,5,0
1479,35.57797752,0.048704242,0.9687,0.2772,5,0,0.4303,0.0791,5,0,3.2959,0.2172,5,0,75.9801,8.1409,5,0
1480,35.59756163,-0.114823721,0.2937,0.0316,5,0,0.0857,0.0117,5,0,0.8125,0.0598,5,0,11.2053,0.563,5,0
1481,35.60148757,-0.203350331,0.4693,0.0238,5,0,0.168,0.0175,5,0,1.9137,0.0857,5,0,39.8093,2.1661,5,0
1482,35.63971046,0.294687516,0.1314,0.0166,5,0,0.0627,0.0107,5,0,0.0855,0.0099,5,0,2.1249,0.1499,5,0
1483,35.67340703,-0.245525116,0.7816,0.0364,5,0,0.3356,0.0367,5,0,1.7173,0.0489,5,0,23.3765,1.1259,5,0
1484,35.67899916,0.301923425,0.0661,0.0137,5,0,0.0195,0.0038,5,0,0.035,0.0051,5,0,1.2098,0.096,5,0
1485,35.72105125,-0.929696314,0.5923,0.1028,5,0,0.2944,0.0751,5,0,0.3027,0.0711,5,0,5.9207,1.2494,5,0
1486,35.7459999,0.157549607,1.3897,0.0618,5,0,0.4859,0.0294,5,0,7.2264,0.1139,5,0,72.2556,2.6212,5,0
1487,35.82308667,-0.869061956,1.4826,0.1844,5,0,0.7592,0.1633,5,0,0.8338,0.132,5,0,6.8275,0.9997,5,0
1488,35.83050963,-0.193046943,0.0575,0.0097,5,0,0.0218,0.0052,5,0,0.0344,0.0047,5,0,0.9633,0.081,5,0
1489,35.84026105,-0.147084893,0.0954,0.0317,5,0,0.0312,0.013,5,0,0.0279,0.0092,5,0,1.4737,0.2196,5,0
1490,35.94843722,-0.14748945,2.6191,0.2048,5,0,1.5039,0.1169,5,0,6.2848,0.1843,5,0,90.1403,5.6959,5,0
1491,36.03871208,0.264916216,0.5941,0.1333,5,0,0.2932,0.0768,5,0,0.2868,0.0694,5,0,9.6455,1.7773,5,0
1492,36.17462896,-0.305692429,0.0303,0.0042,5,0,0.0109,0.0031,5,0,0.0112,0.003,5,0,0.1755,0.0538,5,0
1493,36.22184678,0.072993682,0.3576,0.0996,5,0,0.1447,0.0316,5,0,0.1929,0.0337,5,0,7.0717,0.6686,5,0
1494,36.33659543,-0.213205052,0.1831,0.0311,5,0,0.0739,0.0102,5,0,0.1573,0.0116,5,0,3.6255,0.4076,5,0
1495,36.35661686,-0.700599831,0.1605,0.0097,5,0,0.0534,0.0053,5,0,0.0669,0.0068,5,0,1.8243,0.2946,5,0
1496,36.37207953,0.642316304,0.185,0.0168,5,0,0.0715,0.0156,5,0,0.2087,0.0112,5,0,5.0148,0.872,5,0
1497,36.37995026,0.797446513,0.271,0.0191,5,0,0.0803,0.0099,5,0,0.0785,0.009,5,0,2.7241,0.2625,5,0
1498,36.38311086,0.793029739,0.0606,0.004,5,0,0.0185,0.0017,5,0,0.0643,0.0218,5,0,1.4351,0.1867,5,0
1499,36.38923861,0.385458073,0.1739,0.0737,5,0,0.0767,0.0307,5,0,0.1005,0.0237,5,0,2.2176,0.6428,5,0
1500,36.40597411,0.023951573,1.3724,0.0279,5,0,1.1251,0.1548,5,0,,,,,351.1548,13.6418,5,0
1501,36.40767677,0.130764663,0.1126,0.0113,5,0,0.0358,0.0073,5,0,0.0413,0.0088,5,0,2.0086,0.3012,5,0
1502,36.47968916,0.086642406,0.3447,0.0353,5,0,0.1597,0.0178,5,0,0.2122,0.0172,5,0,6.1049,0.5104,5,0
1503,36.47999364,-0.271865125,0.0901,0.0169,5,0,0.0322,0.0045,5,0,0.0431,0.0043,5,0,0.8942,0.1745,5,0
1504,36.49806426,0.732175496,0.2128,0.0205,5,0,0.0637,0.0077,5,0,0.1363,0.0128,5,0,3.1623,0.2606,5,0
1505,36.51376806,0.98642074,0.67,0.0366,5,0,0.3209,0.0486,3,0,0.5481,0.0328,3,0,12.6584,1.0882,5,0
1506,36.55360562,-0.543719584,0.1516,0.0178,5,0,0.0734,0.0055,5,0,0.0816,0.0102,5,0,2.8977,0.4333,5,0
1507,36.57730175,-0.502565609,0.4991,0.0324,5,0,0.2148,0.0169,5,0,0.273,0.0288,5,0,8.5356,0.3485,5,0
1508,36.63520984,-0.230714905,0.2201,0.0171,5,0,0.096,0.0124,5,0,0.1711,0.0182,5,0,5.3354,0.3704,5,0
1509,36.64506994,-0.61037183,0.958,0.0537,5,0,0.3555,0.0499,5,0,1.4535,0.0748,5,0,23.7093,1.4075,5,0
1510,36.65342253,0.318728192,0.1228,0.0094,5,0,0.0897,0.0324,5,0,0.1325,0.0297,5,0,2.9754,0.5053,5,0
1511,36.70014972,0.086583981,0.3058,0.0104,5,0,0.1179,0.0136,5,0,0.1691,0.0181,5,0,4.8118,0.2594,5,0
1512,36.72299132,-0.160416816,0.4921,0.1206,5,0,0.2133,0.0343,5,0,0.2719,0.0488,5,0,6.7126,1.4983,5,0
1513,36.77043296,-0.29661981,0.3115,0.0069,5,0,0.0955,0.0143,5,0,0.3927,0.0285,5,0,10.7368,0.5663,5,0
1514,36.78257623,0.082567191,0.062,0.0066,5,0,0.0275,0.0063,5,0,0.0282,0.0051,5,0,0.9465,0.1263,5,0
1515,36.78875407,-0.203604318,0.4876,0.1093,5,0,0.1391,0.0417,5,0,0.4685,0.0645,5,0,8.5577,2.2212,5,0
1516,36.82203356,0.010322255,0.3012,0.0336,5,0,0.1455,0.0183,5,0,0.1309,0.0333,5,0,4.5104,0.4039,5,0
1517,36.84066859,0.117703889,0.9037,0.0657,5,0,0.4207,0.0502,5,0,0.6271,0.0311,5,0,13.9936,1.0908,5,0
1518,36.8480035,-0.136382115,1.3194,0.0699,5,0,0.7997,0.1009,5,0,1.6796,0.072,5,0,5.1601,0.4844,5,0
1519,36.85301025,-0.130511934,0.2121,0.0631,5,0,0.0571,0.0124,5,0,0.2235,0.0422,5,0,2.0888,0.3018,5,0
1520,36.86807699,0.461240283,0.2227,0.0101,5,0,0.1234,0.0178,5,0,0.439,0.0284,5,0,7.1757,0.5473,5,0
1521,36.87702941,0.500837208,0.0419,0.008,5,0,0.019,0.0038,5,0,0.0532,0.0172,5,0,0.3445,0.053,5,0
1522,36.89443285,-0.133885525,1.0477,0.0784,5,0,0.3748,0.0491,5,0,0.6879,0.0477,5,0,27.9327,1.2616,5,0
1523,36.90574674,0.131707743,0.2614,0.0364,5,0,0.0933,0.0187,5,0,0.0999,0.0168,5,0,4.7061,0.3855,5,0
1524,36.90884007,-0.30916816,1.0335,0.3095,5,0,0.3307,0.1123,5,0,0.1782,0.0847,5,0,11.2678,2.3679,5,0
1525,36.91976767,0.482589824,0.9759,0.0715,5,0,0.7862,0.0537,5,0,6.5379,0.0987,5,0,69.7518,1.5827,5,0
1526,36.99485189,-0.231176936,3.9098,0.2237,5,0,1.7898,0.1575,5,0,3.7372,0.3534,5,0,81.7018,5.5964,5,0
1527,37.04137008,-0.03238199,0.1606,0.0154,5,0,0.0365,0.0114,5,0,0.4351,0.068,5,0,49.4003,17.7783,5,0
1528,37.14904388,0.305475281,0.2092,0.0143,5,0,0.0833,0.0103,5,0,0.1231,0.0207,5,0,4.7881,0.2595,5,0
1529,37.16481429,-0.355996037,0.1874,0.017,5,0,0.0681,0.0087,5,0,0.0703,0.0076,5,0,3.4479,0.3644,5,0
1530,37.25815507,-0.376377849,0.187,0.0268,5,0,0.0344,0.0016,5,0,0.1302,0.0112,5,0,3.0796,0.115,5,0
1531,37.27807024,0.099218962,0.5993,0.1382,5,0,0.1702,0.0875,5,0,0.4934,0.1305,5,0,9.4883,3.0454,5,0
1532,37.28307774,-0.451621597,0.157,0.0165,5,0,0.07,0.0123,5,0,0.1055,0.0112,5,0,3.2051,0.2054,5,0
1533,37.31816661,0.16251234,1.5423,0.1158,5,0,0.4383,0.0354,5,0,2.7098,0.1187,5,0,53.0739,3.0525,5,0
1534,37.32004663,0.168765761,0.9425,0.0425,5,0,0.248,0.0331,5,0,1.305,0.0651,5,0,25.8935,1.7307,5,0
1535,37.33581252,-0.059673922,0.8031,0.061,5,0,0.1499,0.0256,5,0,1.548,0.0845,5,0,18.9766,1.0663,5,0
1536,37.34038488,-0.060698839,2.2307,0.2997,5,0,1.005,0.233,5,0,5.3151,0.8502,5,0,98.3601,25.5215,5,0
1537,37.34188133,0.685679352,0.9718,0.7329,5,0,0.8284,0.6068,5,0,3.6731,2.1204,5,0,51.6933,31.7525,5,0
1538,37.35445429,-0.232044444,0.6697,0.0966,5,0,0.1964,0.046,5,0,0.6432,0.1154,5,0,28.7346,3.9878,5,0
1539,37.36410176,-0.23594345,0.3468,0.1921,5,0,0.1262,0.0407,5,0,0.4367,0.1231,5,0,20.9584,5.5311,5,0
1540,37.38100263,-0.08180732,0.6925,0.0426,5,0,0.3317,0.0429,5,0,1.8767,0.1289,5,0,41.2805,1.9998,5,0
1541,37.45398034,-0.005791537,0.581,0.186,5,0,0.2731,0.0714,5,0,0.4138,0.1301,5,0,11.2633,2.225,5,0
1542,37.45856113,-0.0607744,0.5169,0.0637,5,0,0.1851,0.038,5,0,0.8482,0.0746,5,0,17.908,2.4786,5,0
1543,37.46835675,-0.104126803,1.816,0.1618,5,0,0.7323,0.1038,5,0,3.704,0.2195,5,0,76.1855,7.2779,5,0
1544,37.48618144,0.522849329,0.2329,0.0573,5,0,0.101,0.0227,5,0,0.5405,0.0813,3,0,5.3021,1.0457,5,0
1545,37.49132611,0.786703872,0.1869,0.008,5,0,0.0992,0.0152,5,0,0.1847,0.0161,5,0,1.8908,0.1778,5,0
1546,37.49740505,0.530403459,3.4886,0.2907,5,0,2.452,0.3839,5,0,,,,,205.7982,11.6139,5,0
1547,37.52249156,0.777069291,0.3772,0.0385,5,0,0.1666,0.0191,5,0,0.468,0.0205,5,0,10.8114,0.5188,5,0
1548,37.54431227,-0.111353873,3.9648,0.2095,5,0,2.3505,0.4784,5,0,,,,,431.239,21.281,5,0
1549,37.54609208,-0.118471432,2.9296,2.0114,5,0,2.212,1.8366,5,0,,,,,190.8945,152.1686,5,0
1550,37.58047311,0.283139142,0.0753,0.0156,5,0,0.0326,0.0036,5,0,0.0471,0.0064,5,0,1.2612,0.1308,5,0
1551,37.61495936,-0.311105841,0.1143,0.0417,5,0,0.0728,0.0116,5,0,0.4335,0.0413,5,0,1.092,0.2231,5,0
1552,37.63915414,-0.105510927,1.8273,0.2006,5,0,0.8229,0.049,5,0,5.0185,0.1041,5,0,106.3753,3.6931,5,0
1553,37.66460036,-0.332268161,0.1106,0.0165,5,0,0.0757,0.0117,5,0,0.9436,0.0525,5,0,6.1487,0.421,5,0
1554,37.66546522,-0.322816823,0.0571,0.013,5,0,0.0575,0.0032,5,0,0.6566,0.0277,5,0,3.8614,0.6486,5,0
1555,37.68969545,0.069968609,0.4293,0.1005,5,0,0.0883,0.0178,5,0,0.1693,0.0355,5,0,4.5819,0.454,5,0
1556,37.6975655,0.038977651,0.0857,0.0055,5,0,0.0115,0.0024,5,0,0.0325,0.0021,5,0,1.101,0.1864,5,0
1557,37.70377996,0.031287448,1.1542,0.1563,5,0,0.3987,0.0784,5,0,0.6308,0.0718,5,0,24.6704,2.3994,5,0
1558,37.70613715,-0.427604047,0.2156,0.0068,5,0,0.0941,0.0109,5,0,0.1467,0.0099,5,0,3.7618,0.2927,5,0
1559,37.75647328,0.560249458,1.6926,0.1436,5,0,0.8088,0.0831,5,0,4.1825,0.1432,5,0,81.9689,3.4825,5,0
1560,37.76404015,-0.21249708,1.1771,0.6888,5,0,2.4161,1.1112,5,0,20.3865,6.8003,5,0,236.3737,74.7098,5,0
1561,37.77417811,0.351089973,0.2927,0.0766,5,0,0.1637,0.0348,5,0,0.3809,0.0246,5,0,8.041,0.6211,5,0
1562,37.77987857,0.107322813,0.5781,0.0173,5,0,0.2605,0.0299,5,0,0.7661,0.037,5,0,8.563,0.4632,5,0
1563,37.8000159,-0.371952127,0.1486,0.0074,5,0,0.0405,0.0055,5,0,0.4098,0.0461,5,0,11.3369,0.5174,5,0
1564,37.81466988,-0.379028059,1.5362,0.2372,5,0,0.7808,0.1522,5,0,4.1633,0.7621,5,0,105.7574,15.0022,5,0
1565,37.81959582,0.413304121,0.8967,0.2084,5,0,0.4466,0.059,5,0,6.4954,0.364,5,0,214.171,8.4317,5,0
1566,37.82239878,-0.299957997,0.3789,0.0597,5,0,0.1237,0.0279,5,0,0.3929,0.0679,5,0,13.2244,1.9561,5,0
1567,37.82543348,0.405362636,0.2034,0.0097,5,0,0.0595,0.0077,5,0,0.117,0.0331,5,0,5.4223,0.8738,5,0
1568,37.8606775,0.145303573,0.2214,0.036,5,0,0.1702,0.0474,5,0,0.8304,0.1885,5,0,9.0497,2.1724,5,0
1569,37.8657905,-0.602697605,4.2924,0.3617,5,0,3.1649,0.4928,5,0,,,,,245.3094,14.8921,5,0
1570,37.87427929,-0.399754263,14.4648,1.436,5,0,,,,,,,,,2120.2953,275.0254,5,0
1571,37.90103272,0.318774681,0.5715,0.0886,5,0,0.2117,0.0623,5,0,1.2205,0.1379,5,0,16.9633,2.0925,5,0
1572,37.94966598,-0.489120745,0.293,0.0257,5,0,0.1346,0.0161,5,0,0.2018,0.0172,5,0,4.412,0.3639,5,0
1573,37.97197638,-0.096195425,0.3845,0.0153,5,0,0.1598,0.0178,5,0,1.2563,0.1033,5,0,27.5545,0.9601,5,0
1574,38.07177694,0.312416843,0.0892,0.0067,5,0,0.0272,0.0069,5,0,0.0384,0.0053,5,0,1.5013,0.189,5,0
1575,38.09172014,0.277635635,0.5543,0.0152,5,0,0.2315,0.0285,5,0,1.0467,0.0803,5,0,16.96,0.802,5,0
1576,38.09806088,0.355061318,0.2444,0.0319,5,0,0.0881,0.0107,5,0,0.1756,0.0157,5,0,6.7001,0.4168,5,0
1577,38.09942169,0.675023026,0.1867,0.0473,5,0,0.1143,0.0443,5,0,0.1127,0.0445,5,0,1.7628,0.5652,5,0
1578,38.12182116,-0.225387886,2.7813,0.7926,5,0,1.6436,0.4076,5,0,8.226,1.4972,5,0,132.5601,35.1989,5,0
1579,38.19083806,-0.16067924,0.7358,0.0473,5,0,0.1569,0.0101,5,0,1.4761,0.1798,5,0,30.975,1.9105,5,0
1580,38.22140415,0.24816073,1.8937,0.6983,5,0,0.7918,0.4209,5,0,1.8476,0.667,5,0,32.362,9.8032,5,0
1581,38.26379772,0.620479389,0.2474,0.0344,5,0,0.1631,0.0413,5,0,0.1327,0.0314,5,0,3.157,0.5653,5,0
1582,38.29718191,-0.209762244,0.1116,0.0074,5,0,0.0332,0.0067,5,0,0.3668,0.0475,5,0,4.0602,0.2146,5,0
1583,38.30376716,0.110923968,0.1732,0.0563,5,0,0.0922,0.0326,5,0,0.0839,0.0258,5,0,1.5692,0.5207,5,0
1584,38.30961577,0.907170767,0.046,0.0034,5,0,0.0185,0.0024,5,0,0.0243,0.0024,5,0,0.4106,0.032,5,0
1585,38.32969029,-0.223402469,0.2025,0.0326,5,0,0.0578,0.0089,5,0,0.2071,0.0166,5,0,9.8103,0.6636,5,0
1586,38.3460766,-0.055771442,0.0494,0.01,5,0,0.0167,0.0034,5,0,0.0279,0.0028,5,0,1.364,0.164,5,0
1587,38.35882667,0.001989662,0.2067,0.0027,5,0,0.0714,0.0136,5,0,0.2416,0.0316,5,0,6.2038,0.6957,5,0
1588,38.37724309,0.170241264,0.4541,0.162,5,0,0.1962,0.0559,5,0,0.2614,0.057,5,0,12.8124,2.851,5,0
1589,38.46480941,-0.06412856,0.7007,0.319,5,0,0.273,0.1437,5,0,1.1671,0.1829,5,0,38.2139,6.2268,5,0
1590,38.53007013,0.230263757,0.2764,0.028,5,0,0.121,0.0185,5,0,0.1874,0.0217,5,0,6.3193,0.4141,5,0
1591,38.53959886,-0.30300386,0.1507,0.016,5,0,0.0621,0.0092,5,0,0.0683,0.0116,5,0,3.6952,0.3895,5,0
1592,38.54985364,0.162819438,2.4544,0.4712,5,0,1.9072,0.4157,5,0,9.8808,1.0246,5,0,119.4634,26.4655,5,0
1593,38.62138666,-0.188057193,0.4532,0.0233,5,0,0.1817,0.0657,5,0,0.2001,0.0415,5,0,14.2944,1.8217,5,0
1594,38.64639689,-0.226082376,0.9374,0.0363,5,0,0.3619,0.03,5,0,4.8355,0.2506,5,0,76.2838,1.6089,5,0
1595,38.6932993,-0.452228101,0.6798,0.0216,5,0,0.3569,0.0254,5,0,6.2658,0.2145,5,0,111.2931,3.8256,5,0
1596,38.72273446,-0.13077799,0.6385,0.2089,5,0,0.2569,0.0796,5,0,0.5827,0.0856,5,0,27.4853,6.7959,5,0
1597,38.75230598,0.176083739,0.3622,0.3374,5,0,0.3921,0.1032,5,0,1.3081,0.3392,5,0,17.7964,2.3259,5,0
1598,38.75456969,-0.526601227,1.6078,0.2659,5,0,0.5902,0.1799,5,0,0.7501,0.1559,5,0,28.6005,6.5238,5,0
1599,38.77822012,0.10091226,0.4106,0.0784,5,0,0.1936,0.0364,5,0,0.1914,0.0285,5,0,9.8741,0.7348,5,0
1600,38.80441134,0.099529676,0.5693,0.0928,5,0,0.269,0.0497,5,0,0.5063,0.0524,5,0,19.2161,1.4007,5,0
1601,38.85738222,-0.524048973,0.5089,0.0383,5,0,0.2704,0.0434,5,0,0.332,0.0575,5,0,8.6246,1.3375,5,0
1602,38.87480545,0.056095959,0.16,0.0463,5,0,0.0591,0.0284,5,0,0.072,0.0343,5,0,1.8664,0.7406,5,0
1603,38.87529545,0.309002422,1.1023,0.0841,5,0,1.0002,0.1659,5,0,,,,,237.5354,14.2762,5,0
1604,38.87880202,-0.147363297,0.1393,0.022,5,0,0.0537,0.0114,5,0,0.1988,0.0226,5,0,5.0584,0.4374,5,0
1605,38.90522878,-0.461908043,0.6167,0.0449,5,0,0.2503,0.0326,5,0,0.6698,0.0657,5,0,8.588,1.2801,5,0
1606,38.91456114,-0.148241447,0.3486,0.0491,5,0,0.1371,0.0161,5,0,0.1523,0.0133,5,0,12.7011,0.913,5,0
1607,38.91465789,-0.194108258,0.3097,0.0221,5,0,0.1325,0.0231,5,0,0.269,0.026,5,0,6.1042,0.5555,5,0
1608,38.92630429,-0.35209623,2.4998,0.4707,5,0,0.8529,0.1943,5,0,2.7364,0.526,5,0,52.9557,14.8074,5,0
1609,38.93154578,-1.003604613,2.3939,0.3224,5,0,,,,,,,,,21.2681,6.4823,5,0
1610,38.93252408,0.399493802,0.1181,0.0193,5,0,0.042,0.0106,5,0,0.077,0.015,5,0,1.8526,0.2589,5,0
1611,38.95445004,0.27091145,0.6468,0.0166,5,0,0.2447,0.0249,5,0,0.8496,0.0613,5,0,16.5604,0.9378,5,0
1612,38.98018077,-0.272612515,0.4805,0.0406,5,0,0.1374,0.0162,5,0,0.1787,0.0159,5,0,15.9318,1.0827,5,0
1613,39.05374516,0.217852691,0.0371,0.003,5,0,0.014,0.0032,5,0,0.0275,0.0056,5,0,0.4682,0.0771,5,0
1614,39.11260438,0.504226171,0.0601,0.004,5,0,0.0174,0.002,5,0,0.0503,0.006,5,0,0.7886,0.0725,5,0
1615,39.15068143,-0.286562689,0.0905,0.0632,5,0,0.0674,0.0212,5,0,0.071,0.0219,5,0,0.9679,0.2274,5,0
1616,39.16055776,0.736032284,0.0556,0.0069,5,0,0.0221,0.005,5,0,0.0389,0.0051,5,0,0.774,0.1663,5,0
1617,39.16115004,-0.165936479,0.3182,0.0224,5,0,0.1096,0.0107,5,0,0.7501,0.0717,5,0,13.1756,0.6539,5,0
1618,39.17054553,0.578869675,0.1427,0.0192,5,0,0.0501,0.0174,5,0,0.0776,0.0385,5,0,1.969,0.5427,5,0
1619,39.1888564,-0.564630864,0.1427,0.0062,5,0,0.055,0.0095,5,0,0.1027,0.0165,5,0,2.5688,0.2868,5,0
1620,39.19554624,0.224348845,0.8046,0.0853,5,0,1.1321,0.1475,5,0,,,,,103.4573,5.334,5,0
1621,39.21443576,0.2023756,0.5711,0.0196,5,0,0.277,0.0247,5,0,1.0831,0.1047,5,0,19.1477,0.7735,5,0
1622,39.23843762,-0.555813842,0.1871,0.0217,5,0,0.0885,0.0107,5,0,0.3547,0.0346,5,0,3.1481,0.1595,5,0
1623,39.2451128,-0.062390677,1.8517,1.4453,5,0,3.5729,1.719,5,0,,,,,148.966,98.7404,5,0
1624,39.24919117,-0.063942319,2.8282,1.1971,5,0,4.0865,1.4224,5,0,,,,,205.6009,64.6489,5,0
1625,39.27135807,0.346478523,0.2018,0.0805,5,0,0.1255,0.0364,5,0,0.2261,0.0425,5,0,6.7903,1.8442,5,0
1626,39.27641349,-0.315809939,0.0349,0.0214,5,0,0.0231,0.0059,5,0,0.0292,0.0089,5,0,0.556,0.1408,5,0
1627,39.27656219,0.036433663,0.0278,0.0054,5,0,0.0118,0.003,5,0,0.0213,0.0047,5,0,0.861,0.1914,5,0
1628,39.29507004,-0.255700046,0.2731,0.0227,5,0,0.0792,0.0159,5,0,0.2109,0.0284,5,0,7.9805,0.4144,5,0
1629,39.30754772,-0.350817158,0.1861,0.0343,5,0,0.0626,0.0175,5,0,0.0644,0.037,5,0,2.8158,0.5069,5,0
1630,39.3091416,-0.308977764,0.0583,0.0101,5,0,0.0185,0.0038,5,0,0.0409,0.0068,5,0,1.3607,0.1833,5,0
1631,39.33141819,0.336584186,0.0605,0.0064,5,0,0.0322,0.0039,5,0,0.0354,0.0056,5,0,0.6436,0.091,5,0
1632,39.33299806,-0.093367785,0.0947,0.0089,5,0,0.0364,0.0075,5,0,0.0368,0.0059,5,0,0.8911,0.1804,5,0
1633,39.36222669,-0.331652183,0.3823,0.0254,5,0,0.1741,0.0203,5,0,0.2043,0.021,5,0,6.5594,0.383,5,0
1634,39.38835852,-0.143555314,0.9568,0.086,5,0,0.3488,0.0715,5,0,5.7173,0.4384,5,0,379.9027,17.6541,5,0
1635,39.39772718,0.105708866,0.0687,0.0047,5,0,0.0267,0.0058,5,0,0.0341,0.0064,5,0,0.9357,0.1222,5,0
1636,39.43340023,-0.187659317,1.2116,0.3044,5,0,0.4541,0.1319,5,0,1.7863,0.199,5,0,43.0102,6.1348,5,0
1637,39.46651907,-0.13289691,0.0812,0.0116,5,0,0.0384,0.007,5,0,0.0405,0.0066,5,0,1.721,0.1602,5,0
1638,39.49098868,0.673600897,0.3639,0.0439,5,0,0.1989,0.018,5,0,0.4692,0.0378,5,0,11.0866,1.103,5,0
1639,39.50586508,-0.28082841,1.045,0.2516,5,0,0.435,0.0603,5,0,0.819,0.0961,5,0,36.5212,4.0911,5,0
1640,39.51433453,0.632513612,0.0658,0.0091,5,0,0.0452,0.0063,5,0,0.0397,0.0054,5,0,0.6956,0.2293,5,0
1641,39.52812638,-0.455503075,1.2658,0.2162,5,0,0.5454,0.13,5,0,0.6187,0.1348,5,0,34.4727,4.9348,5,0
1642,39.52814946,-0.185360155,0.106,0.0069,5,0,0.034,0.0078,5,0,0.0518,0.008,5,0,1.2434,0.1152,5,0
1643,39.53641055,0.870516805,0.543,0.0466,5,0,0.2197,0.0244,5,0,1.366,0.072,5,0,22.0821,1.9913,5,0
1644,39.5391947,0.877038702,0.2146,0.0572,5,0,0.0946,0.0179,5,0,0.2171,0.043,5,0,4.6868,0.9063,5,0
1645,39.54517791,-0.366106708,1.4664,0.5348,5,0,1.0059,0.2403,5,0,2.7667,0.3408,5,0,61.3679,15.0701,5,0
1646,39.55078297,-0.156452367,0.2184,0.0398,5,0,0.0615,0.0116,5,0,0.0743,0.0059,5,0,5.0333,0.4705,5,0
1647,39.55264286,-0.428826728,0.1356,0.0641,5,0,0.0493,0.0204,5,0,0.0934,0.0257,5,0,3.6674,1.3572,5,0
1648,39.55275557,-0.164263478,0.3457,0.0635,5,0,0.12,0.0161,5,0,0.1593,0.0234,5,0,7.8905,0.6129,5,0
1649,39.56181296,-0.429837141,0.1259,0.0063,5,0,0.0339,0.0051,5,0,0.1002,0.0076,5,0,1.6396,0.1487,5,0
1650,39.56298559,-0.424546353,0.2235,0.0119,5,0,0.0501,0.0045,5,0,0.1923,0.0152,5,0,3.8297,0.1854,5,0
1651,39.56688602,0.413166239,0.0711,0.0085,5,0,0.0199,0.0021,5,0,0.1059,0.0123,5,0,1.235,0.1354,5,0
1652,39.56883802,0.012325233,0.2589,0.052,5,0,0.0928,0.0238,5,0,0.1349,0.0276,5,0,4.184,0.9219,5,0
1653,39.57531219,0.010631973,0.1296,0.0089,5,0,0.0304,0.0042,5,0,0.137,0.011,5,0,3.7451,0.325,5,0
1654,39.58273983,-0.185730862,0.461,0.0232,5,0,0.182,0.0193,5,0,0.2916,0.0201,5,0,11.8251,0.9606,5,0
1655,39.58445505,0.005429817,0.2031,0.0736,5,0,0.0826,0.0233,5,0,0.2006,0.0339,5,0,4.3971,1.1239,5,0
1656,39.64882993,-0.293380891,0.9179,0.0873,5,0,0.374,0.0408,5,0,1.0798,0.0368,5,0,32.8455,1.2497,5,0
1657,39.66517475,-0.154580595,0.2218,0.0881,5,0,0.0846,0.0391,5,0,0.1324,0.0795,5,0,6.4153,2.8795,5,0
1658,39.67214098,-0.457654307,1.541,0.0601,5,0,0.7099,0.0596,5,0,5.2296,0.2296,5,0,87.2171,2.4354,5,0
1659,39.72829255,-0.397111269,2.7029,0.6704,5,0,2.4084,0.4045,5,0,9.0839,0.9804,5,0,116.8192,17.9077,5,0
1660,39.73223335,0.439770402,0.1162,0.011,5,0,0.0468,0.0074,5,0,0.0881,0.0062,5,0,3.1108,0.324,5,0
1661,39.83497058,-0.233751251,0.5949,0.0901,5,0,0.2547,0.0394,5,0,0.2252,0.0354,5,0,11.7361,1.4258,5,0
1662,39.84978538,-0.198472024,0.0804,0.0106,5,0,0.0172,0.0038,5,0,0.0288,0.0029,5,0,0.7756,0.2104,5,0
1663,39.85351959,-0.209031765,0.3115,0.0399,5,0,0.0721,0.0097,5,0,0.2345,0.014,5,0,6.869,0.6663,5,0
1664,39.85617101,-0.130968727,0.0759,0.0048,5,0,0.0424,0.0078,5,0,0.0512,0.0072,5,0,2.402,0.2215,5,0
1665,39.86604857,0.646773154,1.194,0.2885,6,0,1.1457,0.2053,6,0,6.0944,0.483,6,0,62.0337,11.1693,6,0
1666,39.88268732,-0.346120228,2.0304,0.0752,6,0,1.3333,0.14,6,0,,,,,292.1159,13.598,6,0
1667,39.89873559,-0.075664935,0.3193,0.1072,6,0,0.1122,0.0338,6,0,0.2036,0.0407,6,0,4.4508,0.2285,6,0
1668,39.92849999,-0.374572067,0.8015,0.1157,6,0,0.3932,0.0264,6,0,2.4256,0.3024,6,0,26.2454,1.0078,6,0
1669,39.93410259,0.132971301,0.5467,0.0972,6,0,0.217,0.0399,6,0,0.1504,0.0365,6,0,6.2443,0.6969,6,0
1670,39.97771478,-0.092047303,0.0275,0.0369,6,0,0.0313,0.0063,6,0,0.0441,0.0071,6,0,1.1061,0.1929,6,0
1671,40.01765794,-0.119419322,1.3656,0.1351,9,0,0.984,0.0985,9,0,5.5794,0.1583,9,0,47.9558,4.0325,9,0
1672,40.03893825,0.089129833,0.3008,0.0345,9,0,0.1351,0.0234,9,0,0.1651,0.0206,9,0,4.6059,0.4332,9,0
1673,40.08709611,-0.561918776,0.0199,0.0026,9,0,0.0049,0.0009,9,0,0.0097,0.0008,9,0,0.2173,0.0196,9,0
1674,40.08874666,-0.554498281,0.1264,0.0199,9,0,0.0549,0.01,9,0,0.0343,0.0046,9,0,1.266,0.1708,9,0
1675,40.10471839,-0.052450584,0.2141,0.0479,9,0,0.1031,0.0202,9,0,0.1565,0.0302,9,0,4.928,0.6515,9,0
1676,40.15874237,0.169523439,1.1602,0.1216,9,0,0.6632,0.1056,9,0,2.0306,0.2029,9,0,15.4103,1.9739,9,0
1677,40.21494493,-0.02558565,0.2899,0.0486,9,0,0.1134,0.0229,9,0,0.1968,0.0227,9,0,8.4162,1.2644,9,0
1678,40.22174002,-0.476044404,0.1075,0.0196,9,0,0.0603,0.0072,9,0,0.0578,0.0081,9,0,1.1537,0.2484,9,0
1679,40.2275525,-0.399258611,0.4199,0.0601,9,0,0.1749,0.0359,9,0,0.4052,0.0598,9,0,23.1166,1.6799,9,0
1680,40.23764926,0.470040578,0.1288,0.0117,9,0,0.0466,0.0067,9,0,0.1036,0.0144,9,0,2.3841,0.2944,9,0
1681,40.30696919,-0.430802098,3.174,0.31,9,0,1.3919,0.1682,9,0,1.9707,0.2099,9,0,31.9952,3.5971,9,0
1682,40.34543954,-0.71803469,0.0823,0.0135,9,0,0.0545,0.0118,9,0,0.4073,0.0434,9,0,1.1686,0.2225,9,0
1683,40.39668229,0.744545598,0.2132,0.0545,9,0,0.1103,0.0249,9,0,0.1485,0.0356,9,0,7.3346,0.8005,9,0
1684,40.40363866,0.085916511,0.2015,0.0493,9,0,0.0603,0.0133,9,0,0.1781,0.0337,9,0,3.2281,0.7571,9,0
1685,40.42476904,0.699666567,1.3637,0.1964,8,0,1.0394,0.0904,8,0,,,,,250.3196,17.0468,8,0
1686,40.43111275,0.706427756,0.3518,0.0604,8,0,0.1659,0.0806,8,0,0.6743,0.123,3,0,39.8936,26.748,8,0
1687,40.43623661,-0.046066396,0.9851,0.134,8,0,0.387,0.0718,8,0,0.5954,0.0837,8,0,17.2201,1.6962,8,0
1688,40.53433842,0.626266498,0.369,0.0347,7,0,0.1408,0.0182,7,0,0.214,0.0238,7,0,3.8262,0.1419,7,0
1689,40.57296765,-0.085843536,0.306,0.0354,6,0,0.0753,0.0134,6,0,0.3222,0.0392,6,0,14.5449,0.4967,6,0
1690,40.59651749,-0.091610214,0.1318,0.0115,6,0,0.031,0.0067,6,0,0.0498,0.0054,6,0,1.4357,0.158,6,0
1691,40.73917482,0.166757077,0.2083,0.0179,6,0,0.0733,0.0115,6,0,0.1794,0.0248,6,0,5.3762,0.9265,6,0
1692,40.74257908,0.155780879,0.2397,0.0141,6,0,0.0621,0.0125,6,0,0.2878,0.034,6,0,6.6044,1.1289,6,0
1693,40.74383955,0.159489004,0.0145,0.0155,6,0,-0.0003,0.0012,6,0,0.0004,0.0123,6,0,0.1613,0.128,6,0
1694,40.75979469,-0.33026954,0.1308,0.0032,6,0,0.0391,0.0046,6,0,0.0958,0.0082,6,0,1.8917,0.1566,6,0
1695,40.79565074,-0.212615295,0.2414,0.0453,6,0,0.0605,0.0097,6,0,0.068,0.0167,6,0,3.263,0.4969,6,0
1696,40.82346199,-0.216164892,0.5891,0.032,6,0,0.1624,0.0139,6,0,0.8392,0.0448,6,0,16.6126,0.614,6,0
1697,41.04984091,0.292904264,0.0687,0.0074,6,0,0.0147,0.0021,6,0,0.0286,0.0028,6,0,0.8037,0.164,6,0
1698,41.06950026,-0.729413797,0.0269,0.0086,6,0,0.008,0.002,6,0,0.0328,0.0036,6,0,0.3255,0.0729,6,0
1699,41.07514729,0.026077281,0.0709,0.023,6,0,0.0312,0.009,6,0,0.0329,0.0096,6,0,1.3854,0.3363,6,0
1700,41.12472473,-0.235540508,0.4778,0.034,6,0,0.0938,0.0202,6,0,0.7748,0.1962,6,0,10.4424,1.0863,6,0
1701,41.13259207,0.129905463,0.6089,0.0196,6,0,0.3027,0.0311,6,0,3.133,0.1894,6,0,44.6923,1.6866,6,0
1702,41.14208701,-0.877680377,0.2203,0.0323,6,0,0.0546,0.0115,6,0,0.0645,0.0061,6,0,6.1106,1.1306,6,0
1703,41.14224236,-0.068290228,0.0512,0.022,6,0,0.0082,0.003,6,0,0.0217,0.0124,6,0,0.6685,0.0809,6,0
1704,41.14399499,-0.075155598,0.1649,0.0334,6,0,0.048,0.0167,6,0,0.163,0.0423,6,0,6.0919,1.4676,6,0
1705,41.15079022,0.214013937,0.0322,0.002,6,0,0.0096,0.0015,6,0,0.0143,0.0016,6,0,0.2513,0.0284,6,0
1706,41.15178759,-0.888184735,0.2829,0.0498,6,0,0.0765,0.013,6,0,0.1087,0.014,6,0,4.3022,0.814,6,0
1707,41.16042551,0.106275006,0.0393,0.0051,6,0,0.0068,0.0017,6,0,0.0305,0.0045,6,0,0.6154,0.0832,6,0
1708,41.176515,0.045048512,0.4973,0.017,6,0,0.1217,0.0091,6,0,0.484,0.0389,6,0,14.5835,0.7051,6,0
1709,41.18750527,0.391964788,3.0942,0.0351,6,0,0.4763,0.0695,6,0,1.4248,0.1219,6,0,0.3506,0.0256,6,0
1710,41.19088364,0.063117891,0.1202,0.0088,6,0,0.0258,0.0039,6,0,0.0378,0.0049,6,0,2.4029,0.2614,6,0
1711,41.19654555,0.064026876,0.1373,0.0124,6,0,0.0257,0.0028,6,0,0.0659,0.0067,6,0,1.9531,0.1876,6,0
1712,41.20726147,-0.023319287,1.2392,0.0169,6,0,0.3573,0.0598,6,0,0.8974,0.0795,6,0,0.3659,0.0562,6,0
1713,41.22156841,0.356863972,0.3352,0.0728,6,0,0.0978,0.0202,6,0,0.2813,0.0698,6,0,6.772,1.8278,6,0
1714,41.22202973,0.406422413,0.4819,0.0664,6,0,0.1271,0.0205,6,0,0.2861,0.0389,6,0,6.8007,0.9468,6,0
1715,41.22827509,-0.195696153,0.5776,0.0456,6,0,0.1625,0.0246,6,0,0.325,0.022,6,0,14.7703,1.6963,6,0
1716,41.23023554,0.165600948,0.3296,0.029,6,0,0.0771,0.0075,6,0,0.283,0.0161,6,0,5.8365,0.7212,6,0
1717,41.24168376,-0.650301303,0.5556,0.054,6,0,0.1231,0.0049,6,0,0.5115,0.03,6,0,13.309,0.4645,6,0
1718,41.25760564,0.225876913,0.1156,0.0275,6,0,0.0322,0.0099,6,0,0.1306,0.0212,6,0,1.3298,0.2783,6,0
1719,41.29813753,-0.012030624,0.1131,0.0052,6,0,0.0276,0.0026,6,0,0.0726,0.0051,6,0,1.9312,0.1801,6,0
1720,41.32829673,-0.190445687,0.3042,0.0188,6,0,0.0725,0.0076,6,0,0.7801,0.0624,6,0,15.4189,0.7978,6,0
1721,41.32936148,-0.235054069,0.0592,0.0187,6,0,0.0121,0.0033,6,0,0.0401,0.0058,6,0,0.8007,0.0578,6,0
1722,41.37829371,0.034172113,3.7775,0.4406,6,0,1.6035,0.1842,6,0,,,,,132.897,15.2281,6,0
1723,41.4452414,0.42900247,0.5739,0.0466,6,0,0.158,0.026,6,0,0.3336,0.0365,6,0,10.1661,1.2011,6,0
1724,41.4615608,0.381246056,0.0818,0.005,6,0,0.0212,0.0028,6,0,0.0709,0.0087,6,0,1.9697,0.204,6,0
1725,41.50864626,-0.106041228,0.458,0.0246,6,0,0.1779,0.0124,6,0,2.6467,0.1247,6,0,17.8785,1.5722,6,0
1726,41.51234587,-0.141232205,1.3473,0.2629,6,0,0.8771,0.17,6,0,,,,,40.3025,6.4101,6,0
1727,41.53255188,-0.782775475,0.0695,0.0133,6,0,0.0167,0.0039,6,0,0.1239,0.0164,6,0,1.2242,0.1837,6,0
1728,41.56606235,0.160833691,0.0519,0.0049,6,0,0.0125,0.0009,6,0,0.0488,0.0031,6,0,1.5473,0.0665,6,0
1729,41.59469366,0.159412363,1.3013,0.1383,6,0,0.3986,0.0532,6,0,2.2046,0.1277,6,0,35.9804,3.8532,6,0
1730,41.61076286,-0.270998522,0.3105,0.0582,6,0,0.1049,0.0207,6,0,1.1057,0.0575,6,0,10.759,1.1736,6,0
1731,41.72066905,-0.005038124,0.1208,0.0257,6,0,0.0331,0.0068,6,0,0.1307,0.0223,6,0,2.1239,0.5597,6,0
1732,41.74108905,0.096328668,3.4516,0.1485,6,0,1.5538,0.1361,6,0,,,,,241.9838,13.0407,6,0
1733,41.74449195,0.115524644,0.0879,0.0095,6,0,0.0152,0.0023,6,0,0.0321,0.0029,6,0,1.3271,0.1695,6,0
1734,41.8033466,0.294603591,0.0246,0.0077,6,0,0.0041,0.0009,6,0,0.0072,0.0008,6,0,0.2354,0.0489,6,0
1735,41.8059076,0.287863574,0.0568,0.0104,6,0,0.0086,0.0017,6,0,0.0138,0.0023,6,0,0.3211,0.0479,6,0
1736,41.81177483,0.099918885,0.2425,0.0396,6,0,0.0693,0.0123,6,0,0.073,0.0086,6,0,5.9022,0.8995,6,0
1737,41.8392642,0.021783946,0.5747,0.0313,6,0,0.156,0.0173,6,0,2.8873,0.1602,6,0,31.2464,0.6983,6,0
1738,41.84974737,-0.094988944,0.335,0.0199,6,0,0.0925,0.0106,6,0,0.3305,0.03,6,0,7.023,0.5827,6,0
1739,41.86311852,-0.043459338,0.0525,0.0033,6,0,0.0065,0.001,6,0,0.0625,0.003,6,0,0.8389,0.0897,6,0
1740,41.86653765,0.502229806,0.3275,0.0216,6,0,0.0898,0.0149,6,0,0.12,0.0136,6,0,3.9456,0.3777,6,0
1741,41.88010871,0.493273726,1.9478,0.147,6,0,0.6968,0.1041,6,0,4.5842,0.3731,6,0,54.7739,5.1418,6,0
1742,41.88635766,0.488045667,0.3348,0.0506,6,0,0.0532,0.0107,6,0,0.2412,0.0611,6,0,6.3448,0.9749,6,0
1743,41.89670043,-0.084829795,0.0783,0.0039,6,0,0.0192,0.002,6,0,0.0334,0.0033,6,0,1.0261,0.0692,6,0
1744,41.89769129,-0.154018332,0.3126,0.0207,6,0,0.0784,0.0077,6,0,0.4121,0.0469,6,0,11.9011,1.3705,6,0
1745,41.90753637,-0.046769798,0.2751,0.0164,6,0,0.0708,0.0106,6,0,0.1658,0.0256,6,0,5.6572,0.2627,6,0
1746,41.92197114,0.041398668,0.363,0.0278,6,0,0.1073,0.0137,6,0,0.312,0.0427,6,0,6.413,0.8394,6,0
1747,41.94778074,-0.261586825,0.129,0.014,6,0,0.0353,0.006,6,0,0.057,0.008,6,0,1.7091,0.2231,6,0
1748,41.94787898,-0.253503094,0.2767,0.021,6,0,0.0703,0.0098,6,0,0.1262,0.0096,6,0,3.6765,0.5123,6,0
1749,42.01915681,0.348273934,0.1356,0.0072,6,0,0.0303,0.0036,6,0,0.2279,0.018,6,0,3.5386,0.2543,6,0
1750,42.05491247,-0.122062318,0.7094,0.2071,6,0,0.177,0.083,6,0,0.4196,0.043,6,0,16.7847,3.1667,6,0
1751,42.07536165,0.803886372,0.3452,0.0118,6,0,0.107,0.0122,6,0,0.6878,0.0469,6,0,8.0146,0.5195,6,0
1752,42.09732963,0.351588363,1.3447,0.0258,6,0,0.855,0.0888,6,0,,,,,207.4064,1.3524,6,0
1753,42.10924675,-0.45383765,0.3614,0.0965,6,0,-0.1383,0.0974,6,0,,,,,8.3812,3.7631,6,0
1754,42.10959855,-0.44664089,0.7364,1.189,6,0,0.6597,0.0753,6,0,,,,,150.1949,4.1528,6,0
1755,42.11329482,0.31243652,0.0915,0.0082,6,0,0.0314,0.004,6,0,0.0722,0.007,6,0,1.2333,0.1715,6,0
1756,42.11715424,0.510421196,0.1417,0.016,6,0,0.052,0.009,6,0,0.1553,0.0133,6,0,4.9409,0.6545,6,0
1757,42.12552751,-0.622711594,1.3438,0.3248,6,0,0.3463,0.0452,6,0,2.8274,0.3319,6,0,24.7501,3.2207,6,0
1758,42.12619881,0.522096761,0.1246,0.0438,6,0,0.0276,0.0073,6,0,0.1104,0.0194,6,0,3.1018,0.806,6,0
1759,42.16381426,-0.294619345,0.4448,0.0242,6,0,0.1409,0.0125,6,0,0.2152,0.014,6,0,5.281,0.3107,6,0
1760,42.17728813,0.248043648,0.2173,0.0225,6,0,0.0697,0.0099,6,0,0.26,0.0278,6,0,4.7322,0.4556,6,0
1761,42.18210131,0.276045005,0.1743,0.0171,6,0,0.0774,0.0087,6,0,0.6453,0.0465,6,0,11.5435,0.5893,6,0
1762,42.20742112,-0.587416748,0.0947,0.0164,6,0,0.1113,0.0138,6,0,2.315,0.253,6,0,1.9346,0.2228,6,0
1763,42.21504178,-0.58563879,0.041,0.0214,6,0,0.018,0.0059,6,0,0.1438,0.063,6,0,1.6892,0.6169,6,0
1764,42.21829194,0.041859922,0.4612,0.0162,6,0,0.1529,0.0167,6,0,0.633,0.0421,6,0,9.3773,0.5983,6,0
1765,42.2268228,0.036864368,0.1163,0.0171,6,0,0.0461,0.007,6,0,0.1172,0.0212,6,0,3.6976,0.3572,6,0
1766,42.22820764,-0.013915535,0.1053,0.008,6,0,0.0253,0.0033,6,0,0.0701,0.0069,6,0,1.4942,0.2049,6,0
1767,42.306368,-0.51235391,0.5377,0.0402,6,0,0.1651,0.0187,6,0,0.208,0.0196,6,0,7.1784,0.7802,6,0
1768,42.31082875,0.831330742,0.7887,0.0529,6,0,0.2347,0.0404,6,0,1.316,0.0956,6,0,19.7074,1.6816,6,0
1769,42.31641768,-0.496401173,0.1337,0.0432,6,0,0.0495,0.0076,6,0,0.0925,0.0222,6,0,3.8212,0.8582,6,0
1770,42.34243432,-0.164614479,0.0846,0.0107,6,0,0.0431,0.0084,6,0,0.0839,0.0173,6,0,2.8064,0.4121,6,0
1771,42.36481612,0.325760546,0.1551,0.0204,6,0,0.0552,0.0057,6,0,0.2349,0.0159,6,0,6.0497,0.4616,6,0
1772,42.39473732,-0.354299202,0.1531,0.0229,6,0,0.0543,0.0098,6,0,0.0651,0.0112,6,0,4.664,0.7428,6,0
1773,42.42605518,-0.268939554,0.8184,0.0893,6,0,0.1853,0.0052,2,0,1.1629,0.0326,2,0,22.6861,3.6366,6,0
1774,42.43300596,-0.271990228,0.6689,0.0596,6,0,0.2175,0.0211,2,0,3.5911,0.3186,2,0,22.3378,1.7604,6,0
1775,42.473362,-0.796524042,0.0632,0.0135,6,0,0.0244,0.0046,6,0,0.0915,0.009,6,0,1.0724,0.2101,6,0
1776,42.48667836,0.811309061,0.1167,0.0073,6,0,0.0395,0.0092,6,0,0.1194,0.0151,6,0,3.7555,0.3704,6,0
1777,42.48688785,-0.093424281,0.0727,0.0196,6,0,0.0176,0.0038,6,0,0.1187,0.0111,6,0,2.0777,0.3964,6,0
1778,42.52240133,-0.569170529,0.1307,0.0274,6,0,0.0304,0.0078,6,0,0.0546,0.0129,6,0,1.6343,0.2981,6,0
1779,42.52563207,-0.560508148,0.1532,0.0234,6,0,0.0465,0.0094,6,0,0.0566,0.0113,6,0,1.363,0.2965,6,0
1780,42.57505559,-0.161150151,1.2795,0.0976,6,0,0.2018,0.0238,6,0,0.5281,0.0445,6,0,15.7904,1.67,6,0
1781,42.57874936,-0.157375411,0.7792,0.0429,6,0,0.129,0.0155,6,0,0.6562,0.0341,6,0,12.4925,1.1101,6,0
1782,42.64240349,-0.203104792,1.0427,0.2198,6,0,0.3652,0.1086,6,0,1.9751,0.3504,6,0,37.9734,9.3407,6,0
1783,42.6642614,0.154474712,0.1095,0.0068,6,0,0.0166,0.0026,6,0,0.0458,0.0068,6,0,0.994,0.1447,6,0
1784,42.66865567,-0.55070148,0.0547,0.0115,6,0,0.0148,0.0034,6,0,0.0119,0.0025,6,0,0.4238,0.1113,6,0
1785,42.71777178,-0.105575533,0.163,0.0223,6,0,0.0239,0.0092,6,0,0.0645,0.0207,6,0,3.1452,0.2278,6,0
1786,42.76403234,-0.044733935,0.0956,0.0149,6,0,0.0264,0.0034,6,0,0.1313,0.0106,6,0,9.3105,1.6668,6,0
1787,42.83416595,-0.144581345,3.3733,0.481,6,0,0.9209,0.2031,6,0,7.3873,1.047,6,0,125.8161,22.8453,6,0
1788,42.85750556,-0.177796084,0.3523,0.0174,6,0,0.096,0.0079,6,0,0.2509,0.0137,6,0,5.3635,0.4415,6,0
1789,42.89794394,0.539750092,0.9945,0.0162,6,0,0.3064,0.0412,6,0,0.7523,0.0562,6,0,0.1666,0.0284,6,0
1790,43.03637133,-0.515527043,1.9935,0.0531,6,0,0.477,0.0471,6,0,5.2391,0.267,6,0,49.3321,2.3277,6,0
1791,43.03934593,-0.447024108,0.8862,0.3241,6,0,0.1516,0.0312,6,0,1.616,0.1842,6,0,12.9998,2.4646,6,0
1792,43.05919864,-0.003879342,0.0517,0.0097,6,0,0.0118,0.0024,6,0,0.0636,0.0078,6,0,9.3083,0.4763,6,0
1793,43.0968988,-0.051325309,0.3512,0.0628,6,0,0.1078,0.0161,6,0,1.3089,0.1063,6,0,12.8745,1.6972,6,0
1794,43.1625956,-0.069362135,0.4894,0.0808,6,0,0.1129,0.0207,6,0,2.4638,0.293,6,0,36.6123,5.1209,6,0
1795,43.17655694,-0.518824133,2.6385,0.2239,6,0,0.9991,0.087,2,0,,,,,173.6792,30.1325,6,0
1796,43.18547704,-0.526315963,2.9491,0.6289,6,0,,,,,,,,,116.845,21.4725,6,0
1797,43.20208718,0.432543304,0.3355,0.0163,6,0,0.1114,0.0174,6,0,0.9383,0.0816,6,0,9.0004,0.5408,6,0
1798,43.21629455,0.111282465,0.4117,0.1182,6,0,0.1609,0.0516,6,0,0.7149,0.1572,6,0,15.267,3.8672,6,0
1799,43.2223957,-0.094490564,0.2141,0.0124,6,0,0.0431,0.0048,6,0,0.167,0.0117,6,0,7.1135,0.4379,6,0
1800,43.23796061,-0.043221888,2.4922,0.2488,6,0,1.3127,0.1813,6,0,,,,,538.0142,50.5799,6,0
1801,43.23998872,0.131331907,0.0828,0.0163,6,0,0.0268,0.0051,6,0,0.3657,0.0436,6,0,1.0909,0.392,6,0
1802,43.26679247,-0.449457634,0.2544,0.0797,6,0,0.0582,0.0169,6,0,0.0788,0.0183,6,0,3.0425,0.8848,6,0
1803,43.28683633,-0.20015587,0.0383,0.001,6,0,0.0121,0.0026,6,0,0.1925,0.0202,6,0,1.4961,0.2989,6,0
1804,43.2987107,0.43996966,0.0306,0.0307,6,0,0.0102,0.0014,6,0,0.1031,0.0064,6,0,1.9051,0.1394,6,0
1805,43.30684488,-0.087557967,0.4413,0.1096,6,0,0.1463,0.0331,6,0,0.2176,0.0514,6,0,9.5794,1.9462,6,0
1806,43.34786189,-0.662991394,0.6747,0.1039,6,0,0.2222,0.0448,6,0,0.4404,0.0576,6,0,14.1591,2.7832,6,0
1807,43.40470426,0.541421588,0.9344,0.058,6,0,0.2527,0.0293,6,0,1.913,0.135,6,0,27.5148,2.1502,6,0
1808,43.40995579,0.538496259,0.1328,0.0145,6,0,0.0184,0.0021,6,0,0.1957,0.0118,6,0,1.8526,0.1786,6,0
1809,43.44615819,0.114120243,0.0182,0.0885,6,0,0.0294,0.0081,6,0,0.2119,0.024,6,0,2.3717,0.5912,6,0
1810,43.4580455,0.111905808,0.1891,0.0165,6,0,0.0465,0.0073,6,0,0.0887,0.0091,6,0,1.2897,0.324,6,0
1811,43.46221436,0.114038224,0.0762,0.0115,6,0,0.0116,0.0025,6,0,0.0401,0.0055,6,0,0.6681,0.0992,6,0
1812,43.51618807,0.018278008,0.0733,0.0041,5,0,0.0159,0.0043,5,0,0.039,0.0114,5,0,1.4652,0.4044,5,0
1813,43.52215711,-0.64817655,1.0152,0.2089,5,0,0.5179,0.0856,5,0,3.7822,0.4746,5,0,20.7192,3.0894,5,0
1814,43.52482775,0.012466662,0.5053,0.0713,5,0,0.1369,0.0295,5,0,0.2122,0.0335,5,0,5.4763,1.2328,5,0
1815,43.52697727,-0.639665796,0.0641,0.0237,5,0,0.0156,0.0021,5,0,0.1738,0.0186,5,0,1.9624,0.2703,5,0
1816,43.53006243,0.020749943,0.0708,0.0088,5,0,0.0087,0.0022,5,0,0.0367,0.0028,5,0,1.5995,0.5194,5,0
1817,43.5372519,0.018038461,0.2131,0.0299,5,0,0.058,0.0093,5,0,0.0745,0.011,5,0,1.707,0.2248,5,0
1818,43.57467023,0.505682486,0.0467,0.0029,5,0,0.009,0.0017,5,0,0.0296,0.0028,5,0,0.7478,0.1244,5,0
1819,43.57766584,0.10905038,0.0972,0.0213,5,0,0.0215,0.0068,5,0,0.0262,0.0066,5,0,1.6708,0.3756,5,0
1820,43.58738852,0.511561701,0.251,0.0279,5,0,0.053,0.0088,5,0,0.2114,0.0258,5,0,5.1896,0.6366,5,0
1821,43.59885011,0.85597192,0.2774,0.0478,6,0,0.1043,0.0252,6,0,0.3436,0.0639,6,0,7.7228,1.9378,6,0
1822,43.65112669,0.196705364,0.0971,0.0131,6,0,0.0311,0.0073,6,0,0.0506,0.0079,6,0,1.4447,0.2463,6,0
1823,43.69371723,0.561332658,0.0175,0.0077,6,0,0.0073,0.003,6,0,0.0083,0.0027,6,0,0.1531,0.0423,6,0
1824,43.73260212,0.214654098,0.0437,0.0811,6,0,0.0531,0.0091,6,0,0.2929,0.0278,6,0,5.8865,0.6926,6,0
1825,43.74748995,0.125641437,0.4953,0.0872,6,0,0.138,0.0267,6,0,0.2865,0.0465,6,0,9.8576,1.5604,6,0
1826,43.79511761,-0.129261335,2.3905,0.2307,6,0,0.8894,0.1829,6,0,,,,,1739.0918,140.3027,6,0
1827,43.79714964,0.054184842,0.7388,0.024,6,0,0.1736,0.0231,6,0,1.4573,0.1177,6,0,12.3462,1.3302,6,0
1828,43.81834815,0.778405562,1.0553,0.0142,6,0,0.2778,0.0554,6,0,0.4064,0.0348,6,0,0.1013,0.0389,6,0
1829,43.82358814,0.391523519,0.4621,0.1034,6,0,0.1292,0.0349,6,0,0.4061,0.1274,6,0,10.6161,2.5814,6,0
1830,43.82431624,0.240102537,3.3648,0.0649,6,0,0.358,0.1602,6,0,1.7583,0.1319,6,0,0.3088,0.0441,6,0
1831,43.82476131,0.418422267,0.1714,0.0433,6,0,0.074,0.0219,6,0,0.1326,0.041,6,0,3.3521,1.0269,6,0
1832,43.88459316,-0.798260383,0.2608,0.0853,6,0,0.1353,0.0254,6,0,1.6135,0.3406,2,0,6.8739,1.4816,6,0
1833,43.89009607,-0.782792049,4.9529,0.1868,6,0,0.7299,0.1691,6,0,,,,,342.3969,48.9386,6,0
1834,43.89045914,-0.789102216,0.2668,0.0557,6,0,0.012,0.0013,6,0,,,,,18.5483,1.782,6,0
1835,43.89588833,-0.432401454,0.065,0.0139,6,0,0.0188,0.0047,6,0,0.0406,0.0094,6,0,0.965,0.2107,6,0
1836,43.89972731,0.114210368,0.3865,0.0875,6,0,0.0372,0.0056,6,0,0.1274,0.0091,6,0,3.0011,0.5317,6,0
1837,43.96310931,0.995276521,0.0953,0.0138,6,0,0.1495,0.1328,6,0,,,,,12.8745,10.4191,6,0
1838,43.96795995,0.993541567,0.6565,0.026,6,0,0.5705,0.0341,6,0,,,,,56.9261,1.528,6,0
1839,43.97884583,-0.100595354,1.9801,0.2608,6,0,0.5742,0.1112,6,0,4.6111,0.6668,6,0,70.3385,10.3674,6,0
1840,43.99564566,-0.008902206,1.7795,1.0768,6,0,0.3117,0.1942,6,0,,,,,53.3614,46.6097,6,0
1841,44.00512054,-0.016054215,0.9281,0.1873,6,0,0.2332,0.0556,6,0,0.8247,0.0071,2,0,12.2117,2.9567,6,0
1842,44.03672473,-0.169392691,1.6557,0.229,6,0,0.3262,0.0621,6,0,1.8685,0.3081,6,0,3.2517,0.569,6,0
1843,44.04258033,-0.134464358,0.5373,0.1348,6,0,0.1734,0.0482,6,0,0.3469,0.0632,6,0,8.4733,1.9658,6,0
1844,44.04517673,0.490170288,0.0606,0.0223,6,0,0.0211,0.007,6,0,0.053,0.0091,6,0,1.3996,0.2728,6,0
1845,44.10227753,-0.500786162,0.1926,0.0035,6,0,0.0498,0.0073,6,0,0.0804,0.0069,6,0,1.8117,0.1692,6,0
1846,44.10716987,0.152781124,0.0213,0.0037,6,0,0.0071,0.0017,6,0,0.0123,0.0026,6,0,0.3815,0.0748,6,0
1847,44.11042412,0.131040272,0.0471,0.0139,6,0,0.0086,0.0032,6,0,0.0146,0.0043,6,0,0.3337,0.093,6,0
1848,44.11388712,0.287304592,0.113,0.0075,6,0,0.0201,0.0029,6,0,0.0609,0.0066,6,0,2.463,0.3655,6,0
1849,44.11460702,0.429199445,0.311,0.0278,6,0,0.075,0.01,6,0,0.1092,0.0113,6,0,3.9803,0.3293,6,0
1850,44.14230824,-0.022151437,0.0357,0.0103,6,0,0.0139,0.003,6,0,0.028,0.0052,6,0,0.289,0.0564,6,0
1851,44.21873749,0.027076935,0.0762,0.0117,6,0,0.0183,0.0033,6,0,0.1631,0.0202,6,0,1.0084,0.1613,6,0
1852,44.22801994,0.05268598,0.1562,0.0098,6,0,0.0613,0.0119,6,0,0.2328,0.0234,6,0,0.4056,0.095,6,0
1853,44.2456415,-0.127713051,0.2182,0.0118,6,0,0.0819,0.0306,6,0,0.876,0.2245,6,0,4.6648,1.7139,6,0
1854,44.28311997,-0.5299725,1.8238,0.5052,6,0,0.3344,0.1762,6,0,2.2841,1.0903,6,0,23.8764,12.0899,6,0
1855,44.28342399,-0.525056864,3.0857,0.0538,6,0,0.7091,0.1089,6,0,5.3407,0.6891,6,0,71.649,4.3656,6,0
1856,44.29486533,-0.157689058,0.0676,0.0165,6,0,0.0314,0.0066,6,0,0.1627,0.0122,6,0,1.8598,0.3708,6,0
1857,44.35123704,0.444977002,0.0674,0.011,6,0,0.018,0.0062,6,0,0.1484,0.035,6,0,1.6858,0.2843,6,0
1858,44.35198388,0.440616662,0.0282,0.0053,6,0,0.0032,0.0007,6,0,0.0133,0.0027,6,0,0.25,0.0243,6,0
1859,44.36564894,0.472433407,2.8635,0.1097,6,0,0.58,0.1606,6,0,0.9555,0.0925,6,0,0.2517,0.0578,6,0
1860,44.39166352,-0.767578652,0.2965,0.0286,6,0,0.0504,0.01,6,0,0.1042,0.0186,6,0,2.3095,0.5094,6,0
1861,44.39633402,-0.76661147,0.1571,0.0055,6,0,0.0101,0.0011,6,0,0.1303,0.0035,6,0,2.2545,0.3376,6,0
1862,44.39994487,-0.763323069,0.0679,0.0182,6,0,0.0096,0.0019,6,0,0.0383,0.0059,6,0,0.8601,0.1698,6,0
1863,44.41766233,0.535989319,0.5446,0.0487,6,0,0.2354,0.0312,6,0,4.18,0.4851,6,0,33.3032,2.5271,6,0
1864,44.41778588,0.482638277,0.2069,0.0119,6,0,0.0551,0.0099,6,0,0.1806,0.0184,6,0,3.7606,0.4166,6,0
1865,44.42248768,0.53724746,0.1922,0.0364,6,0,0.0509,0.0043,6,0,2.5537,0.2152,6,0,14.5564,0.8172,6,0
1866,44.43153193,0.106474669,0.0495,0.0052,6,0,0.0237,0.0034,6,0,0.0605,0.0063,6,0,0.8777,0.0827,6,0
1867,44.45635394,0.677066724,0.1344,0.0023,6,0,0.0477,0.0053,6,0,0.5122,0.0318,6,0,4.4628,0.1798,6,0
1868,44.50159817,0.351822653,0.1828,0.033,6,0,0.0267,0.0057,6,0,0.211,0.0275,6,0,4.3223,0.7993,6,0
1869,44.5061033,0.350225498,0.3997,0.0278,6,0,0.0771,0.0078,6,0,0.5617,0.03,6,0,15.9794,0.7572,6,0
1870,44.52148549,0.390053645,0.1499,0.0169,6,0,0.0526,0.007,6,0,0.855,0.078,6,0,9.2792,0.9437,6,0
1871,44.52201738,0.386403013,0.3144,0.0514,6,0,0.0857,0.0185,6,0,0.7967,0.1672,6,0,7.9556,1.5234,6,0
1872,44.56808185,0.48322836,0.0513,0.0028,6,0,0.0096,0.0017,6,0,0.0231,0.0024,6,0,0.4764,0.073,6,0
1873,44.57579164,-0.200286661,0.1238,0.0262,6,0,0.0456,0.0118,6,0,0.0981,0.0217,6,0,1.7441,0.4217,6,0
1874,44.58001271,0.366290569,0.075,0.0087,6,0,0.0053,0.0011,6,0,0.034,0.0041,6,0,0.3049,0.0627,6,0
1875,44.58204886,0.369121065,0.0989,0.0045,6,0,0.0104,0.0018,6,0,0.0353,0.0028,6,0,0.5399,0.0838,6,0
1876,44.5905775,0.369553856,0.0592,0.0086,6,0,0.0142,0.004,6,0,0.2127,0.0417,6,0,7.4277,1.4034,6,0
1877,44.59968506,0.354322272,0.0943,0.0116,6,0,0.0226,0.0048,6,0,0.0428,0.0072,6,0,0.955,0.1471,6,0
1878,44.65402938,0.370843676,0.0272,0.003,6,0,0.0065,0.0015,6,0,0.0204,0.0026,6,0,0.3449,0.081,6,0
1879,44.65469339,0.347139887,0.0476,0.0032,6,0,0.0053,0.0011,6,0,0.0329,0.0071,6,0,1.0051,0.1849,6,0
1880,44.66093881,0.352825186,0.0503,0.0112,6,0,0.0055,0.0039,6,0,0.4023,0.2321,6,0,5.5418,6.2713,6,0
1881,44.66213825,-0.15486103,0.0719,0.0149,6,0,0.0212,0.0056,6,0,0.0497,0.0108,6,0,0.646,0.0871,6,0
1882,44.68264327,-0.743168522,0.0262,0.0055,6,0,0.0142,0.0034,6,0,0.0208,0.0042,6,0,0.52,0.0831,6,0
1883,44.6877728,-0.129575926,1.1802,0.0418,6,0,0.3581,0.0382,6,0,0.9417,0.0535,6,0,14.3811,1.5946,6,0
1884,44.6951765,0.03567284,0.0937,0.0071,6,0,0.0175,0.0025,6,0,0.0347,0.0033,6,0,0.6823,0.0968,6,0
1885,44.71051966,-0.574384887,0.5998,0.2478,6,0,0.1539,0.0483,6,0,0.5385,0.2092,6,0,8.9845,2.2711,6,0
1886,44.77371169,-0.474002347,0.334,0.0111,6,0,0.096,0.0094,6,0,1.0823,0.0892,6,0,8.591,0.4348,6,0
1887,44.78487406,0.59247891,0.0533,0.0047,6,0,0.0109,0.0013,6,0,0.0193,0.0022,6,0,0.3186,0.0555,6,0
1888,44.81339042,-0.440024508,0.1073,0.0172,6,0,0.0195,0.0031,6,0,0.0505,0.0068,6,0,1.8454,0.3001,6,0
1889,44.8224923,-0.438401849,0.124,0.02,6,0,0.0345,0.0062,6,0,0.0587,0.0078,6,0,1.1907,0.1531,6,0
1890,44.82573074,-0.796229604,0.0232,0.006,6,0,0.0087,0.0016,6,0,0.0174,0.0024,6,0,0.2338,0.0523,6,0
1891,44.91684404,-0.67249174,0.1573,0.0286,6,0,0.0237,0.005,6,0,0.0389,0.0107,6,0,1.6625,0.1764,6,0
1892,44.92550985,-0.729811988,0.1058,0.0179,6,0,0.0291,0.0036,6,0,0.0781,0.012,6,0,1.5702,0.1566,6,0
1893,44.97911069,-0.566914933,0.1491,0.0318,6,0,0.0428,0.0105,6,0,0.0676,0.0092,6,0,1.3839,0.1402,6,0
1894,45.03997249,-0.639744848,0.1367,0.0266,6,0,0.0417,0.0081,6,0,0.1014,0.0194,6,0,1.8885,0.2935,6,0
1895,45.08021284,-0.492413154,0.0627,0.0047,6,0,0.0133,0.0015,6,0,0.036,0.004,6,0,0.4993,0.0659,6,0
1896,45.08982152,-0.492758757,0.9254,0.131,6,0,0.2436,0.0325,6,0,0.3836,0.0495,6,0,16.0505,1.8964,6,0
1897,45.12151861,-0.118802543,0.1876,0.0128,6,0,0.0518,0.007,6,0,0.1899,0.0167,6,0,2.1444,0.268,6,0
1898,45.13717774,-0.750014585,0.4354,0.0485,6,0,0.1077,0.0137,6,0,0.2032,0.022,6,0,5.0443,0.4823,6,0
1899,45.1616284,-0.813154936,0.0942,0.0207,6,0,0.0227,0.0051,6,0,0.065,0.0037,6,0,1.1936,0.2349,6,0
1900,45.16832916,-0.345725823,0.1124,0.019,6,0,0.0231,0.0049,6,0,0.2335,0.0299,6,0,1.4313,0.2329,6,0
1901,45.18964656,-0.438930646,2.6858,0.1927,6,0,0.8561,0.165,6,0,,,,,88.1822,10.9541,6,0
1902,45.31018381,0.667806607,0.0225,0.0017,6,0,0.0044,0.0011,6,0,0.0113,0.0022,6,0,0.1261,0.0201,6,0
1903,45.34440826,0.218599082,0.0302,0.0029,6,0,0.0102,0.0016,6,0,0.0197,0.0033,6,0,0.2606,0.045,6,0
1904,45.39352644,0.401259901,0.3334,0.0206,6,0,0.1135,0.0099,6,0,1.444,0.0447,6,0,10.6897,0.5921,6,0
1905,45.39921152,-0.709164586,0.5068,0.053,6,0,0.1493,0.0198,6,0,0.6046,0.0857,6,0,10.7251,1.2076,6,0
1906,45.40031136,-0.515800408,0.6446,0.1035,6,0,0.1822,0.0385,6,0,0.2719,0.0512,6,0,11.0532,1.9996,6,0
1907,45.41686495,-0.104171609,2.5023,0.2754,6,0,0.722,0.1113,6,0,1.6419,0.1472,6,0,52.8311,4.8753,6,0
1908,45.4383447,0.434266383,0.0168,0.0027,6,0,0.0033,0.0007,6,0,0.011,0.0021,6,0,0.1583,0.0316,6,0
1909,45.44673687,-0.213249933,0.2166,0.0091,6,0,0.0515,0.0074,6,0,0.1092,0.0103,6,0,3.8887,0.2494,6,0
1910,45.44946781,-0.270752094,0.0212,0.0009,6,0,0.0049,0.0007,6,0,0.0207,0.0019,6,0,0.3655,0.0303,6,0
1911,45.44958006,-0.283563892,0.0348,0.0066,6,0,0.0094,0.0018,6,0,0.0272,0.0037,6,0,0.5816,0.1052,6,0
1912,45.4518805,0.445676739,0.0697,0.0078,6,0,0.0176,0.0033,6,0,0.0332,0.0053,6,0,0.6593,0.0708,6,0
1913,45.45422334,0.061090275,10.2797,1.1009,6,0,,,,,,,,,895.0629,129.329,6,0
1914,45.46780539,0.134423042,1.1284,0.2004,6,0,0.3645,0.1839,2,0,,,,,38.6221,33.9098,6,0
1915,45.47854959,0.133496988,8.4219,0.8265,6,0,,,,,,,,,362.2462,82.2214,6,0
1916,45.49961892,0.225763979,0.1363,0.0124,6,0,0.044,0.0044,6,0,0.1955,0.0155,6,0,2.3583,0.2004,6,0
1917,45.50942323,-0.262162814,0.0572,0.0049,6,0,0.0117,0.0018,6,0,0.0392,0.0048,6,0,0.9565,0.0815,6,0
1918,45.51422776,0.736077767,0.0379,0.0062,6,0,0.0141,0.0044,6,0,0.0231,0.0063,6,0,0.6845,0.1702,6,0
1919,45.51472776,-0.259879161,0.0297,0.0045,6,0,0.0055,0.0007,6,0,0.0112,0.0011,6,0,0.2523,0.0443,6,0
1920,45.5390298,-0.397084974,1.179,0.1025,6,0,0.3402,0.0337,6,0,0.7001,0.0582,6,0,25.691,1.5763,6,0
1921,45.5417235,-0.005991278,2.6638,0.1976,6,0,0.8854,0.0856,6,0,6.7722,0.347,6,0,114.1267,5.6908,6,0
1922,45.55623392,-0.418549238,0.0686,0.0143,6,0,0.0223,0.0038,6,0,0.0587,0.0069,6,0,1.526,0.1616,6,0
1923,45.56570404,-0.120358069,0.1326,0.028,6,0,0.034,0.012,6,0,0.4299,0.122,6,0,15.6734,3.3492,6,0
1924,45.58192083,-0.562271688,0.0372,0.0033,6,0,0.0092,0.0015,6,0,0.0188,0.0023,6,0,0.3859,0.0481,6,0
1925,45.58235712,-0.499527999,0.0532,0.0049,6,0,0.0141,0.0028,6,0,0.0485,0.0058,6,0,0.8906,0.1098,6,0
1926,45.59873901,-0.67511733,0.0885,0.0069,6,0,0.0239,0.0043,6,0,0.0413,0.0056,6,0,0.6916,0.12,6,0
1927,45.64992195,0.263439874,0.098,0.029,6,0,0.0248,0.0067,6,0,0.0358,0.01,6,0,1.7509,0.3622,6,0
1928,45.66772426,-0.609992318,0.1777,0.0082,6,0,0.0421,0.007,6,0,0.1416,0.014,6,0,3.1904,0.3215,6,0
1929,45.68156731,-0.212401683,0.3409,0.0496,6,0,0.1018,0.0078,6,0,0.5023,0.0252,6,0,16.1546,0.6298,6,0
1930,45.70530728,-0.566507397,0.141,0.0079,6,0,0.0358,0.006,6,0,0.1058,0.0118,6,0,1.2928,0.1681,6,0
1931,45.7382967,-0.290638526,0.3639,0.0249,6,0,0.0909,0.0165,6,0,0.7946,0.0748,6,0,7.807,0.7349,6,0
1932,45.74196427,-0.289921525,0.1634,0.0707,6,0,0.0291,0.0195,6,0,0.1774,0.1536,6,0,2.619,1.4783,6,0
1933,45.80296477,-0.358802207,0.1347,0.0225,6,0,0.0064,0.0026,6,0,0.4624,0.1543,6,0,33.8948,13.2695,6,0
1934,45.80587825,-0.351640292,1.0933,0.2132,6,0,0.2453,0.0529,6,0,1.3053,0.2901,6,0,39.7796,19.5227,6,0
1935,45.80874113,-0.35938844,0.1123,0.0104,6,0,0.0125,0.0024,6,0,0.1477,0.0178,6,0,2.9717,0.6292,6,0
1936,45.87139313,-0.549341449,0.3614,0.016,6,0,0.1064,0.0092,6,0,0.2193,0.0137,6,0,5.2094,0.106,6,0
1937,45.90495619,0.480851059,0.1063,0.01,6,0,0.0316,0.0044,6,0,0.0399,0.0045,6,0,0.7627,0.0628,6,0
1938,45.91514453,0.179991292,2.1318,0.1021,6,0,0.5467,0.0538,6,0,4.7164,0.27,6,0,64.6597,3.7451,6,0
1939,45.92054061,0.317273731,0.0588,0.0064,6,0,0.0124,0.0016,6,0,0.0204,0.002,6,0,0.3816,0.0413,6,0
1940,45.92316486,0.043906108,0.508,0.0291,6,0,0.1382,0.0105,6,0,0.3655,0.0161,6,0,9.8533,0.3319,6,0
1941,45.92594494,0.141474016,0.06,0.0035,6,0,0.0072,0.001,6,0,0.0235,0.0019,6,0,0.463,0.1267,6,0
1942,45.9324889,-0.40186118,3.2415,0.5658,6,0,1.1209,0.2524,6,0,12.0005,2.1082,6,0,188.8145,40.2654,6,0
1943,45.94305537,-0.529024776,0.0866,0.0065,6,0,0.0226,0.0026,6,0,0.0505,0.0043,6,0,0.8578,0.062,6,0
1944,45.9439797,0.866944945,3.3265,0.0489,6,0,0.4975,0.1548,6,0,,,,,0.1889,0.0308,6,0
1945,45.98749078,-0.103082936,0.0344,0.002,6,0,0.0076,0.0014,6,0,0.0197,0.0023,6,0,0.4868,0.0556,6,0
1946,45.99654167,-0.105759385,0.1639,0.0126,6,0,0.0379,0.0048,6,0,0.1043,0.0094,6,0,2.8351,0.16,6,0
1947,46.08136742,0.248258709,0.6693,0.0603,6,0,0.143,0.0149,6,0,0.6418,0.064,6,0,18.0015,2.6959,6,0
1948,46.0872691,0.264912207,0.0555,0.0031,6,0,0.0075,0.0005,6,0,0.0143,0.0009,6,0,0.7571,0.079,6,0
1949,46.08751207,0.254255287,1.2312,0.1846,6,0,0.297,0.0616,6,0,3.7271,0.4261,6,0,48.2061,7.5505,6,0
1950,46.10069409,0.269073413,0.3058,0.0297,6,0,0.071,0.0162,6,0,0.2163,0.0324,6,0,10.9254,1.4041,6,0
1951,46.10158588,0.422991084,0.5404,0.1569,6,0,0.1503,0.042,6,0,0.3283,0.068,6,0,8.4587,2.0465,6,0
1952,46.11047287,0.284786945,0.1428,0.0295,6,0,0.0301,0.0073,6,0,0.0479,0.0085,6,0,1.8455,0.3315,6,0
1953,46.11063963,0.873540388,0.0642,0.0187,6,0,0.0229,0.004,6,0,0.0369,0.0068,6,0,0.4343,0.1003,6,0
1954,46.11448217,0.397684155,1.3912,0.088,6,0,0.2585,0.026,6,0,1.7283,0.0973,6,0,37.9631,2.7885,6,0
1955,46.11760461,0.402727574,0.087,0.017,6,0,0.0062,0.0015,6,0,0.071,0.0135,6,0,1.3304,0.2276,6,0
1956,46.13983213,-0.137186199,0.0396,0.0167,6,0,0.0087,0.0039,6,0,0.0097,0.0024,6,0,0.5865,0.1199,6,0
1957,46.16948223,-0.100968166,1.2017,0.145,6,0,0.3522,0.0659,6,0,2.3669,0.3396,6,0,48.4559,8.189,6,0
1958,46.17518303,0.537786998,0.2317,0.0474,6,0,0.0546,0.0109,6,0,0.5551,0.1548,6,0,5.3637,1.1573,6,0
1959,46.17765433,-0.10779829,0.4789,0.0861,6,0,0.1087,0.0221,6,0,0.3726,0.0604,6,0,7.0376,1.356,6,0
1960,46.1813349,0.534150253,0.1829,0.0189,6,0,0.0534,0.0075,6,0,0.517,0.0328,6,0,2.7586,0.2512,6,0
1961,46.2008788,-0.019482536,0.1075,0.0147,6,0,0.0832,0.018,6,0,1.2896,0.1408,6,0,1.4492,0.2184,6,0
1962,46.2029234,0.534688908,0.1884,0.0601,6,0,0.0981,0.0238,6,0,0.5106,0.1058,6,0,5.4638,1.3411,6,0
1963,46.21334774,0.547111789,0.3368,0.045,6,0,0.1602,0.041,6,0,1.7806,0.276,6,0,15.2842,4.3102,6,0
1964,46.22253209,-0.728904584,0.2291,0.012,6,0,0.0616,0.0143,6,0,0.1348,0.0199,6,0,2.5546,0.3722,6,0
1965,46.23828474,-0.675645422,0.0404,0.0084,6,0,0.0123,0.0034,6,0,0.0182,0.0051,6,0,0.4385,0.1214,6,0
1966,46.27898185,-0.684743821,0.0936,0.0141,6,0,0.0214,0.0064,6,0,0.0304,0.0063,6,0,0.9147,0.1822,6,0
1967,46.32844828,-0.564416451,0.0617,0.016,6,0,0.0253,0.0116,6,0,0.0442,0.0193,6,0,1.0085,0.4287,6,0
1968,46.33232574,0.002738563,0.1302,0.0072,6,0,0.0299,0.0049,6,0,0.0818,0.0091,6,0,1.2732,0.1739,6,0
1969,46.36761172,0.802062647,0.1599,0.0231,6,0,0.0516,0.0145,6,0,0.2285,0.0306,6,0,4.7152,0.9079,6,0
1970,46.36771257,0.893318201,0.0539,0.0057,6,0,0.0085,0.0014,6,0,,,,,0.6632,0.1426,6,0
1971,46.37628914,0.895994266,0.143,0.028,6,0,0.0201,0.0041,6,0,,,,,2.0414,0.7411,6,0
1972,46.39581829,-0.505563995,0.0772,0.0289,6,0,0.0273,0.0088,6,0,0.032,0.0113,6,0,0.7939,0.1192,6,0
1973,46.47211043,-0.012440799,0.4745,0.0553,6,0,0.1028,0.0228,6,0,0.3962,0.0494,6,0,14.545,1.7929,6,0
1974,46.49288031,0.007949437,0.0542,0.0209,6,0,0.0102,0.0029,6,0,0.0221,0.0031,6,0,0.7578,0.1674,6,0
1975,46.52685784,0.062352621,0.036,0.002,6,0,0.0082,0.0014,6,0,0.0224,0.0026,6,0,0.4352,0.0707,6,0
1976,46.58753946,-0.582544804,0.1741,0.0268,6,0,0.0612,0.0076,6,0,0.0792,0.0114,6,0,2.3768,0.3998,6,0
1977,46.61930318,0.318057468,0.7432,0.0273,6,0,0.1955,0.0318,6,0,1.1091,0.0939,6,0,16.3552,1.4063,6,0
1978,46.64519077,0.101523875,0.0528,0.0066,6,0,0.0148,0.0037,6,0,0.0214,0.0035,6,0,1.0909,0.1046,6,0
1979,46.67529943,-0.010784405,0.0359,0.0114,6,0,0.0156,0.0042,6,0,0.0308,0.0064,6,0,0.6612,0.0968,6,0
1980,46.74082558,-0.000825686,0.0314,0.0126,6,0,0.0103,0.004,6,0,0.0424,0.0096,6,0,0.3441,0.0765,6,0
1981,46.75676057,-0.320218624,0.0767,0.0225,6,0,0.0598,0.0088,6,0,0.7462,0.0565,6,0,2.057,0.4285,6,0
1982,46.7928743,0.280080305,0.0444,0.0095,6,0,0.0194,0.0038,6,0,0.0286,0.0046,6,0,0.5205,0.0597,6,0
1983,46.79785873,-0.128652453,0.3675,0.0294,6,0,0.0859,0.0158,6,0,0.1056,0.0178,6,0,5.238,0.6808,6,0
1984,46.90102281,0.360933116,0.8269,0.0142,6,0,0.2347,0.0267,6,0,1.307,0.0676,6,0,23.5812,1.1988,6,0
1985,47.04220168,0.237855427,0.2162,0.0313,6,0,0.0678,0.0065,6,0,0.6697,0.079,6,0,4.9951,0.3617,6,0
1986,47.04882455,0.236964252,0.3757,0.0674,6,0,0.0762,0.0108,6,0,0.1033,0.0252,6,0,5.3178,0.7846,6,0
1987,47.04983764,0.25233822,0.167,0.004,6,0,0.0364,0.0076,6,0,0.2236,0.0299,6,0,4.6994,0.5447,6,0
1988,47.05733793,-0.721533832,4.1103,0.0414,6,0,0.4669,0.1277,6,0,3.118,0.4001,6,0,1.8528,0.1709,6,0
1989,47.09698195,0.274124986,0.0876,0.0149,6,0,0.0179,0.0034,6,0,0.0232,0.0027,6,0,0.6839,0.1737,6,0
1990,47.09980446,0.480105221,1.2701,0.0406,6,0,0.4143,0.0248,6,0,5.8406,0.1866,6,0,60.0471,2.2777,6,0
1991,47.10079659,0.271672518,0.079,0.0089,6,0,0.0116,0.0015,6,0,0.0259,0.0029,6,0,0.6842,0.1486,6,0
1992,47.17416796,0.321226856,0.2054,0.0169,6,0,0.0255,0.0033,6,0,0.2107,0.0169,6,0,6.447,0.6913,6,0
1993,47.17510122,0.327387365,0.2463,0.0117,6,0,0.0326,0.0044,6,0,0.1803,0.01,6,0,3.2807,0.3571,6,0
1994,47.27343401,0.347086746,0.1161,0.035,6,0,0.0202,0.0073,6,0,0.0396,0.0124,6,0,1.9232,0.3442,6,0
1995,47.2737066,0.339636854,0.0283,0.0023,6,0,0.0028,0.0007,6,0,0.0054,0.0007,6,0,0.0406,0.0083,6,0
1996,47.27459384,0.359672683,0.0313,0.0108,6,0,0.0027,0.0018,6,0,0.0123,0.0048,6,0,0.1888,0.1292,6,0
1997,47.27592514,0.352480729,0.0746,0.0034,6,0,0.0116,0.0015,6,0,0.147,0.0138,6,0,1.1242,0.0449,6,0
1998,47.27715595,0.357847393,0.0835,0.0092,6,0,0.0086,0.0022,6,0,0.027,0.005,6,0,0.7833,0.1759,6,0
1999,47.57980792,-0.071947226,0.1898,0.0327,6,0,0.0509,0.0109,6,0,0.1421,0.0278,6,0,4.941,0.9737,6,0
2000,47.58648394,-0.046243563,0.1762,0.0119,7,0,0.0387,0.0066,7,0,0.0693,0.0074,7,0,2.362,0.251,7,0
2001,47.60851633,-0.703439999,0.0317,0.0041,7,0,0.0074,0.0012,7,0,0.0112,0.0016,7,0,0.1213,0.0307,7,0
2002,47.63683264,0.074940022,0.8106,0.0436,6,0,0.2181,0.0287,6,0,1.4932,0.0992,6,0,25.8953,2.164,6,0
2003,47.63838949,0.069745035,0.0322,0.0406,6,0,0.0016,0.0033,6,0,-0.225,0.1711,6,0,-1.8556,1.4945,6,0
2004,47.83809629,0.075767534,0.024,0.0085,6,0,0.0161,0.0033,6,0,0.0616,0.0075,6,0,0.7601,0.1413,6,0
2005,47.87043275,0.31476772,0.0494,0.0098,6,0,0.0031,0.0005,6,0,0.0429,0.0037,6,0,1.8153,0.3295,6,0
2006,47.87482528,0.312318564,0.7935,0.0509,6,0,0.159,0.0161,6,0,0.957,0.0689,6,0,9.4398,0.7551,6,0
2007,47.87540737,0.308279135,0.0766,0.0085,6,0,0.0034,0.0008,6,0,0.0498,0.0077,6,0,0.2373,0.0891,6,0
2008,47.88011333,0.304495377,0.207,0.0495,6,0,0.0377,0.0088,6,0,0.0862,0.0172,6,0,3.1006,0.5894,6,0
2009,48.16475475,0.189605673,0.023,0.0028,6,0,0.0082,0.0022,6,0,0.0185,0.0028,6,0,0.3181,0.0587,6,0
2010,48.18372053,0.60851713,0.0337,0.0046,6,0,0.0074,0.0018,6,0,0.0162,0.0031,6,0,0.1874,0.0438,6,0
2011,48.18835939,0.611519409,0.0098,0.0026,5,0,0.0024,0.0007,5,0,0.0057,0.0014,5,0,-0.001,0.0208,5,0
2012,48.27470881,-0.420809482,0.0647,0.0165,5,0,0.0271,0.0058,5,0,0.0217,0.0051,5,0,0.6217,0.1126,5,0
2013,48.34415046,0.556542575,0.035,0.0095,5,0,0.0256,0.006,5,0,0.3304,0.0551,5,0,0.8361,0.2119,5,0
2014,48.35293665,-0.068741138,0.0216,0.0079,5,0,0.0041,0.0012,5,0,0.0156,0.0035,5,0,0.102,0.0258,5,0
2015,48.37034056,0.368084084,0.0219,0.0048,5,0,0.0045,0.0012,5,0,0.0124,0.0026,5,0,0.131,0.0494,5,0
2016,48.37269254,0.256005613,0.3459,0.0665,5,0,0.0923,0.0205,5,0,0.1254,0.0299,5,0,6.2106,1.1032,5,0
2017,48.38870087,0.971715804,0.0314,0.009,5,0,0.0117,0.0025,5,0,0.0271,0.0059,5,0,0.3061,0.0267,5,0
2018,48.39720005,0.289134178,0.0488,0.0039,5,0,0.0115,0.003,5,0,0.0336,0.0029,5,0,0.1071,0.0678,5,0
2019,48.40237988,0.222761967,0.2308,0.022,5,0,0.0651,0.0151,5,0,0.5,0.072,5,0,5.2668,0.9117,5,0
2020,48.49140445,-0.208422459,0.0421,0.0055,5,0,0.0161,0.0049,5,0,0.0285,0.0051,5,0,0.2289,0.0683,5,0
2021,48.51414523,0.162951854,0.0362,0.0079,5,0,0.0089,0.0033,5,0,0.0276,0.0061,5,0,0.3696,0.1345,5,0
2022,48.51576498,-0.638207516,0.3938,0.0517,5,0,0.1627,0.0385,5,0,0.8373,0.1444,5,0,9.1274,1.8887,5,0
2023,48.534381,-0.342288777,0.0281,0.0083,5,0,0.0126,0.0042,5,0,0.0336,0.0063,5,0,0.359,0.1284,5,0
2024,48.58987901,0.26118968,0.2432,0.0111,5,0,0.0362,0.01,5,0,0.4048,0.0516,5,0,4.1147,0.7712,5,0
2025,48.59126985,-0.656359836,0.865,0.0782,5,0,0.2274,0.0461,5,0,0.6597,0.0794,5,0,16.5316,2.1195,5,0
2026,48.59954385,0.245804301,0.5282,0.0609,5,0,0.0715,0.0182,5,0,1.3132,0.1899,5,0,14.7996,2.8363,5,0
2027,48.60355868,0.239358519,1.3013,0.1348,5,0,0.3792,0.0775,5,0,1.3785,0.2183,5,0,16.3476,3.9448,5,0
2028,48.60748477,0.026238643,2.2768,0.3057,5,0,0.7077,0.1281,5,0,,,,,1138.2323,100.4833,5,0
2029,48.61743557,0.087139358,0.2226,0.0241,5,0,0.0464,0.011,5,0,0.541,0.0633,5,0,9.896,1.6263,5,0
2030,48.62536502,0.022082261,0.4689,0.0717,5,0,0.1151,0.0258,5,0,1.5678,0.0168,2,0,20.3338,6.0994,5,0
2031,48.62780028,0.229213165,0.3782,0.0428,5,0,0.0395,0.0077,5,0,0.5665,0.0491,5,0,10.1089,1.3484,5,0
2032,48.63149986,-0.139669243,0.4169,0.0498,5,0,0.1215,0.0249,5,0,0.1798,0.0291,5,0,6.4962,0.9497,5,0
2033,48.63436965,0.23129793,1.6744,0.1094,5,0,0.4474,0.0475,5,0,3.0353,0.2865,5,0,57.8198,3.8438,5,0
2034,48.6377949,0.606693937,0.2676,0.0801,5,0,0.0428,0.0075,5,0,0.2107,0.0348,5,0,6.7772,1.3911,5,0
2035,48.67876779,0.224988138,1.1023,0.0593,5,0,0.3817,0.0497,5,0,,,,,40.8934,4.1705,5,0
2036,48.68534936,-0.580501167,0.3419,0.0174,5,0,0.0781,0.0142,5,0,0.2333,0.034,5,0,5.2733,0.7663,5,0
2037,48.73255654,-0.14263865,0.0447,0.0141,5,0,0.0224,0.0066,5,0,0.0657,0.0226,5,0,0.784,0.2217,5,0
2038,48.77494077,-0.150877057,0.0726,0.0045,5,0,0.0145,0.0033,5,0,0.0416,0.006,5,0,0.8416,0.1427,5,0
2039,48.78591582,-0.640526965,1.319,0.0268,5,0,0.4582,0.0864,5,0,0.6132,0.0796,5,0,0.3301,0.1512,5,0
2040,48.79230205,0.119339976,0.1775,0.0308,5,0,0.0486,0.0101,5,0,0.0534,0.0115,5,0,1.802,0.3818,5,0
2041,48.83747628,0.231005914,0.0953,0.0176,5,0,0.0191,0.004,5,0,0.129,0.0172,5,0,1.638,0.2054,5,0
2042,48.84527563,-0.543714213,3.245,0.3863,5,0,1.0126,0.1731,5,0,6.0368,0.4818,5,0,89.5744,12.2106,5,0
2043,48.84969351,0.231542911,0.4154,0.0554,5,0,0.1332,0.0137,5,0,0.5499,0.0367,5,0,13.5694,1.228,5,0
2044,48.87290696,-0.509191689,0.6899,0.2156,5,0,0.2271,0.0583,5,0,0.8954,0.1955,5,0,20.7056,4.5168,5,0
2045,48.87663744,-0.514058366,0.4043,0.059,5,0,0.0561,0.0084,5,0,0.3785,0.0341,5,0,5.9005,1.0115,5,0
2046,48.89630175,0.515547602,0.1556,0.0285,5,0,0.0582,0.0101,5,0,0.058,0.0125,5,0,1.153,0.2484,5,0
2047,48.93186666,-0.282667845,2.9174,0.9928,5,0,,,,,,,,,92.8761,20.0781,5,0
2048,48.98242716,0.238593704,0.0628,0.0088,5,0,0.0206,0.0052,5,0,0.0325,0.0058,5,0,0.1441,0.0344,5,0
2049,49.00437601,0.197835901,0.0151,0.0084,5,0,0.0046,0.0013,5,0,0.0088,0.0021,5,0,0.131,0.033,5,0
2050,49.01975413,0.505419857,0.1125,0.0043,5,0,0.0227,0.0042,5,0,0.0569,0.004,5,0,0.2666,0.0447,5,0
2051,49.05095218,0.975511773,0.0535,0.0126,5,0,0.0268,0.0038,5,0,0.0297,0.0041,5,0,0.3935,0.1142,5,0
2052,49.07331883,0.983222785,0.5777,0.0558,5,0,0.1794,0.0303,5,0,0.3305,0.0367,5,0,5.9749,0.8175,5,0
2053,49.07780885,-0.37383647,1.5427,0.2717,5,0,0.4416,0.0583,5,0,,,,,67.8878,5.6249,5,0
2054,49.07960051,0.421305243,0.0294,0.0073,5,0,0.0079,0.0026,5,0,0.0109,0.0023,5,0,0.1356,0.0781,5,0
2055,49.16088946,0.217248465,0.4985,0.0335,5,0,0.2012,0.0289,5,0,2.7137,0.2677,5,0,20.0529,2.1845,5,0
2056,49.20751454,0.022282932,0.0202,0.0053,5,0,0.0103,0.003,5,0,0.0176,0.0047,5,0,0.1151,0.0524,5,0
2057,49.20941722,0.200170754,0.1496,0.0217,5,0,0.051,0.0137,5,0,0.3101,0.0441,5,0,6.2813,1.0882,5,0
2058,49.21387416,0.018504647,0.019,0.0391,5,0,0.0079,0.0026,5,0,0.0749,0.0114,5,0,0.5921,0.115,5,0
2059,49.28780167,-0.055604403,4.5347,0.2343,5,0,1.1388,0.2255,5,0,,,,,157.8112,18.7086,5,0
2060,49.29069969,-0.518147068,0.1439,0.0258,5,0,0.2683,0.0487,5,0,3.2085,0.4264,5,0,8.177,1.8858,5,0
2061,49.36795757,-0.304399088,6.3498,2.0053,5,0,,,,,,,,,469.197,85.8001,5,0
2062,49.38995995,-0.32529556,1.2306,0.0882,5,0,0.29,0.0095,2,0,,,,,65.914,10.4369,5,0
2063,49.39908487,-0.490545554,0.6098,0.0543,5,0,0.7919,0.1316,5,0,,,,,34.789,5.0725,5,0
2064,49.40872943,0.333945766,1.0581,0.0946,5,0,0.3148,0.061,5,0,1.708,0.2084,5,0,26.629,4.55,5,0
2065,49.41669144,0.322224547,0.2722,0.0616,5,0,0.0665,0.02,5,0,0.9741,0.161,5,0,65.1166,8.4827,5,0
2066,49.42399571,-0.052302831,0.1061,0.009,5,0,0.0332,0.0039,5,0,0.0907,0.0091,5,0,1.336,0.1586,5,0
2067,49.42732697,-0.003111862,0.3621,0.3501,5,0,0.0302,0.0095,5,0,0.045,0.0189,5,0,1.3389,0.2601,5,0
2068,49.43164575,-0.008293272,1.1585,0.329,5,0,0.2955,0.1052,5,0,0.4197,0.128,5,0,10.6998,2.8321,5,0
2069,49.43794571,0.271085617,0.0698,0.01,5,0,0.0225,0.0046,5,0,0.0331,0.0054,5,0,0.7036,0.1302,5,0
2070,49.43846025,-0.03694703,0.9249,0.0389,5,0,0.239,0.0281,5,0,0.6702,0.0531,5,0,16.6221,1.4568,5,0
2071,49.48695759,0.50507015,0.1026,0.0112,5,0,0.0254,0.0057,5,0,0.0479,0.0036,5,0,1.1202,0.1745,5,0
2072,49.48975221,-0.381398146,24.6452,4.8235,5,0,,,,,,,,,1297.4356,571.533,5,0
2073,49.49666206,-0.471640879,1.5103,0.1015,5,0,0.5461,0.0813,5,0,,,,,42.0332,5.6895,5,0
2074,49.51537573,-0.763237521,0.0757,0.0218,5,0,0.0333,0.0077,5,0,0.0327,0.0077,5,0,0.4672,0.1337,5,0
2075,49.53520554,0.205979111,0.9079,0.1579,5,0,0.2593,0.063,5,0,0.5421,0.0687,5,0,23.2923,3.4766,5,0
2076,49.53743455,-0.393384138,6.1939,1.3864,5,0,,,,,,,,,135.406,21.7899,5,0
2077,49.54286273,-0.882460762,0.529,0.0133,5,0,0.0902,0.0121,5,0,0.8948,0.0621,5,0,19.1181,1.1081,5,0
2078,49.55246177,-0.882424091,0.0711,0.0048,5,0,0.0169,0.0046,5,0,0.0988,0.0241,5,0,1.3065,0.2707,5,0
2079,49.55342381,-0.33020016,3.1818,0.5819,5,0,1.0732,0.3461,5,0,,,,,87.1144,8.6003,5,0
2080,49.56366624,0.634760415,0.1288,0.0298,5,0,0.0619,0.0129,5,0,0.0738,0.0161,5,0,1.7791,0.5071,5,0
2081,49.5728365,-0.272017181,2.0014,0.987,5,0,0.9815,0.3454,5,0,5.1561,1.3197,5,0,64.7991,21.8638,5,0
2082,49.60564879,0.180927927,0.0404,0.0062,5,0,0.0159,0.0051,5,0,0.0167,0.0037,5,0,0.2661,0.0834,5,0
2083,49.62945778,-0.731041919,0.0843,0.0134,5,0,0.0236,0.0056,5,0,0.0508,0.0117,5,0,0.7471,0.1468,5,0
2084,49.66715148,-0.455652334,4.1899,0.5418,5,0,1.0946,0.2508,5,0,,,,,160.0234,31.17,5,0
2085,49.67254442,-0.45292159,1.0924,1.015,5,0,0.263,0.255,5,0,,,,,32.4552,35.5963,5,0
2086,49.6769089,-0.334397678,0.301,0.0733,5,0,0.1344,0.0303,5,0,2.0988,0.19,5,0,6.9062,2.312,5,0
2087,49.67947627,-0.45705434,0.1359,0.0381,5,0,0.031,0.0074,5,0,0.0768,0.0057,2,0,1.0023,0.2082,5,0
2088,49.6892613,-0.346518341,0.0967,0.0254,5,0,0.0521,0.0103,5,0,0.6985,0.0572,5,0,2.4039,0.5494,5,0
2089,49.69396159,0.863730203,0.947,0.1124,5,0,0.6601,0.1497,5,0,,,,,54.3236,8.3435,5,0
2090,49.71811758,-0.261247883,0.0693,0.0218,5,0,0.0291,0.0077,5,0,0.4808,0.0549,5,0,3.1009,0.6766,5,0
2091,49.72127372,-0.015668151,4.8407,0.5174,5,0,1.2924,0.2352,5,0,5.2744,0.5828,5,0,127.5912,22.2057,5,0
2092,49.7613015,0.98084219,0.0553,0.0236,5,0,-0.0099,0.0126,5,0,0.0688,0.0259,5,0,-0.0212,0.2769,5,0
2093,49.81837989,0.456373148,0.0362,0.0065,5,0,0.008,0.0019,5,0,0.016,0.0031,5,0,0.5353,0.1123,5,0
2094,49.82797167,0.373915656,0.2778,0.0757,5,0,0.0471,0.0125,5,0,0.4194,0.0953,5,0,4.9306,1.3821,5,0
2095,49.83018761,0.367043062,1.3003,0.1045,5,0,0.4462,0.1373,5,0,5.1191,0.9541,5,0,62.1032,9.1545,5,0
2096,49.91091821,0.530299788,0.4175,0.0669,5,0,0.1136,0.0191,5,0,0.5546,0.103,5,0,10.2907,1.6173,5,0
2097,49.91486782,0.3691354,0.4026,0.0159,5,0,0.0929,0.0133,5,0,1.236,0.11,5,0,19.7875,2.1076,5,0
2098,49.94943558,0.304248185,0.2463,0.0134,5,0,0.0645,0.0137,5,0,0.159,0.0196,5,0,4.2692,0.4838,5,0
2099,49.96075772,0.27899876,0.0766,0.0066,5,0,0.0205,0.0036,5,0,0.0385,0.005,5,0,0.875,0.1707,5,0
2100,49.98343838,-0.137903452,0.5209,0.1219,5,0,0.0755,0.0286,5,0,0.4309,0.0868,5,0,7.0939,2.2611,5,0
2101,49.99485349,0.000538779,0.1812,0.0434,5,0,0.0687,0.0106,5,0,0.1353,0.017,5,0,2.8808,0.5183,5,0
2102,49.99825266,-0.130174225,0.1418,0.0119,5,0,0.017,0.0052,5,0,0.064,0.0112,5,0,1.9958,0.6452,5,0
2103,50.01472422,0.58620841,2.3061,0.3306,5,0,0.8641,0.1554,5,0,2.3258,0.247,5,0,17.9327,5.0993,5,0
2104,50.0299931,-0.281352272,0.5547,0.1832,5,0,0.101,0.0342,5,0,0.2074,0.0689,5,0,7.9428,2.6618,5,0
2105,50.03241758,0.580847415,0.5787,0.0851,5,0,0.1396,0.0482,5,0,1.1818,0.2494,5,0,46.4744,11.1273,5,0
2106,50.03265204,0.271173006,2.2964,0.1583,5,0,0.5096,0.1264,5,0,0.713,0.131,5,0,0.3352,0.336,5,0
2107,50.04589536,0.76992486,1.0624,0.0385,5,0,0.4548,0.0567,5,0,,,,,53.8963,3.6995,5,0
2108,50.07037441,0.860214776,0.3244,0.037,5,0,0.1248,0.0102,5,0,0.3422,0.0263,5,0,4.0023,0.3919,5,0
2109,50.07087514,0.557872199,0.6164,0.1332,5,0,0.263,0.059,5,0,2.6466,0.3169,5,0,37.22,5.4339,5,0
2110,50.09587898,0.843267826,0.2839,0.0369,5,0,0.0829,0.0195,5,0,0.0871,0.02,5,0,2.2977,0.4354,5,0
2111,50.11909846,0.127573208,0.4686,0.0224,5,0,0.1118,0.0152,5,0,0.8685,0.0725,5,0,5.8448,0.7367,5,0
2112,50.1375898,0.847075674,0.034,0.0069,5,0,0.0137,0.0034,5,0,0.0157,0.003,5,0,0.345,0.111,5,0
2113,50.14679434,-0.508042046,0.03,0.0054,5,0,0.0087,0.0018,5,0,0.0301,0.0029,5,0,0.11,0.0194,5,0
2114,50.19063094,-0.509226351,0.0522,0.0087,5,0,0.0161,0.0037,5,0,0.0218,0.0038,5,0,0.519,0.124,5,0
2115,50.20011645,-0.540718223,0.0688,0.0064,5,0,0.0273,0.0048,5,0,0.0566,0.01,5,0,0.8076,0.1417,5,0
2116,50.24224559,-0.495834014,0.7275,0.0498,5,0,0.2021,0.0318,5,0,0.3174,0.0363,5,0,7.3728,0.9402,5,0
2117,50.24265094,0.4542127,0.2193,0.0215,5,0,0.0519,0.0089,5,0,0.0996,0.0133,5,0,2.9828,0.4994,5,0
2118,50.27029207,-0.437333072,0.5399,0.1285,5,0,0.1066,0.0346,5,0,0.4025,0.1178,5,0,13.1816,3.1543,5,0
2119,50.27030486,-0.445252572,0.2796,0.0111,5,0,0.0448,0.0081,5,0,0.3294,0.047,5,0,5.4222,0.6433,5,0
2120,50.2722386,-0.502265549,0.4355,0.0241,5,0,0.1515,0.029,5,0,0.3975,0.0492,5,0,3.6468,0.7523,5,0
2121,50.28464688,-0.392259829,2.95,0.7725,5,0,1.4454,0.4115,5,0,,,,,783.4796,54.3023,5,0
2122,50.31664906,0.67381524,3.5299,0.5213,5,0,1.1395,0.2982,5,0,,,,,313.546,34.3644,5,0
2123,50.35202489,0.553842222,0.5132,0.0291,5,0,0.2363,0.0492,5,0,0.8495,0.0877,5,0,1.4654,0.2632,5,0
2124,50.35861957,-0.412309118,0.102,0.01,5,0,0.0145,0.0034,5,0,0.0533,0.0099,5,0,0.5481,0.1292,5,0
2125,50.38231572,0.506186422,0.0559,0.0049,5,0,0.0171,0.0041,5,0,0.0316,0.006,5,0,0.2434,0.0694,5,0
2126,50.42854753,2.65e-05,0.0186,0.0043,5,0,0.0107,0.003,5,0,0.0169,0.0041,5,0,0.1988,0.0336,5,0
2127,50.48948527,0.993901263,2.3789,1.1464,5,0,0.8016,0.3252,5,0,2.4122,0.6104,5,0,46.36,15.4037,5,0
2128,50.52341215,0.337799717,0.0684,0.0114,5,0,0.0377,0.0054,5,0,0.0364,0.0041,5,0,1.0867,0.1724,5,0
2129,50.60767554,0.418970237,0.0948,0.017,5,0,0.0581,0.0079,5,0,0.7328,0.0473,5,0,3.026,0.5312,5,0
2130,50.64999887,0.292645591,0.1576,0.0091,5,0,0.0301,0.0052,5,0,0.097,0.0126,5,0,3.5966,0.5773,5,0
2131,50.65583303,-0.528860479,0.0714,0.0035,5,0,0.0223,0.003,5,0,0.0638,0.0047,5,0,0.5307,0.2482,5,0
2132,50.6623381,-0.52369251,0.3807,0.1671,5,0,0.1145,0.0579,5,0,0.0833,0.0089,5,0,3.5106,1.2691,5,0
2133,50.73329608,-0.558224575,0.4799,0.0372,5,0,0.1857,0.0294,5,0,0.3032,0.0384,5,0,3.4011,0.7552,5,0
2134,50.808407,1.026181969,0.0654,0.0019,5,0,0.0217,0.0041,5,0,0.0611,0.0072,5,0,0.6683,0.0904,5,0
2135,50.82971894,0.817160771,0.1085,0.0151,5,0,0.0462,0.0042,5,0,0.0922,0.006,5,0,1.4496,0.3028,5,0
2136,50.83359481,-0.13905081,0.4677,0.0564,5,0,0.1252,0.0162,5,0,0.2009,0.0206,5,0,5.0746,0.3697,5,0
2137,50.83497896,0.060083429,0.1564,0.0123,5,0,0.0245,0.0089,5,0,0.0742,0.0203,5,0,1.6508,0.4433,5,0
2138,50.83963833,0.326309335,0.0391,0.0186,5,0,0.0063,0.0008,5,0,0.0876,0.0112,5,0,2.5105,0.4774,5,0
2139,50.84029059,0.338979796,0.2041,0.0397,5,0,0.0372,0.0156,5,0,0.1309,0.051,5,0,3.7193,1.458,5,0
2140,50.8434326,-0.135056935,0.3404,0.0107,5,0,0.0721,0.0161,5,0,0.2799,0.0271,5,0,3.5308,0.5187,5,0
2141,50.84466487,0.33902341,0.3547,0.0945,5,0,0.0934,0.0262,5,0,0.4347,0.0951,5,0,8.1722,1.8985,5,0
2142,50.84600572,0.328814549,0.2848,0.0212,5,0,0.0269,0.0022,5,0,0.1665,0.0051,5,0,6.2922,0.7693,5,0
2143,50.84832639,-0.169767395,0.6538,0.1096,5,0,0.1422,0.0285,5,0,0.0954,0.0348,5,0,5.4133,0.8847,5,0
2144,50.87933712,-0.164388013,0.1302,0.019,5,0,0.0524,0.0095,5,0,0.9537,0.1169,5,0,9.3797,1.3205,5,0
2145,50.90662842,1.050621578,0.1615,0.0286,5,0,0.0603,0.0112,5,0,,,,,4.2869,0.5314,5,0
2146,50.92765675,-0.717215533,0.3996,0.1229,5,0,0.1559,0.0363,5,0,0.3278,0.0646,5,0,10.1836,1.9439,5,0
2147,50.95513334,-0.660960752,1.2443,0.0746,5,0,0.3305,0.0384,5,0,0.4447,0.0336,5,0,10.1135,1.0424,5,0
2148,50.96441139,0.959842978,0.0307,0.0036,5,0,0.0103,0.0022,5,0,0.0344,0.0046,5,0,0.5869,0.1634,5,0
2149,50.98838478,0.132113857,2.5377,0.0354,5,0,0.6968,0.1635,5,0,1.8365,0.1862,5,0,0.3905,0.0796,5,0
2150,50.99491903,-0.206826263,1.7124,0.097,5,0,0.5304,0.0465,5,0,1.8297,0.0939,5,0,36.7879,2.8767,5,0
2151,50.99507864,0.938536465,0.0743,0.0018,5,0,0.0205,0.0047,5,0,0.0671,0.0108,5,0,1.4223,0.2211,5,0
2152,51.04150683,-0.26015432,0.2399,0.0229,5,0,0.0933,0.0132,5,0,0.1467,0.0152,5,0,2.3832,0.332,5,0
2153,51.21010061,-0.799031017,1.3827,0.0767,5,0,0.372,0.0395,5,0,2.1973,0.0872,5,0,34.5122,2.2102,5,0
2154,51.23402264,0.107755763,2.4801,0.0297,5,0,0.4513,0.0903,5,0,0.7196,0.0711,5,0,0.2004,0.0374,5,0
2155,51.26240105,0.545873391,0.2958,0.1218,5,0,0.0831,0.0358,5,0,0.6994,0.1245,5,0,11.799,2.4546,5,0
2156,51.32893112,-0.229649815,0.1342,0.0207,5,0,0.0356,0.0079,5,0,0.0871,0.0219,5,0,3.15,0.4546,5,0
2157,51.36250616,0.729643646,0.1475,0.0149,5,0,0.0682,0.0108,5,0,0.3286,0.0274,5,0,3.2753,0.3925,5,0
2158,51.37400409,-0.01238866,1.2088,0.0656,5,0,0.2424,0.0434,5,0,,,,,39.9863,5.9587,5,0
2159,51.38131627,-0.004568319,1.128,0.1524,5,0,0.2454,0.0596,5,0,5.5725,0.1238,2,0,40.0595,8.7424,5,0
2160,51.38264274,-0.826787303,0.0628,0.0049,5,0,0.0128,0.0028,5,0,0.0579,0.0118,5,0,0.5695,0.1118,5,0
2161,51.38400952,-0.00805026,0.4468,0.0744,5,0,0.038,0.0061,5,0,1.591,0.0414,2,0,13.443,2.6446,5,0
2162,51.38901209,-0.82670686,0.0627,0.0133,5,0,0.0307,0.0056,5,0,0.1448,0.0114,5,0,0.3622,0.0479,5,0
2163,51.40005178,-0.889216512,3.4352,0.1889,5,0,1.375,0.0784,5,0,6.8322,0.1604,5,0,40.9575,6.3926,5,0
2164,51.41120826,-0.873820491,0.4775,0.014,5,0,0.1454,0.0267,5,0,0.6448,0.0589,5,0,5.6683,0.5772,5,0
2165,51.42498772,-0.619404207,0.4182,0.126,5,0,0.0983,0.0667,5,0,0.39,0.2358,5,0,0.5081,0.352,5,0
2166,51.42826386,-0.62080625,0.943,0.1467,5,0,0.3409,0.0766,5,0,1.1694,0.1578,5,0,11.1188,1.8785,5,0
2167,51.45491577,-0.724884421,0.0187,0.0052,5,0,0.0081,0.0028,5,0,0.0154,0.0047,5,0,0.1517,0.0419,5,0
2168,51.54281693,-0.873868079,0.0223,0.0022,5,0,0.0108,0.0031,5,0,0.0116,0.0028,5,0,0.1288,0.032,5,0
2169,51.56551558,-0.533123734,0.0778,0.0137,5,0,0.0134,0.0031,5,0,0.032,0.005,5,0,0.6065,0.0585,5,0
2170,51.57439726,0.646083833,0.0426,0.0093,5,0,0.011,0.0031,5,0,0.0199,0.0034,5,0,0.4989,0.1297,5,0
2171,51.57891943,-0.352990698,0.0721,0.0068,5,0,0.0158,0.0043,5,0,0.0279,0.0047,5,0,0.5903,0.132,5,0
2172,51.58038614,-0.389293557,0.2841,0.0285,5,0,0.0584,0.0133,5,0,0.1085,0.0201,5,0,3.1443,0.5088,5,0
2173,51.61208753,-0.368861412,0.6563,0.119,5,0,0.1749,0.0341,5,0,0.4648,0.0903,5,0,7.8847,1.6356,5,0
2174,51.64730995,-0.912356828,0.433,0.0287,5,0,0.1431,0.0242,5,0,0.271,0.0312,5,0,4.9027,0.6637,5,0
2175,51.66256173,0.004150562,0.6162,0.0141,5,0,0.1661,0.0301,5,0,0.5465,0.0523,5,0,9.4011,1.1634,5,0
2176,51.67374531,0.715281341,0.1934,0.0279,5,0,0.0308,0.0062,5,0,,,,,13.4707,1.623,5,0
2177,51.68429786,-0.259253281,0.2799,0.0373,5,0,0.168,0.0279,5,0,2.9392,0.3561,5,0,3.7676,0.8572,5,0
2178,51.76085517,0.791148159,0.264,0.0696,5,0,0.1486,0.0482,5,0,2.3034,0.4061,5,0,8.1319,2.3237,5,0
2179,51.77639699,0.712187309,0.1981,0.0156,5,0,0.0607,0.0106,5,0,0.8061,0.1027,5,0,1.4002,0.2033,5,0
2180,51.77659164,-0.88647348,0.0352,0.0094,5,0,0.0079,0.0039,5,0,0.0212,0.0118,5,0,0.3273,0.1155,5,0
2181,51.83785763,0.37231665,0.175,0.0209,5,0,0.0717,0.0086,5,0,0.9523,0.0522,5,0,4.2418,0.7012,5,0
2182,51.84006798,0.441789291,0.3761,0.1004,5,0,0.1072,0.0271,5,0,0.1595,0.0436,5,0,2.8074,0.7109,5,0
2183,51.87165301,0.43433935,0.1012,0.005,5,0,0.0289,0.0084,5,0,0.0666,0.01,5,0,1.2537,0.2479,5,0
2184,51.91663865,0.380272024,0.1725,0.0321,5,0,0.0476,0.0134,5,0,0.1153,0.0262,5,0,1.72,0.3969,5,0
2185,51.92928279,0.427938081,0.0548,0.008,5,0,0.0204,0.0045,5,0,0.0388,0.0076,5,0,0.7289,0.1619,5,0
2186,51.93770436,1.0552125,0.1961,0.0327,5,0,0.0488,0.0043,5,0,,,,,4.3751,0.4773,5,0
2187,52.03876845,0.766087839,0.0454,0.0059,5,0,0.0097,0.0021,5,0,0.0269,0.0045,5,0,0.7719,0.1726,5,0
2188,52.09776987,1.041837015,12.3376,0.6224,5,0,,,,,,,,,388.9632,51.1818,5,0
2189,52.10948699,-0.962394345,0.1259,0.0148,5,0,0.0375,0.0087,5,0,0.0444,0.0126,5,0,0.8006,0.1208,5,0
2190,52.11535889,-0.444759571,0.1034,0.0165,5,0,0.0343,0.0049,5,0,0.0964,0.0084,5,0,2.1,0.1964,5,0
2191,52.12397617,0.685803094,0.0928,0.0051,5,0,0.0241,0.0042,5,0,0.1216,0.0114,5,0,1.7447,0.1868,5,0
2192,52.15692285,0.890763301,0.0053,0.0142,5,0,0.0064,0.002,5,0,0.0672,0.0105,5,0,0.0961,0.0238,5,0
2193,52.18753188,-0.149281911,0.011,0.0014,5,0,0.0038,0.0013,5,0,0.0163,0.0024,5,0,0.1067,0.0158,5,0
2194,52.20263173,0.72162931,3.3361,0.5135,5,0,1.1154,0.1843,5,0,,,,,102.6277,17.3335,5,0
2195,52.21048823,-0.489830664,2.5496,0.2516,5,0,0.8942,0.1152,5,0,1.4554,0.1648,5,0,42.8129,5.1163,5,0
2196,52.21879,-0.513802658,0.3004,0.0366,5,0,0.0984,0.0146,5,0,0.2099,0.0209,5,0,6.7207,0.4681,5,0
2197,52.23955357,-0.13174949,0.4039,0.0419,5,0,0.0905,0.0129,5,0,0.3686,0.0516,5,0,6.1418,0.6759,5,0
2198,52.25479107,0.284482492,3.5495,0.0922,5,0,0.7256,0.1625,5,0,1.3891,0.1442,5,0,0.1464,0.0179,5,0
2199,52.28520564,0.541248329,0.2318,0.0336,5,0,0.0679,0.0131,5,0,0.2649,0.0364,5,0,5.9531,0.7215,5,0
2200,52.28799278,-0.472621885,0.1606,0.0136,5,0,0.0429,0.0089,5,0,0.1727,0.0232,5,0,2.1839,0.3012,5,0
2201,52.2959636,-0.739387274,0.2095,0.0235,5,0,0.055,0.0144,5,0,0.1068,0.0236,5,0,1.5826,0.2832,5,0
2202,52.3206296,-0.133881022,0.3963,0.0731,5,0,0.1116,0.0262,5,0,0.4567,0.0708,5,0,13.8689,2.6355,5,0
2203,52.33249214,0.00688762,0.2021,0.0546,5,0,0.0858,0.0202,5,0,0.4672,0.0652,5,0,9.6046,1.9256,5,0
2204,52.38100087,-0.849597212,1.0461,0.0629,5,0,0.3058,0.0353,5,0,0.6414,0.048,5,0,13.0176,1.079,5,0
2205,52.38968184,0.003503715,0.1276,0.01,5,0,0.0385,0.0097,5,0,0.0984,0.014,5,0,1.6753,0.2674,5,0
2206,52.40099386,-0.576392644,0.7956,0.1486,5,0,0.178,0.043,5,0,0.1627,0.0353,5,0,8.9134,1.9285,5,0
2207,52.4190058,0.548412576,0.0827,0.0161,5,0,0.0353,0.0076,5,0,0.0621,0.0112,5,0,1.0461,0.2254,5,0
2208,52.47322461,0.738987901,0.4323,0.0707,5,0,0.1843,0.0302,5,0,1.1619,0.0956,5,0,16.5645,1.8524,5,0
2209,52.52071435,-0.624476934,0.78,0.2409,6,0,0.2793,0.0761,6,0,0.3848,0.1134,6,0,7.2406,2.3097,6,0
2210,52.54042474,-0.926942132,3.0299,0.0209,6,0,0.7638,0.1214,6,0,,,,,36.1019,2.0121,6,0
2211,52.57082312,-0.967529036,0.2079,0.0133,6,0,0.0636,0.0082,6,0,0.2363,0.0212,6,0,5.2308,0.4776,6,0
2212,52.59126989,0.354951397,0.0966,0.0276,6,0,0.0186,0.0025,6,0,0.0689,0.0072,6,0,1.2529,0.0692,6,0
2213,52.60554434,0.374973325,0.5494,0.079,6,0,0.1312,0.0211,6,0,0.1422,0.0387,6,0,6.3716,1.3304,6,0
2214,52.66373881,0.751193153,0.071,0.0105,6,0,0.0214,0.0048,6,0,0.0328,0.0063,6,0,0.3214,0.076,6,0
2215,52.72425537,0.163617453,0.3834,0.039,6,0,0.1272,0.0234,6,0,0.5131,0.0566,6,0,10.6678,1.411,6,0
2216,52.75232066,0.334924525,4.8851,0.4133,2,0,1.4784,0.2367,6,0,,,,,217.0288,17.1639,6,0
2217,52.77664179,0.249615648,0.1817,0.0157,6,0,0.0565,0.0114,6,0,0.1339,0.0158,6,0,2.817,0.4115,6,0
2218,52.80017087,-0.591272121,0.6409,0.098,6,0,0.1067,0.0168,6,0,0.4287,0.0369,6,0,9.2265,0.6632,6,0
2219,52.81069453,-0.691544511,0.4541,0.0116,6,0,0.1352,0.0136,6,0,1.281,0.0879,6,0,10.8347,0.6221,6,0
2220,52.81968251,-0.85875548,0.1102,0.0291,6,0,0.0734,0.0106,6,0,0.8349,0.0525,6,0,3.9045,1.2731,6,0
2221,52.84708664,-0.66247653,1.9175,0.2552,6,0,0.619,0.1281,6,0,6.8646,0.4867,6,0,101.8838,9.0867,6,0
2222,52.89998633,-0.872534394,0.7523,0.0785,6,0,0.175,0.0333,6,0,0.5833,0.0574,6,0,10.0078,1.6354,6,0
2223,52.90063004,-0.901851912,0.5731,0.0387,6,0,0.1972,0.0366,6,0,0.4231,0.0345,6,0,7.8841,1.2005,6,0
2224,52.92094768,-0.488932358,1.666,0.0599,6,0,0.6652,0.065,6,0,5.2771,0.2622,6,0,41.2051,1.1781,6,0
2225,52.93281568,-0.488547497,0.1644,0.0269,6,0,0.0317,0.0076,6,0,0.1266,0.0197,6,0,2.8679,0.4416,6,0
2226,52.94962104,0.96676692,0.0252,0.0083,6,0,0.0073,0.002,6,0,0.0314,0.0044,6,0,0.1998,0.0192,6,0
2227,52.95229515,0.361741143,0.0447,0.0042,6,0,0.0137,0.0021,6,0,0.0259,0.0027,6,0,0.461,0.0543,6,0
2228,52.95578184,0.315967154,0.2088,0.0084,6,0,0.0651,0.0085,6,0,0.1646,0.0136,6,0,3.2263,0.2768,6,0
2229,52.97783294,-0.621282038,0.1929,0.02,6,0,0.057,0.0044,6,0,0.0822,0.0111,6,0,2.1532,0.2699,6,0
2230,53.01653258,0.027925343,0.1749,0.0248,6,0,0.0662,0.0065,6,0,0.579,0.0308,6,0,2.0013,0.2142,6,0
2231,53.0320715,0.088678714,1.188,0.1828,6,0,0.3624,0.0658,6,0,1.0646,0.1279,6,0,38.329,5.6014,6,0
2232,53.0362242,0.111872042,1.3808,0.1299,6,0,0.496,0.0606,6,0,7.2527,0.3801,6,0,119.1116,6.5469,6,0
2233,53.06259037,0.318616615,0.47,0.0641,6,0,0.1415,0.0224,6,0,0.1845,0.0195,6,0,6.5816,0.6926,6,0
2234,53.09039623,0.119450437,0.2957,0.0068,6,0,0.0519,0.0065,6,0,1.0888,0.0845,6,0,26.8768,2.1771,6,0
2235,53.11724347,0.475724382,0.1194,0.0141,6,0,0.0297,0.0043,6,0,0.0567,0.0099,6,0,0.9217,0.1616,6,0
2236,53.12120453,0.481563685,0.1093,0.0103,6,0,0.0187,0.0028,6,0,0.0388,0.0053,6,0,0.8021,0.0957,6,0
2237,53.13093013,0.474149785,0.0293,0.0063,6,0,0.0124,0.0024,6,0,0.0192,0.0035,6,0,0.1313,0.0667,6,0
2238,53.13534592,0.028951492,0.584,0.0153,6,0,0.1445,0.0147,6,0,1.5532,0.0925,6,0,18.4495,1.0869,6,0
2239,53.13539521,0.073785495,1.4084,0.1365,6,0,0.2215,0.0342,6,0,,,,,12.5036,2.1411,6,0
2240,53.15404194,0.228972764,0.538,0.1317,6,0,0.1866,0.0311,6,0,1.0632,0.0676,6,0,16.241,1.9355,6,0
2241,53.1645865,-0.242555276,0.7225,0.1195,6,0,0.067,0.0143,6,0,,,,,24.0684,12.1344,6,0
2242,53.17094398,-0.252062969,0.36,0.0569,6,0,0.0728,0.011,6,0,,,,,9.7946,1.3162,6,0
2243,53.18709566,0.209449552,2.5007,0.2007,6,0,1.3781,0.0706,6,0,11.0316,0.31,6,0,104.067,3.1516,6,0
2244,53.29339692,-0.254883739,0.0328,0.0054,6,0,0.0063,0.0019,6,0,0.0103,0.0018,6,0,0.1416,0.0517,6,0
2245,53.33462228,0.901592355,0.1486,0.0752,6,0,0.0665,0.0181,6,0,0.0558,0.0181,6,0,1.9011,0.4268,6,0
2246,53.3502508,0.134820785,0.0955,0.0035,6,0,0.0186,0.0026,6,0,0.0545,0.0033,6,0,1.5387,0.1237,6,0
2247,53.35150614,0.140302891,0.0512,0.0027,6,0,0.0077,0.0007,6,0,0.0281,0.002,6,0,0.5303,0.0834,6,0
2248,53.35414139,0.596232822,0.2952,0.027,6,0,0.0983,0.0182,6,0,0.1652,0.0222,6,0,3.9074,0.5867,6,0
2249,53.37374212,0.611787218,0.3287,0.2068,6,0,0.0249,0.0023,6,0,0.0381,0.002,6,0,1.0281,0.1781,6,0
2250,53.41635112,-0.274605682,0.0246,0.0122,6,0,0.0188,0.0067,6,0,0.0324,0.011,6,0,0.443,0.1032,6,0
2251,53.45097349,0.871047191,0.6104,0.0449,6,0,0.1932,0.0214,6,0,0.2343,0.0398,6,0,7.323,0.8416,6,0
2252,53.45762187,0.00401371,0.6197,0.0449,6,0,0.171,0.0195,6,0,0.446,0.0326,6,0,10.9259,0.9749,6,0
2253,53.46551713,-0.40386078,0.0404,0.0055,6,0,0.0055,0.0007,6,0,0.0184,0.0038,6,0,0.2613,0.0138,6,0
2254,53.4841043,0.527483321,0.9654,0.0691,6,0,0.2399,0.0181,6,0,0.4858,0.0206,6,0,10.1024,0.9143,6,0
2255,53.58676998,0.142604273,0.3059,0.0209,6,0,0.1229,0.0106,6,0,0.1881,0.0133,6,0,1.2503,0.1455,6,0
2256,53.59312613,-0.248600338,1.8101,0.2097,6,0,0.4528,0.0674,6,0,0.9568,0.1125,6,0,30.0968,5.1768,6,0
2257,53.61514571,0.498670019,0.1024,0.0087,6,0,0.036,0.0053,6,0,0.058,0.0085,6,0,0.9994,0.1152,6,0
2258,53.64344605,0.013106402,1.1507,0.3507,6,0,0.3049,0.0541,6,0,8.2268,0.7902,6,0,66.5474,8.5838,6,0
2259,53.75061559,0.819287952,0.0401,0.0051,6,0,0.0107,0.0024,6,0,0.0198,0.0031,6,0,0.3457,0.0896,6,0
2260,53.75622683,0.822254155,0.0685,0.0085,6,0,0.0221,0.0033,6,0,0.0509,0.0059,6,0,0.4776,0.0837,6,0
2261,53.75937344,0.17414103,0.0284,0.0037,6,0,0.0085,0.002,6,0,0.0212,0.0035,6,0,0.2234,0.0363,6,0
2262,53.76209957,-0.254496566,0.027,0.0013,6,0,0.0068,0.0017,6,0,0.0176,0.0028,6,0,0.1292,0.0418,6,0
2263,53.79631522,0.978602493,1.1389,0.09,6,0,0.2891,0.0442,6,0,0.7655,0.0737,6,0,20.7274,2.4773,6,0
2264,53.82474621,-0.055154375,2.5178,0.4066,6,0,0.6444,0.1192,6,0,2.4724,0.5318,6,0,57.1787,10.6527,6,0
2265,53.94574264,0.02700899,0.1278,0.0081,6,0,0.0295,0.0054,6,0,0.1781,0.012,2,0,1.6009,0.2582,6,0
2266,53.95835195,0.032207114,2.1404,0.1475,6,0,0.8394,0.1215,6,0,,,,,145.6888,7.5742,6,0
2267,54.02065886,-0.24994886,0.1585,0.0194,6,0,0.0456,0.0102,6,0,0.0605,0.0091,6,0,1.8873,0.3021,6,0
2268,54.08937029,0.098682793,0.1341,0.0377,6,0,0.037,0.0129,6,0,0.1294,0.0331,6,0,1.6476,0.5361,6,0
2269,54.09309169,-0.068830984,1.2381,0.2615,6,0,0.2441,0.0565,6,0,1.4342,0.0022,2,0,41.9895,7.9561,6,0
2270,54.09613193,-0.059356293,0.9323,0.0765,6,0,0.295,0.0932,6,0,,,,,30.4907,5.3022,6,0
2271,54.09897899,-0.03188067,0.791,0.0619,6,0,0.1626,0.0247,6,0,0.8986,0.0598,6,0,12.7301,1.2598,6,0
2272,54.10542699,-0.192418779,0.0589,0.0154,6,0,0.0192,0.0056,6,0,0.0728,0.012,6,0,1.5324,0.3502,6,0
2273,54.15064566,0.168600255,0.668,0.0221,6,0,0.2691,0.022,6,0,3.3767,0.0899,6,0,27.8891,0.9437,6,0
2274,54.15069916,-1.04715097,0.2315,0.0559,6,0,0.1013,0.0296,6,0,,,,,2.5613,0.8314,6,0
2275,54.19112272,-0.689098294,1.0766,0.0756,6,0,0.3561,0.0409,6,0,0.6278,0.0472,6,0,14.3273,1.3264,6,0
2276,54.20208522,0.027604522,0.1967,0.0139,6,0,0.0629,0.0147,6,0,0.1067,0.0159,6,0,4.9294,0.5659,6,0
2277,54.21234203,-0.114334552,0.4148,0.0364,6,0,0.1086,0.0224,6,0,0.2513,0.0405,6,0,8.3612,1.0192,6,0
2278,54.23420029,0.257004265,1.2221,0.0933,6,0,0.3566,0.0512,6,0,0.682,0.0662,6,0,15.3658,1.692,6,0
2279,54.28347853,-0.660865792,0.7663,0.0868,6,0,0.2589,0.0434,6,0,0.3622,0.0592,6,0,9.5656,1.3377,6,0
2280,54.3752404,1.016643923,0.0554,0.0092,6,0,0.0189,0.0036,6,0,,,,,1.7618,0.444,6,0
2281,54.37996284,-0.423152237,0.1312,0.0673,6,0,0.0186,0.0149,6,0,0.0466,0.0178,6,0,1.3619,0.5071,6,0
2282,54.38476557,-0.03272465,0.7167,0.205,6,0,0.1718,0.052,6,0,0.5795,0.1508,6,0,15.0324,4.6765,6,0
2283,54.41394935,0.854522925,0.0301,0.0048,6,0,0.007,0.0022,6,0,0.0113,0.0017,6,0,0.2252,0.0635,6,0
2284,54.42583293,0.991680661,1.4416,0.3552,6,0,0.4521,0.1041,6,0,4.6337,0.296,6,0,45.0311,8.4997,6,0
2285,54.44263425,1.016423889,1.0582,0.1068,6,0,0.2083,0.0367,6,0,1.0193,0.0761,6,0,17.8271,2.4123,6,0
2286,54.52148527,0.919782912,1.4647,0.1276,6,0,0.3931,0.0811,6,0,1.3153,0.1235,6,0,31.9162,3.7065,6,0
2287,54.54642009,-0.081897609,0.3187,0.055,6,0,0.1185,0.0212,6,0,1.6274,0.0992,6,0,6.7982,1.5046,6,0
2288,54.55471956,-0.441350138,0.5707,0.0949,6,0,0.0758,0.0192,6,0,0.0563,0.0101,6,0,0.8217,0.1768,6,0
2289,54.68006469,0.597361376,0.5258,0.0432,6,0,0.1198,0.0106,6,0,0.3221,0.0154,6,0,6.3486,0.4395,6,0
2290,54.68104551,0.602908278,0.1985,0.0214,6,0,0.035,0.0061,6,0,0.0975,0.0093,6,0,2.8467,0.4133,6,0
2291,54.6954299,0.706896478,0.1103,0.0078,6,0,0.039,0.0072,6,0,0.0492,0.0091,6,0,0.8265,0.1878,6,0
2292,54.72019244,-0.148740658,0.5984,0.0948,6,0,0.1514,0.0383,6,0,0.2475,0.0325,6,0,7.3402,1.4905,6,0
2293,54.72164306,-0.140695152,0.4829,0.0565,6,0,0.1175,0.0167,6,0,0.1764,0.0416,6,0,10.185,1.7862,6,0
2294,54.75051357,0.963974855,0.4001,0.0105,6,0,0.1321,0.0149,6,0,0.4452,0.026,6,0,7.8304,0.5355,6,0
2295,54.79388163,0.833093333,0.0347,0.0059,6,0,0.0191,0.0028,6,0,0.0274,0.0044,6,0,0.4162,0.105,6,0
2296,54.83616503,-0.403222405,0.1833,0.0291,6,0,0.0614,0.0107,6,0,0.0734,0.016,6,0,1.1786,0.2792,6,0
2297,54.8440055,0.188180346,0.1284,0.0155,6,0,0.047,0.0078,6,0,0.3019,0.0236,6,0,2.5109,0.2598,6,0
2298,54.84717221,-0.049127196,0.0247,0.0029,6,0,0.0107,0.0025,6,0,0.0429,0.006,6,0,0.2375,0.0651,6,0
2299,54.93039899,-0.472575259,1.584,0.1093,6,0,0.3759,0.0628,6,0,0.6773,0.0683,6,0,14.8752,2.6558,6,0
2300,54.94188406,-0.232991626,0.4908,0.0748,6,0,0.1826,0.0466,6,0,0.3012,0.0574,6,0,4.2344,0.7144,6,0
2301,54.96342632,-0.504279113,0.2054,0.0301,6,0,0.0688,0.0197,6,0,0.1528,0.0385,6,0,2.4772,0.6958,6,0
2302,55.06988285,-0.341166127,0.2426,0.0093,6,0,0.0848,0.0121,6,0,0.2052,0.0197,6,0,2.7836,0.2998,6,0
2303,55.09430287,0.019593179,0.2801,0.0349,6,0,0.0852,0.0142,6,0,0.1263,0.0125,6,0,4.1449,0.3859,6,0
2304,55.15851612,-0.298480851,3.7543,0.1692,6,0,1.1456,0.1484,6,0,,,,,165.3202,10.5302,6,0
2305,55.16506686,0.104409972,0.0787,0.0119,6,0,0.0246,0.0071,6,0,0.0443,0.0088,6,0,1.2687,0.2053,6,0
2306,55.24056982,0.593778899,0.0981,0.01,6,0,0.0369,0.0087,6,0,0.0866,0.0122,6,0,1.7883,0.3308,6,0
2307,55.24083847,0.997045104,0.0526,0.0059,6,0,0.0227,0.005,6,0,0.081,0.0126,6,0,0.7938,0.1766,6,0
2308,55.26242789,1.022364181,0.0528,0.0055,6,0,0.015,0.0021,6,0,0.0359,0.0043,2,0,0.2978,0.0715,6,0
2309,55.29981621,0.216921578,1.3629,0.0442,6,0,0.4048,0.0351,6,0,6.3434,0.3321,6,0,47.5729,1.6379,6,0
2310,55.3228296,-0.275918644,0.1494,0.0399,6,0,0.0325,0.0109,6,0,0.0196,0.007,6,0,0.8211,0.1717,6,0
2311,55.42150395,-0.108649699,0.056,0.0179,6,0,0.0172,0.0037,6,0,0.0426,0.0067,6,0,0.6934,0.1535,6,0
2312,55.43332271,0.798904964,0.1087,0.0108,6,0,0.0233,0.0035,6,0,0.0265,0.0038,6,0,0.7086,0.1131,6,0
2313,55.4494145,0.877949325,0.0564,0.003,6,0,0.0193,0.0026,6,0,0.0593,0.0065,6,0,1.0055,0.0928,6,0
2314,55.49854566,-0.111400126,0.0656,0.0114,6,0,0.0251,0.0048,6,0,0.0305,0.0049,6,0,0.6867,0.1046,6,0
2315,55.55650969,-0.130251325,1.2671,0.1062,5,0,0.4264,0.0657,5,0,0.7544,0.0746,5,0,18.715,2.0632,5,0
2316,55.65861828,-0.135988291,0.2309,0.0342,5,0,0.059,0.0126,5,0,0.0898,0.0227,5,0,2.7134,0.4214,5,0
2317,55.66780201,-0.129735849,2.5433,0.1024,5,0,0.8588,0.1103,5,0,2.8237,0.1542,5,0,23.7574,1.7695,5,0
2318,55.71998995,-0.057916618,0.037,0.0062,5,0,0.014,0.0032,5,0,0.0195,0.0042,5,0,0.2097,0.0373,5,0
2319,55.75415154,0.119411765,0.1008,0.0238,5,0,-0.0016,0.014,5,0,0.0276,0.0044,5,0,1.1076,0.1792,5,0
2320,55.7726527,-0.549561379,0.0957,0.0053,5,0,0.0249,0.0039,5,0,0.0462,0.0051,5,0,0.556,0.0845,5,0
2321,55.87721532,0.062866491,0.0425,0.0109,5,0,0.0156,0.0041,5,0,0.0298,0.0058,5,0,0.3736,0.0972,5,0
2322,55.93151011,0.434662979,0.0575,0.008,5,0,0.0071,0.0017,5,0,0.0182,0.003,5,0,0.7578,0.155,5,0
2323,55.93458662,0.438958387,0.1529,0.0226,5,0,0.0414,0.0095,5,0,0.0469,0.0125,5,0,1.4872,0.2454,5,0
2324,55.97819137,0.427224144,0.4568,0.0873,5,0,0.1389,0.0378,5,0,0.3227,0.0845,5,0,8.6171,2.907,5,0
2325,55.99801945,-0.086127036,2.179,0.0513,5,0,0.765,0.0693,5,0,4.1155,0.1654,5,0,31.3119,1.7783,5,0
2326,56.07696672,-0.174979419,0.4301,0.0648,5,0,0.0768,0.0212,5,0,0.1929,0.0313,5,0,27.6838,19.5643,5,0
2327,56.12518139,-0.018524647,1.1917,0.0187,5,0,0.5842,0.0483,5,0,2.5024,0.0897,5,0,10.9495,0.7118,5,0
2328,56.12551551,0.217449541,0.2502,0.0289,5,0,0.0808,0.0083,5,0,0.417,0.0273,5,0,12.4559,0.6306,5,0
2329,56.13510836,0.33561364,0.0123,0.0022,5,0,0.0069,0.0012,5,0,0.0081,0.0019,5,0,0.2635,0.076,5,0
2330,56.23197648,-0.145504537,0.4942,0.1508,5,0,0.1396,0.0318,5,0,0.283,0.0768,5,0,5.2821,1.1393,5,0
2331,56.23961933,-0.345641663,1.7356,0.1157,5,0,0.705,0.0972,5,0,1.7085,0.1207,5,0,27.3743,4.1585,5,0
2332,56.25397886,0.496770598,0.1833,0.0243,5,0,0.0674,0.0129,5,0,0.1247,0.0191,5,0,2.97,0.4997,5,0
2333,56.2553509,-0.157462688,4.5076,0.3708,5,0,0.5937,0.1605,5,0,5.2439,0.9633,5,0,66.7276,13.1581,5,0
2334,56.26481511,-0.294580633,0.079,0.0195,5,0,0.0327,0.0101,5,0,0.033,0.0072,5,0,0.7645,0.1874,5,0
2335,56.36509306,-0.624382074,0.1267,0.0156,5,0,0.0473,0.0102,5,0,0.1311,0.0245,5,0,1.3788,0.2573,5,0
2336,56.41369251,-0.023545376,2.2706,0.6961,5,0,0.3647,0.3119,5,0,0.4521,0.1788,5,0,22.4216,7.8604,5,0
2337,56.42352581,0.421754497,0.4653,0.0439,5,0,0.1421,0.0294,5,0,0.5017,0.1953,5,0,11.6144,1.6268,5,0
2338,56.44900375,-0.484965672,0.1478,0.0107,5,0,0.0572,0.0093,5,0,0.1596,0.0195,5,0,1.9755,0.234,5,0
2339,56.49966412,-0.581379361,0.1637,0.0089,5,0,0.0404,0.0088,5,0,0.029,0.0038,5,0,0.5484,0.33,5,0
2340,56.57679527,-0.318850306,0.0655,0.0086,5,0,0.0306,0.0071,5,0,0.0557,0.0105,5,0,0.6745,0.1239,5,0
2341,56.57918368,-0.587134306,0.0438,0.0089,5,0,0.0118,0.002,5,0,0.0146,0.003,5,0,0.1691,0.151,5,0
2342,56.58479902,-0.584925284,0.054,0.005,5,0,0.0121,0.0023,5,0,0.0255,0.003,5,0,0.5651,0.0826,5,0
2343,56.64820836,0.284506683,0.0571,0.0112,5,0,0.0205,0.0017,5,0,0.0679,0.0078,5,0,0.4364,0.1342,5,0
2344,56.68484454,0.705406091,0.0692,0.0065,5,0,0.0229,0.0023,5,0,0.0364,0.0044,5,0,0.5432,0.0734,5,0
2345,56.80009151,-0.562295558,0.2868,0.0265,5,0,0.0939,0.0158,5,0,0.0987,0.0128,5,0,2.2114,0.2571,5,0
2346,56.80665501,-0.419102967,0.5949,0.007,5,0,0.2413,0.0075,5,0,3.2457,0.0786,5,0,19.295,0.4659,5,0
2347,56.82283147,-0.177748933,0.3617,0.0653,5,0,0.0763,0.0131,5,0,0.1004,0.0377,5,0,5.4636,0.9145,5,0
2348,56.88759084,0.499784216,0.2111,0.0396,5,0,0.0804,0.0124,5,0,0.1486,0.0176,5,0,1.6546,0.2588,5,0
2349,56.93015843,-0.210233275,0.0283,0.0045,5,0,0.004,0.001,5,0,0.0212,0.0058,5,0,0.1833,0.0929,5,0
2350,56.93402253,-0.208749561,0.2245,0.0155,5,0,0.0464,0.0051,5,0,0.0952,0.0064,5,0,1.9249,0.1362,5,0
2351,56.94397482,-0.246284164,0.2885,0.0142,5,0,0.088,0.0146,5,0,0.2477,0.0275,5,0,3.8051,0.3956,5,0
2352,56.95993504,0.730469902,0.0586,0.0109,5,0,0.0265,0.005,5,0,0.1449,0.0179,5,0,1.2307,0.2316,5,0
2353,56.96590223,-0.233357642,0.8907,0.0395,5,0,0.2397,0.0309,5,0,2.761,0.215,5,0,51.0987,3.3922,5,0
2354,56.97797469,-0.682397543,0.1134,0.0185,5,0,0.0422,0.0059,5,0,0.0426,0.0049,5,0,1.1986,0.2024,5,0
2355,57.00978202,-0.190252725,0.0981,0.0123,5,0,0.0267,0.0056,5,0,0.0418,0.0101,5,0,1.0923,0.2394,5,0
2356,57.05974711,0.145584725,0.0133,0.0004,5,0,0.0022,0.0005,5,0,0.0038,0.0005,5,0,0.047,0.0078,5,0
2357,57.06107827,0.149535962,0.0142,0.0034,5,0,0.002,0.0008,5,0,0.0125,0.0011,5,0,0.2426,0.0746,5,0
2358,57.06295713,0.152101847,0.0063,0.0005,5,0,0.0005,0.0001,5,0,0.0037,0.0005,5,0,0.0581,0.0402,5,0
2359,57.14959893,0.351751217,0.5494,0.2157,5,0,0.252,0.0271,5,0,0.2346,0.0253,5,0,8.7305,1.6413,5,0
2360,57.15228786,0.014018066,0.0357,0.003,5,0,0.0139,0.0022,5,0,0.0276,0.0035,5,0,0.7389,0.0764,5,0
2361,57.16968864,0.086830259,0.0436,0.0092,5,0,0.0191,0.0058,5,0,0.0255,0.0088,5,0,0.3418,0.0952,5,0
2362,57.32221745,-0.022701442,0.0335,0.0078,5,0,0.0159,0.0022,5,0,0.0309,0.0043,5,0,0.4141,0.0448,5,0
2363,57.32985527,0.502654573,0.0368,0.0034,5,0,0.0089,0.0021,5,0,0.0112,0.0021,5,0,-0.0132,0.0358,5,0
2364,57.42930996,0.060940226,0.0697,0.0312,5,0,0.0119,0.0025,5,0,0.0963,0.0077,5,0,1.5968,0.1999,5,0
2365,57.5404284,0.419584244,0.0226,0.0043,5,0,0.0103,0.0016,5,0,0.0189,0.0021,5,0,0.2178,0.0398,5,0
2366,57.54666646,-0.272078577,5.0009,1.0715,5,0,1.1436,0.3959,5,0,,,,,190.3256,16.299,5,0
2367,57.57225323,0.222334306,2.7018,0.1814,5,0,0.7389,0.0818,5,0,2.0155,0.1062,5,0,52.297,2.8878,5,0
2368,57.60707867,0.024067858,0.9629,0.0246,5,0,0.2689,0.0321,5,0,2.7438,0.1404,5,0,50.2314,6.1083,5,0
2369,57.6121227,0.028470335,0.2904,0.0282,5,0,0.0406,0.0096,5,0,0.1532,0.0272,5,0,14.5271,10.7392,5,0
2370,57.62615455,0.111835209,0.1631,0.0271,5,0,0.0512,0.009,5,0,0.0567,0.0042,5,0,1.1546,0.3553,5,0
2371,57.73070882,0.275707186,0.0292,0.011,5,0,0.0061,0.002,5,0,0.0341,0.0109,5,0,0.4312,0.1612,5,0
2372,57.75535759,0.315697317,0.0641,0.0097,5,0,0.0217,0.004,5,0,0.0325,0.0052,5,0,0.7432,0.1375,5,0
2373,57.77576945,0.048277082,0.1661,0.0311,5,0,0.0445,0.0073,5,0,0.099,0.0093,5,0,3.7663,0.6782,5,0
2374,57.778242,0.291372921,0.208,0.0979,5,0,0.1208,0.0188,5,0,0.2608,0.052,5,0,10.6431,1.9218,5,0
2375,57.93013816,0.769230379,0.124,0.0043,5,0,0.0454,0.0077,5,0,0.0783,0.0089,5,0,1.5474,0.277,5,0
2376,57.94545178,0.143690425,0.2567,0.0115,5,0,0.0666,0.0082,5,0,0.1427,0.0132,5,0,3.3614,0.3049,5,0
2377,57.98193892,-0.345660998,0.0426,0.0035,5,0,0.0177,0.0025,5,0,0.0325,0.0035,5,0,0.2402,0.0644,5,0
2378,58.00737211,-0.697843202,0.0115,0.005,5,0,0.0086,0.0038,5,0,0.0085,0.0041,5,0,0.1436,0.0276,5,0
2379,58.08209394,0.109644083,0.0361,0.0065,5,0,0.0145,0.0015,5,0,0.0254,0.0016,5,0,0.3474,0.0689,5,0
2380,58.1215126,0.913934719,0.5914,0.0615,5,0,0.1628,0.0116,5,0,0.2582,0.02,5,0,8.5214,1.1466,5,0
2381,58.35001227,0.778948787,0.0225,0.006,5,0,0.0113,0.0018,5,0,0.018,0.0026,5,0,0.1822,0.0274,5,0
2382,58.37422604,-0.548384588,0.0303,0.0051,5,0,0.012,0.0024,5,0,0.023,0.0027,5,0,0.2849,0.0613,5,0
2383,58.43123454,0.150836993,0.383,0.0399,5,0,0.0716,0.0093,5,0,0.1024,0.0215,5,0,4.4671,0.4779,5,0
2384,58.46618649,0.433993769,0.5348,0.0946,5,0,0.1357,0.0661,5,0,2.1507,0.6133,5,0,21.9376,12.0866,5,0
2385,58.47581142,0.428080785,0.285,0.0761,5,0,0.0444,0.0092,5,0,1.1253,0.1303,5,0,14.6999,4.5017,5,0
2386,58.47860309,0.432287962,0.4445,0.0199,5,0,0.0714,0.013,5,0,0.245,0.0248,5,0,4.6068,0.8301,5,0
2387,58.61702911,-0.026819837,0.0235,0.003,5,0,0.0048,0.001,5,0,0.0111,0.0023,5,0,0.1985,0.0544,5,0
2388,58.62350153,-0.027064533,0.0591,0.0018,5,0,0.0157,0.003,5,0,0.0554,0.0054,5,0,1.1999,0.2159,5,0
2389,58.6692974,0.223964468,0.0261,0.0071,5,0,0.0091,0.0031,5,0,0.0189,0.0057,5,0,0.5507,0.1138,5,0
2390,58.71293752,-0.309340664,0.0938,0.0083,5,0,0.0358,0.0061,5,0,0.0546,0.0089,5,0,1.1492,0.1665,5,0
2391,58.74782157,0.143368117,0.2254,0.052,5,0,0.0791,0.0221,5,0,0.1668,0.0323,5,0,1.4492,0.3429,5,0
2392,58.75133219,-0.030659602,0.0344,0.004,5,0,0.0167,0.0034,5,0,0.0282,0.0034,5,0,1.0153,0.3182,5,0
2393,58.76696427,-0.101033957,0.019,0.003,5,0,0.0051,0.0012,5,0,0.0109,0.0012,5,0,0.1335,0.0306,5,0
2394,58.77336741,0.64491639,3.8543,0.2117,5,0,0.9201,0.1293,5,0,,,,,263.287,7.4054,5,0
2395,58.7776398,0.14745761,0.1854,0.0143,5,0,0.0585,0.0105,5,0,0.0823,0.01,5,0,2.2071,0.4035,5,0
2396,58.87167615,-0.448834149,0.2435,0.0185,5,0,0.0971,0.0197,5,0,0.1547,0.0254,5,0,2.9219,0.7074,5,0
2397,58.98250487,0.037865416,0.0131,0.0023,5,0,0.0121,0.0034,5,0,0.0429,0.0056,5,0,0.1434,0.0415,5,0
2398,58.98670865,0.015807525,0.1352,0.0088,5,0,0.0385,0.0038,5,0,0.0937,0.0078,5,0,2.6396,0.3067,5,0
2399,59.11535031,0.592250389,0.4321,0.0095,5,0,0.1316,0.0175,5,0,0.1055,0.0123,5,0,0.091,0.0913,5,0
2400,59.13166208,0.603511461,0.0733,0.0043,5,0,0.0123,0.0021,5,0,0.0426,0.0037,5,0,1.0837,0.3152,5,0
2401,59.13920833,-0.112477872,16.6131,1.3585,5,0,4.0662,0.6505,5,0,,,,,440.1919,39.6168,5,0
2402,59.21617728,-0.477942305,0.7429,0.0442,5,0,0.1887,0.0285,5,0,0.3103,0.0254,5,0,10.8099,0.9702,5,0
2403,59.24557666,0.080132609,0.2082,0.0236,5,0,0.1202,0.0265,5,0,0.336,0.0434,5,0,9.1457,1.1476,5,0
2404,59.30219749,0.081633654,0.3763,0.0095,5,0,0.1626,0.0198,5,0,0.3229,0.031,5,0,7.3866,0.6667,5,0
2405,59.30886762,0.079488968,0.1358,0.0086,5,0,0.0259,0.0037,5,0,0.0738,0.0052,5,0,1.8884,0.2351,5,0
2406,59.32960095,-0.446008569,0.1232,0.0052,5,0,0.0389,0.0055,5,0,0.1402,0.0141,5,0,2.9218,0.1765,5,0
2407,59.34526847,0.087840246,0.1348,0.0223,5,0,0.0597,0.0087,5,0,0.1695,0.0255,5,0,3.7744,0.8825,5,0
2408,59.39649782,-0.386364057,0.0105,0.0079,5,0,0.0182,0.0031,5,0,0.0359,0.0055,5,0,0.6275,0.1694,5,0
2409,59.42366435,-0.623715222,0.1083,0.0074,5,0,0.0301,0.0046,5,0,0.0463,0.005,5,0,0.6503,0.072,5,0
2410,59.42864634,0.805275718,0.0861,0.0072,5,0,0.0207,0.004,5,0,0.05,0.0059,5,0,0.8185,0.1419,5,0
2411,59.43562786,0.819112135,0.0555,0.0091,5,0,0.0599,0.0067,5,0,0.0588,0.0098,5,0,17.2969,0.569,5,0
2412,59.46976748,0.425344072,0.0357,0.0034,5,0,0.0065,0.0009,5,0,0.0256,0.0042,5,0,0.9574,0.1875,5,0
2413,59.47826288,-0.896973223,7.496,0.123,5,0,0.9327,0.1843,5,0,,,,,3.8864,0.2889,5,0
2414,59.54563783,0.776038523,0.0191,0.001,5,0,0.0067,0.0011,5,0,0.0102,0.0015,5,0,0.3091,0.0432,5,0
2415,59.58603299,0.907315933,0.3733,0.0342,5,0,0.0978,0.0238,5,0,0.1954,0.0073,2,0,4.7237,0.84,5,0
2416,59.59882314,0.910942457,0.5398,0.1672,5,0,0.1132,0.047,5,0,,,,,183.6085,77.5204,5,0
2417,59.60394657,0.90924125,0.7552,0.1012,5,0,0.1107,0.0265,5,0,,,,,279.6807,44.7706,5,0
2418,59.60629949,0.902111287,0.1404,0.0149,5,0,0.0184,0.0041,5,0,0.2631,0.0016,2,0,1.1655,0.2038,5,0
2419,59.60899866,0.906969739,0.1977,0.0343,5,0,0.0208,0.0027,5,0,0.1939,0.011,2,0,2.4167,0.3444,5,0
2420,59.60946439,0.91661182,3.7992,0.3048,5,0,0.8781,0.0598,5,0,,,,,62.6193,16.5195,5,0
2421,59.62323197,-0.22261767,0.0575,0.0202,5,0,0.3008,0.234,5,0,1.0517,0.0779,5,0,8.5026,3.8537,5,0
2422,59.62827233,-0.830373629,0.0232,0.0088,5,0,0.0163,0.0021,5,0,0.0505,0.0063,5,0,0.4711,0.1327,5,0
2423,59.63179889,-0.184684576,0.6356,0.0707,5,0,0.1317,0.0165,5,0,1.2853,0.0622,2,0,14.6517,7.5377,5,0
2424,59.64045406,-0.181237197,3.9314,0.0499,5,0,1.1483,0.0889,5,0,,,,,69.4231,3.0547,5,0
2425,59.68023907,0.125961516,0.4807,0.0173,5,0,0.1725,0.0085,5,0,3.5325,0.067,5,0,27.8431,1.1795,5,0
2426,59.69286278,0.181814176,0.2385,0.0102,5,0,0.0851,0.0058,5,0,0.6177,0.0322,5,0,6.9868,0.2608,5,0
2427,59.69889391,0.390091333,0.1877,0.0282,5,0,0.0695,0.0127,5,0,0.0596,0.0049,5,0,0.7672,0.1029,5,0
2428,59.71935378,0.428186358,0.0498,0.0155,5,0,0.0166,0.004,5,0,0.0494,0.0079,5,0,0.6658,0.1921,5,0
2429,59.7544413,-0.028409278,2.1013,0.2812,5,0,0.5717,0.0812,5,0,7.9005,0.4907,2,0,59.9921,8.3751,5,0
2430,59.75890847,-0.447862367,0.5967,0.05,5,0,0.1513,0.0156,5,0,0.4068,0.0243,5,0,12.5463,0.8548,5,0
2431,59.76543689,-0.027262616,2.3774,0.1241,5,0,0.8218,0.0403,5,0,,,,,74.938,1.8619,5,0
2432,59.7726143,0.078228041,3.5904,0.4179,5,0,1.0621,0.1012,5,0,,,,,53.0981,4.9966,5,0
2433,59.78664142,0.074895372,1.6789,0.0411,5,0,0.4374,0.0254,5,0,1.4111,0.0986,2,0,8.8464,0.9035,5,0
2434,59.78923118,0.054130764,2.2922,0.3521,5,0,0.6003,0.094,5,0,4.0355,0.0741,2,0,58.6832,9.441,5,0
2435,59.79225836,0.236632808,0.4608,0.0777,5,0,0.1929,0.0267,5,0,0.9003,0.1321,5,0,12.0519,0.6743,5,0
2436,59.80350171,0.636102809,0.124,0.0028,5,0,0.0302,0.005,5,0,0.0663,0.0069,5,0,1.3241,0.1779,5,0
2437,59.82520693,0.015263453,2.3119,0.2897,5,0,0.6701,0.0963,5,0,1.8961,0.1405,5,0,19.2088,2.416,5,0
2438,59.82656692,0.667832771,0.4054,0.0637,5,0,0.0849,0.0297,5,0,0.5188,0.1383,5,0,12.4385,5.8746,5,0
2439,59.83347581,0.673539898,0.4263,0.026,5,0,0.1798,0.0075,5,0,5.0034,0.1572,5,0,291.0764,4.2845,5,0
2440,59.83384719,0.684588864,0.1864,0.0174,5,0,0.0583,0.0051,5,0,0.0839,0.014,5,0,1.5689,0.0826,5,0
2441,59.88939715,0.76004899,1.5268,0.1224,5,0,0.6314,0.022,5,0,2.5794,0.088,5,0,52.1702,1.577,5,0
2442,59.89138848,-0.046603586,0.0456,0.0104,5,0,0.0294,0.0081,5,0,0.2933,0.0374,5,0,12.8265,1.4929,5,0
2443,59.90281784,-0.189507166,0.9209,0.1096,5,0,0.2613,0.0379,5,0,0.7323,0.0606,5,0,20.7087,1.0676,5,0
2444,59.97198571,0.711055203,0.0827,0.0026,5,0,0.0305,0.0043,5,0,0.0528,0.0073,5,0,0.9621,0.137,5,0
2445,59.97834608,0.679780833,0.0266,0.0061,5,0,0.0184,0.0029,5,0,0.128,0.0158,5,0,0.6753,0.1788,5,0
2446,59.99965758,0.11671285,0.9684,0.0212,5,0,0.3687,0.0223,5,0,2.78,0.1333,5,0,24.1388,0.7767,5,0
2447,60.21319757,-0.192798075,0.212,0.014,5,0,0.0671,0.0075,5,0,0.0784,0.0102,5,0,1.5422,0.2015,5,0
2448,60.25902463,-0.519280452,0.0334,0.0044,5,0,0.0207,0.0041,5,0,0.0996,0.0149,5,0,0.1154,0.0508,5,0
2449,60.27253583,0.525349484,0.3332,0.0329,5,0,0.1261,0.0149,5,0,0.3182,0.0178,5,0,7.3537,0.4664,5,0
2450,60.27338909,0.979641269,0.0254,0.0012,5,0,0.0088,0.0011,5,0,0.0518,0.0053,5,0,0.4973,0.0495,5,0
2451,60.27885964,0.982329573,0.0211,0.0019,5,0,0.0073,0.0008,5,0,0.0157,0.002,5,0,0.2197,0.0441,5,0
2452,60.28370135,-0.118441029,0.0204,0.0033,5,0,0.01,0.0011,5,0,0.0129,0.0021,5,0,0.1946,0.0439,5,0
2453,60.31634881,0.186852594,1.8941,0.0449,5,0,0.6702,0.0567,5,0,4.9677,0.1928,5,0,62.8993,3.3192,5,0
2454,60.32061427,0.220659625,0.1643,0.0059,5,0,0.0521,0.0058,5,0,0.176,0.0126,5,0,2.5975,0.1864,5,0
2455,60.36844271,-0.027194102,0.0273,0.0042,5,0,0.0117,0.0008,5,0,0.0103,0.0012,5,0,0.1059,0.0356,5,0
2456,60.37346985,-0.700584922,0.076,0.0095,5,0,0.025,0.0029,5,0,0.0322,0.0044,5,0,0.4373,0.117,5,0
2457,60.37625095,-0.04765769,0.0363,0.0186,5,0,0.0092,0.0033,5,0,0.0102,0.0038,5,0,0.143,0.0572,5,0
2458,60.3839565,0.552848338,0.4683,0.0572,5,0,0.182,0.0227,5,0,0.3109,0.0254,5,0,5.4883,0.2166,5,0
2459,60.39135267,-0.672163699,0.1893,0.0255,5,0,0.096,0.0072,5,0,0.1245,0.0105,5,0,1.5241,0.2388,5,0
2460,60.39866003,-0.524936326,0.0933,0.0177,5,0,0.0387,0.0067,5,0,0.0494,0.014,5,0,0.7617,0.1106,5,0
2461,60.39883004,-0.702577767,0.0388,0.0054,5,0,0.0183,0.0024,5,0,0.0229,0.0025,5,0,0.1967,0.0434,5,0
2462,60.40076965,-0.694393949,0.0403,0.006,5,0,0.0132,0.0025,5,0,0.0297,0.0048,5,0,0.2027,0.0546,5,0
2463,60.54061471,0.277796846,0.02,0.0021,5,0,0.0064,0.0007,5,0,0.0117,0.0011,5,0,0.1749,0.0199,5,0
2464,60.57302806,-0.185466814,4.9596,0.0795,5,0,1.6128,0.1428,5,0,,,,,225.4989,6.4391,5,0
2465,60.59523953,0.363487076,0.0313,0.001,5,0,0.014,0.0027,5,0,0.0191,0.0025,5,0,0.1271,0.0189,5,0
2466,60.6143531,-0.109374826,0.2038,0.0129,5,0,0.0899,0.006,5,0,0.2176,0.0152,5,0,1.6699,0.1373,5,0
2467,60.62996237,-0.690727645,0.2777,0.0621,5,0,0.0991,0.0215,5,0,0.1292,0.0591,5,0,2.2226,0.4725,5,0
2468,60.6356117,0.318925632,0.0701,0.0059,5,0,0.0258,0.0051,5,0,0.0684,0.0077,5,0,0.64,0.1058,5,0
2469,60.64471804,0.074122799,0.0158,0.0009,5,0,0.0025,0.0005,5,0,0.0067,0.0008,5,0,0.1243,0.0288,5,0
2470,60.65747986,0.32352131,0.0626,0.0048,5,0,0.0238,0.0017,5,0,0.0414,0.0022,5,0,0.5104,0.066,5,0
2471,60.8333292,0.859717751,0.0069,0.0026,5,0,0.0027,0.001,5,0,0.0083,0.0019,5,0,0.1821,0.0763,5,0
2472,60.86595226,0.77939484,0.1972,0.022,5,0,0.0743,0.0059,5,0,0.2121,0.0119,5,0,3.0044,0.3112,5,0
2473,60.87163814,-0.106911244,8.7187,1.1395,5,0,1.3821,0.2883,5,0,,,,,215.0431,19.3671,5,0
2474,60.88166738,-0.130888748,19.5403,1.7718,5,0,,,,,,,,,1161.3998,154.464,5,0
2475,60.90595412,-0.062975073,1.1066,0.0795,5,0,0.3362,0.0194,5,0,0.8772,0.0443,5,0,7.1516,0.2591,5,0
2476,60.96479299,-0.201001929,0.0745,0.0111,5,0,0.0211,0.0045,5,0,0.0322,0.0041,5,0,0.4362,0.0812,5,0
2477,61.01481857,-0.212543046,0.0143,0.0022,5,0,0.0037,0.0007,5,0,0.0179,0.0018,5,0,0.1351,0.0163,5,0
2478,61.03575661,-0.857494394,1.091,0.2576,5,0,0.4338,0.1201,5,0,3.0048,0.6782,5,0,,,,
2479,61.07809524,-0.428233308,-0.0034,0.0969,5,0,0.0268,0.0021,5,0,0.0508,0.0033,5,0,0.9224,0.1165,5,0
2480,61.11439858,-0.336990638,0.1324,0.0464,5,0,0.061,0.0112,5,0,0.0812,0.0131,5,0,2.7168,0.3025,5,0
2481,61.15224032,-0.789770573,1.0901,0.1857,5,0,0.3178,0.0631,5,0,1.1219,0.1626,5,0,,,,
2482,61.15410343,-0.919378368,0.1991,0.0503,5,0,0.089,0.0246,5,0,0.6577,0.1514,5,0,,,,
2483,61.17444934,-0.306322898,0.2586,0.0107,5,0,0.0708,0.0038,5,0,0.2231,0.0124,5,0,5.2015,0.2531,5,0
2484,61.19422004,-0.300460835,0.5631,0.0411,5,0,0.2025,0.0187,5,0,0.593,0.0333,5,0,11.3162,0.7813,5,0
2485,61.23354394,-0.365898807,1.2839,0.3977,5,0,0.4443,0.1052,5,0,2.0096,0.2868,5,0,35.6534,1.4091,5,0
2486,61.28726981,-0.331576658,1.9471,0.3626,5,0,1.2488,0.2377,5,0,8.0844,0.7069,5,0,69.8595,13.1921,5,0
2487,61.30433425,-0.331105235,0.292,0.0303,5,0,0.0753,0.0059,5,0,0.1664,0.0164,5,0,6.62,0.6225,5,0
2488,61.41892409,-0.831704043,0.239,0.0543,5,0,0.0676,0.0155,5,0,0.2504,0.0573,5,0,,,,
2489,61.64223481,-0.276590363,0.4561,0.0234,5,0,0.1498,0.0156,5,0,0.275,0.0251,5,0,5.8237,0.4656,5,0
2490,61.72033031,0.863083285,1.802,0.0811,5,0,1.1856,0.0819,5,0,,,,,163.4049,4.1234,5,0
2491,61.74712949,0.51343629,0.0923,0.0144,5,0,0.0426,0.0052,5,0,0.3795,0.028,5,0,1.1921,0.1686,5,0
2492,61.82897742,-0.280520015,0.0632,0.0032,5,0,0.0069,0.0013,5,0,0.0549,0.0092,5,0,0.6544,0.1455,5,0
2493,61.84458898,-0.566268125,4.4353,0.041,5,0,,,,,,,,,34.672,0.9302,5,0
2494,62.14098226,-0.143702612,2.1774,0.4229,5,0,0.8559,0.2386,5,0,2.1833,0.4314,5,0,49.9224,11.254,5,0
2495,62.1560264,0.975985058,1.4052,0.0292,5,0,0.5507,0.0118,5,0,4.0585,0.0198,2,0,40.5449,0.4669,5,0
2496,62.30793814,0.113215615,0.0642,0.0031,5,0,0.0175,0.0034,5,0,0.1159,0.0225,5,0,5.1524,0.5786,5,0
2497,62.32300685,0.105920799,0.0996,0.0104,5,0,0.0308,0.0055,5,0,0.0459,0.0045,5,0,0.678,0.1099,5,0
2498,62.37700515,-0.526010146,0.0982,0.0152,5,0,0.0509,0.0178,5,0,0.0766,0.0335,5,0,1.8272,0.6879,5,0
2499,62.45773994,0.608514636,0.0343,0.0028,5,0,0.0204,0.0045,5,0,0.0415,0.0083,5,0,1.6055,0.0827,5,0
2500,62.61305764,0.187800549,0.6162,0.0329,5,0,0.1376,0.0303,5,0,0.0932,0.0115,5,0,0.1514,0.0425,5,0
2501,62.61561968,-0.290737796,0.078,0.0053,5,0,0.0593,0.0083,5,0,0.4772,0.1001,5,0,0.2503,0.1398,5,0
2502,62.68077764,0.605606723,0.2354,0.0297,5,0,0.0657,0.0076,5,0,0.1255,0.0101,5,0,2.7541,0.5033,5,0
2503,62.70276049,0.547478094,0.0485,0.0061,5,0,0.0175,0.0022,5,0,0.0254,0.0021,5,0,0.3915,0.0589,5,0
2504,62.70782793,-0.511800463,0.015,0.0051,5,0,0.0075,0.003,5,0,0.0148,0.0042,5,0,0.1072,0.0295,5,0
2505,62.91074067,-0.372017966,0.6388,0.017,5,0,0.2979,0.0294,5,0,0.8876,0.0486,5,0,6.5761,0.4106,5,0
2506,62.91469707,0.10307266,2.8828,0.2304,5,0,1.0255,0.0808,5,0,2.7704,0.2106,5,0,49.5646,3.4931,5,0
2507,62.92505442,0.060958627,2.4813,0.0381,5,0,0.7344,0.0336,5,0,0.7049,0.0449,5,0,0.8239,0.1763,5,0
2508,62.95286917,0.096938629,0.3729,0.0695,5,0,0.2002,0.0471,5,0,0.3711,0.0798,5,0,10.4106,1.9937,5,0
2509,62.99305406,-0.131006578,0.0087,0.0014,5,0,0.0065,0.0026,5,0,0.0156,0.0071,5,0,0.1896,0.1052,5,0
2510,63.01868383,-0.322402582,0.3504,0.0473,5,0,0.0913,0.0122,5,0,0.3793,0.0165,5,0,10.2272,0.7769,5,0
2511,63.0384002,0.388091023,0.2922,0.0295,5,0,0.0965,0.0121,5,0,0.1323,0.0171,5,0,3.4499,0.3376,5,0
2512,63.05432971,-0.344643767,2.9321,0.1712,5,0,0.9861,0.0674,5,0,8.6326,0.5016,5,0,100.708,4.244,5,0
2513,63.06206155,0.573806022,0.1151,0.0175,5,0,0.0475,0.0029,5,0,0.0961,0.0123,5,0,1.8413,0.2367,5,0
2514,63.0853423,0.256417538,0.0286,0.005,5,0,0.0203,0.0029,5,0,0.0229,0.0035,5,0,0.3456,0.0963,5,0
2515,63.11106456,0.342588904,3.9497,0.4261,5,0,1.4765,0.2726,5,0,5.9415,0.4834,5,0,94.7945,7.4201,5,0
2516,63.12560057,0.444394018,2.8528,0.5643,5,0,1.111,0.1195,5,0,12.3552,1.1629,5,0,77.4592,9.7301,5,0
2517,63.12997523,0.264932705,0.4388,0.028,5,0,0.1372,0.0189,5,0,0.1763,0.0174,5,0,5.9286,0.5331,5,0
2518,63.14217223,0.422949093,2.0012,0.42,5,0,0.7961,0.1132,5,0,9.6879,0.2662,5,0,81.3805,5.5455,5,0
2519,63.17123411,-0.453501754,0.1571,0.0101,5,0,0.0585,0.0094,5,0,0.0901,0.0098,5,0,1.3417,0.2129,5,0
2520,63.17858047,0.101714613,0.0466,0.002,5,0,0.0156,0.0021,5,0,0.0207,0.0016,5,0,0.3102,0.0302,5,0
2521,63.22300193,-0.132331781,0.0349,0.0025,5,0,0.0126,0.0017,5,0,0.0138,0.002,5,0,0.2414,0.0387,5,0
2522,63.37085203,0.637728358,0.0352,0.007,5,0,0.0128,0.0024,5,0,0.0195,0.0035,5,0,0.226,0.0453,5,0
2523,63.38014075,0.634350424,1.3209,0.0364,5,0,0.585,0.0848,5,0,0.7014,0.0771,5,0,5.4354,0.8086,5,0
2524,63.41740896,-0.202391234,0.2092,0.0217,5,0,0.063,0.0138,5,0,0.1325,0.0252,5,0,2.6243,0.2381,5,0
2525,63.51385086,-0.77903714,0.1064,0.0072,5,0,0.0472,0.0065,5,0,0.0871,0.0101,5,0,1.6539,0.2008,5,0
2526,63.58706768,-0.261102923,0.0512,0.0093,5,0,0.0186,0.0023,5,0,0.0107,0.0033,5,0,0.5006,0.061,5,0
2527,63.74597781,-0.062078877,0.0381,0.0068,5,0,0.0139,0.0025,5,0,0.0138,0.0016,5,0,0.3935,0.1701,5,0
2528,63.77034348,-0.08737179,0.0364,0.0075,5,0,0.0111,0.0036,5,0,0.0284,0.0126,5,0,0.547,0.1482,5,0
2529,63.94784607,-0.185452348,0.3736,0.1013,5,0,0.1232,0.0339,5,0,0.1893,0.0581,5,0,4.9572,1.2279,5,0
2530,64.03233735,-0.181215722,0.5444,0.0363,5,0,0.1334,0.0104,5,0,0.4842,0.0186,5,0,8.3242,0.5206,5,0
2531,64.06300193,1.01822114,0.0656,0.0068,5,0,0.0261,0.0022,5,0,0.046,0.0053,5,0,0.7814,0.122,5,0
2532,64.1182312,0.252134708,0.087,0.0275,5,0,0.0479,0.0157,5,0,0.0543,0.0142,5,0,0.9374,0.2589,5,0
2533,64.84593879,0.352271811,0.0617,0.0096,5,0,0.0199,0.0035,5,0,0.0523,0.0065,5,0,0.753,0.0333,5,0
2534,65.05734073,0.154477912,0.0176,0.0053,5,0,0.0076,0.0013,5,0,0.0149,0.0023,5,0,0.1425,0.0521,5,0
2535,65.07197928,0.196855698,0.26,0.0229,5,0,0.1264,0.009,5,0,2.471,0.0418,5,0,13.5979,0.3577,5,0
2536,65.0766641,0.077291457,0.0292,0.0034,5,0,0.0135,0.0029,5,0,0.0111,0.0027,5,0,0.2671,0.1148,5,0
2537,65.08740904,0.094853624,0.0294,0.0074,5,0,0.0201,0.0034,5,0,0.0259,0.0032,5,0,0.3901,0.1124,5,0
2538,65.09107249,0.513966551,0.0177,0.0042,5,0,0.0083,0.001,5,0,0.0103,0.0017,5,0,0.3722,0.11,5,0
2539,65.1469967,-0.035262019,0.1354,0.0236,5,0,0.0726,0.0186,5,0,0.1723,0.0369,5,0,3.5408,0.6779,5,0
2540,65.22147148,-0.044723441,0.3181,0.0091,5,0,0.0872,0.0107,5,0,0.1379,0.0105,5,0,3.6725,0.43,5,0
2541,65.2330284,-0.044146535,0.163,0.032,5,0,0.0594,0.0142,5,0,0.0637,0.0148,5,0,2.1989,0.4904,5,0
2542,65.24602987,-0.017474504,0.833,0.0906,5,0,0.2819,0.0279,5,0,0.4194,0.0524,5,0,9.002,0.8923,5,0
2543,65.24783189,0.350692695,0.9409,0.1038,5,0,0.353,0.0326,5,0,0.3791,0.055,5,0,7.9092,0.7457,5,0
2544,65.26133161,0.007056573,0.9271,0.019,5,0,0.2872,0.0379,5,0,0.925,0.1233,5,0,12.6574,1.2975,5,0
2545,65.35895823,0.614777195,0.0241,0.0014,5,0,0.0076,0.001,5,0,0.0148,0.0009,5,0,0.1691,0.0226,5,0
2546,65.36149681,0.606852684,0.0272,0.003,5,0,0.0115,0.0026,5,0,0.0291,0.0048,5,0,0.448,0.0994,5,0
2547,75.83374418,0.401318103,14.5981,8.114,6,0,,,,,,,,,2154.2974,342.375,6,0
2548,75.84240749,0.360180084,2.0899,0.3794,6,0,0.6115,0.0719,6,0,7.7585,0.5702,6,0,152.605,14.1785,6,0
2549,75.86203382,0.074669089,0.0202,0.0022,6,0,0.0095,0.0016,6,0,0.0105,0.0004,2,0,0.2302,0.0731,6,0
2550,75.88449653,0.085144766,0.0833,0.0031,6,0,0.0419,0.0044,6,0,0.1184,0.0069,6,0,2.2642,0.1315,6,0
2551,75.96968189,-0.14333493,0.1882,0.0157,6,0,0.071,0.0067,6,0,,,,,,,,
2552,75.9925045,0.472318544,0.3859,0.0742,7,0,0.1538,0.0155,7,0,0.1433,0.0142,6,0,3.0241,0.463,6,0
2553,76.00637376,0.369485868,0.0714,0.006,6,0,0.0284,0.0045,6,0,0.0394,0.0044,6,0,0.3148,0.0635,6,0
2554,76.04723275,-0.584650456,0.0663,0.0098,6,0,0.0237,0.0031,6,0,0.059,0.0076,6,0,,,,
2555,76.0495581,-0.581504687,0.1637,0.0252,6,0,0.0667,0.008,6,0,0.1354,0.0112,6,0,,,,
2556,76.05246115,-0.579266149,0.0243,0.0232,6,0,0.013,0.0093,6,0,0.0293,0.0233,6,0,0.1956,0.1319,3,0
2557,76.07862304,-0.623947161,0.1345,0.035,6,0,0.1164,0.0176,6,0,0.1878,0.0183,6,0,,,,
2558,76.10209199,-0.20896946,0.1218,0.0136,6,0,0.0349,0.0035,6,0,0.0366,0.0024,6,0,1.1387,0.08,6,0
2559,76.13608571,-0.447876234,0.0385,0.0044,6,0,0.0159,0.0019,6,0,0.0359,0.0016,6,0,0.5148,0.0834,6,0
2560,76.15320269,-0.283296985,7.7136,0.7457,6,0,3.5556,0.5126,6,0,30.9641,4.0857,6,0,316.9129,47.7974,6,0
2561,76.18064599,0.061830565,0.7937,0.0187,6,0,0.3593,0.0291,6,0,2.7558,0.1567,6,0,29.9691,1.1284,6,0
2562,76.18807393,0.097486778,7.6217,0.6174,6,0,1.7152,0.2622,6,0,,,,,532.4789,32.8563,6,0
2563,76.2193997,0.533373021,0.5576,0.0925,6,0,0.2029,0.0325,6,0,0.1647,0.0267,6,0,4.8948,1.1429,6,0
2564,76.24022415,-1.341459955,0.0362,0.0053,6,0,0.018,0.001,6,0,0.0208,0.0023,6,0,,,,
2565,76.32193786,-0.353145958,0.0893,0.0229,6,0,0.0374,0.0053,6,0,0.0356,0.006,6,0,0.86,0.2257,6,0
2566,76.35955401,-0.623159928,8.7858,0.9275,6,0,,,,,,,,,256.0061,14.1022,6,0
2567,76.38400076,-0.620287606,6.0386,6.7185,5,0,,,,,,,,,4590.9743,365.9736,5,0
2568,76.38828301,0.381566975,0.025,0.0017,5,0,0.0115,0.0021,5,0,0.0184,0.0031,5,0,0.1862,0.0452,5,0
2569,76.51130708,-1.091703167,0.0921,0.0129,5,0,0.0387,0.0071,5,0,0.0706,0.0114,5,0,0.4727,0.1757,5,0
2570,76.54958104,1.963823194,3.562,0.758,5,0,1.2587,0.3134,5,0,2.9915,0.304,5,0,40.8096,6.6518,5,0
2571,76.55623302,0.73567703,0.2105,0.0626,5,0,0.0841,0.0344,5,0,0.0851,0.0309,5,0,0.8989,0.4276,5,0
2572,76.56269042,-0.11832524,0.0094,0.002,5,0,0.0041,0.0006,5,0,0.0031,0.0006,5,0,0.0001,0.0529,5,0
2573,76.60639739,2.075448111,0.3574,0.0686,5,0,0.1443,0.0331,5,0,0.2228,0.0413,5,0,2.2616,0.5776,5,0
2574,76.69651982,1.975178309,0.1533,0.0134,5,0,0.0557,0.01,5,0,0.0748,0.0108,5,0,1.1348,0.2052,5,0
2575,76.72687393,1.99530389,0.3481,0.0139,5,0,0.1384,0.0208,5,0,0.2388,0.025,5,0,4.5798,0.4332,5,0
2576,76.74559265,-0.81839508,0.0094,0.0013,5,0,0.0053,0.0011,5,0,0.0102,0.0011,5,0,0.1803,0.058,5,0
2577,76.75061896,1.427302555,-0.0158,0.0204,5,0,0.0059,0.0011,5,0,0.0058,0.0013,5,0,0.0749,0.0373,5,0
2578,76.75695334,0.79755813,0.0182,0.0021,5,0,0.0133,0.0027,5,0,0.0338,0.0032,5,0,0.1781,0.088,5,0
2579,76.75871497,1.429862873,0.0216,0.0076,5,0,0.0049,0.0022,5,0,0.0049,0.0014,5,0,-0.0087,0.0231,5,0
2580,76.78328663,-0.009146766,0.0635,0.013,5,0,0.0307,0.0144,5,0,0.0264,0.0017,5,0,0.4616,0.1036,5,0
2581,76.79052487,-0.270390463,0.1368,0.037,5,0,0.0741,0.0222,5,0,0.1665,0.0373,5,0,1.775,0.4397,5,0
2582,76.79160647,-0.392940219,0.2404,0.0333,5,0,0.1096,0.0188,5,0,0.142,0.0288,5,0,1.5709,0.4025,5,0
2583,76.79549383,-0.171135181,0.0772,0.0243,5,0,0.0295,0.0134,5,0,0.0612,0.0252,5,0,1.8651,0.5201,5,0
2584,76.84204887,0.121948283,0.0607,0.0352,5,0,0.0294,0.0216,5,0,0.4044,0.0476,5,0,4.0556,0.6073,5,0
2585,76.85450256,1.491511157,0.0552,0.0124,5,0,0.0294,0.0107,5,0,0.069,0.0224,5,0,0.7346,0.3778,5,0
2586,76.86334264,-0.434807984,0.1295,0.0155,5,0,0.0579,0.0098,5,0,0.1207,0.0158,5,0,1.5613,0.2198,5,0
2587,76.87570267,1.865723239,0.3724,0.0798,5,0,0.1822,0.0433,5,0,0.3943,0.0673,5,0,9.1997,1.3026,5,0
2588,76.87806678,1.626548364,0.0318,0.0063,5,0,0.0205,0.0044,5,0,0.0315,0.0054,5,0,0.2142,0.073,5,0
2589,76.92441015,2.050113868,9.1098,1.8363,5,0,3.0085,0.7034,5,0,26.4016,1.6197,5,0,214.8176,25.8004,5,0
2590,76.9294353,2.032943698,5.7464,0.5606,5,0,1.4135,0.1997,5,0,14.9643,0.5765,5,0,114.1799,10.788,5,0
2591,76.94191239,1.45093792,0.0346,0.0075,5,0,0.0154,0.0026,5,0,0.0207,0.0046,5,0,0.2645,0.0731,5,0
2592,76.9455298,1.446990018,0.1809,0.0339,5,0,0.0886,0.0178,5,0,0.1138,0.0263,5,0,1.415,0.302,5,0
2593,76.94678043,-0.392756413,0.1703,0.0451,5,0,0.041,0.0144,5,0,0.0665,0.0193,5,0,1.2051,0.2593,5,0
2594,76.95008149,1.443477582,0.0401,0.0065,5,0,0.0146,0.0026,5,0,0.0224,0.0045,5,0,0.179,0.0786,5,0
2595,76.96286482,-0.390955449,0.0676,0.0094,5,0,0.038,0.0053,5,0,0.0784,0.0093,5,0,0.8584,0.192,5,0
2596,76.99445465,1.50381162,0.0054,0.0027,5,0,0.0029,0.0016,5,0,0.0045,0.0023,5,0,0.0277,0.0105,5,0
2597,76.99712683,1.507012291,0.0103,0.0015,5,0,0.0024,0.0004,5,0,0.0041,0.0003,5,0,0.1013,0.0549,5,0
2598,76.99821611,1.514593664,0.0456,0.0056,5,0,0.0223,0.002,5,0,0.0348,0.003,5,0,0.2961,0.086,5,0
2599,77.02590704,-0.265316918,0.0621,0.0025,5,0,0.0303,0.0034,5,0,0.0731,0.0034,5,0,0.5338,0.1026,5,0
2600,77.04677,0.677425592,0.067,0.0047,5,0,0.0262,0.0027,5,0,0.0406,0.003,5,0,0.4245,0.0611,5,0
2601,77.05045082,0.740945802,0.0078,0.0006,5,0,0.0069,0.0017,5,0,0.0098,0.002,5,0,0.0269,0.0115,5,0
2602,77.06558629,-0.438316667,0.1216,0.0487,5,0,0.0685,0.0264,5,0,0.1444,0.0471,5,0,2.0387,0.7648,5,0
2603,77.07981613,0.408290482,0.0767,0.0116,5,0,0.0328,0.0041,5,0,0.059,0.008,5,0,0.5272,0.1265,5,0
2604,77.10716771,-1.090104537,0.0344,0.0011,5,0,0.0163,0.0009,5,0,0.0375,0.0015,5,0,0.6164,0.0677,5,0
2605,77.15678113,2.256870888,0.0777,0.0111,5,0,0.0406,0.0067,5,0,0.0789,0.0119,5,0,1.0921,0.194,5,0
2606,77.17761618,2.243609663,0.0451,0.0072,5,0,0.0206,0.0005,5,0,0.0348,0.0033,5,0,0.5442,0.0628,5,0
2607,77.1797095,1.061254247,0.0379,0.0158,5,0,0.0242,0.008,5,0,0.038,0.012,5,0,0.712,0.3224,5,0
2608,77.18004201,-0.470638677,0.052,0.0049,5,0,0.0254,0.0038,5,0,0.0409,0.0058,5,0,0.5867,0.0808,5,0
2609,77.18346814,-0.480072371,0.0443,0.0089,5,0,0.0219,0.0041,5,0,0.0496,0.0112,5,0,0.5631,0.0793,5,0
2610,77.18917326,-0.286951541,0.0121,0.0021,5,0,0.0056,0.0018,5,0,0.0121,0.0047,5,0,0.1781,0.0735,5,0
2611,77.20973938,0.823786872,0.0643,0.0038,5,0,0.0266,0.0038,5,0,0.032,0.004,5,0,0.4657,0.1777,5,0
2612,77.21994137,0.626385037,0.034,0.0034,5,0,0.0144,0.0025,5,0,0.0543,0.0064,5,0,0.0461,0.0322,5,0
2613,77.2296226,-0.761938329,0.0298,0.0149,5,0,0.018,0.0051,5,0,0.0303,0.0078,5,0,0.0244,0.085,5,0
2614,77.23473944,1.169032652,0.1804,0.0093,5,0,0.0828,0.0099,5,0,0.169,0.0149,5,0,2.588,0.2518,5,0
2615,77.26173316,1.519985802,0.506,0.0532,5,0,0.1984,0.024,5,0,0.3208,0.0336,5,0,3.6953,0.5677,5,0
2616,77.27151499,1.297184051,0.0741,0.0092,5,0,0.033,0.0033,5,0,0.0473,0.0048,5,0,0.4739,0.103,5,0
2617,77.27380371,-0.576675137,0.0254,0.0091,5,0,0.0221,0.003,5,0,0.0282,0.0038,5,0,0.4588,0.1572,5,0
2618,77.284726,0.426373536,0.1181,0.0043,5,0,0.0522,0.0059,5,0,0.0983,0.0072,5,0,1.7018,0.1479,5,0
2619,77.30847329,2.286242965,0.0923,0.0357,5,0,0.0632,0.014,5,0,0.0964,0.0225,5,0,1.2374,0.153,5,0
2620,77.31163834,-0.453320138,0.0755,0.0118,5,0,0.0267,0.0053,5,0,0.0535,0.0063,5,0,0.3176,0.0803,5,0
2621,77.31546221,1.613597501,0.0995,0.0125,5,0,0.0512,0.0031,5,0,0.0923,0.0029,5,0,1.1145,0.0822,5,0
2622,77.35843059,-0.566994701,0.0409,0.004,5,0,0.0215,0.0026,5,0,0.0217,0.0032,5,0,0.4287,0.0906,5,0
2623,77.37312851,-0.367689565,0.0292,0.0061,5,0,0.0126,0.0027,5,0,0.061,0.0076,5,0,0.1586,0.0614,5,0
2624,77.37996772,-0.911581902,0.0298,0.0018,5,0,0.0148,0.0011,5,0,0.0307,0.0018,5,0,0.2081,0.0462,5,0
2625,77.38828397,0.228232537,0.0178,0.0042,5,0,0.0062,0.0015,5,0,0.0122,0.0017,5,0,0.163,0.0477,5,0
2626,77.39518874,1.592300062,0.2675,0.0754,5,0,0.1492,0.0668,5,0,0.2894,0.0881,5,0,3.1924,0.4884,5,0
2627,77.43988604,1.716912806,5.6661,2.004,5,0,2.1906,0.7166,5,0,5.9007,1.286,5,0,110.0869,30.3276,5,0
2628,77.44026623,-0.005095032,4.7121,0.5677,5,0,1.9862,0.2926,5,0,5.1509,0.3437,5,0,118.1882,12.6985,5,0
2629,77.45740032,-0.914408045,0.0336,0.0185,5,0,0.0361,0.0133,5,0,0.0628,0.0188,5,0,0.529,0.2346,5,0
2630,77.50180401,1.801593393,0.1308,0.0248,5,0,0.078,0.0091,5,0,0.1864,0.0234,5,0,2.7843,0.2575,5,0
2631,77.50216245,1.09896964,1.2243,0.0083,5,0,0.462,0.0233,5,0,0.2117,0.0047,5,0,0.0593,0.0633,5,0
2632,77.50494104,2.136568379,0.2701,0.0208,5,0,0.132,0.0123,5,0,0.2616,0.0231,5,0,3.1481,0.2357,5,0
2633,77.54102814,1.233882103,0.0655,0.0082,5,0,0.0343,0.0032,5,0,0.0958,0.0052,5,0,0.8391,0.2928,5,0
2634,77.56558844,1.233450678,0.2108,0.0393,5,0,0.4429,0.0356,5,0,3.6162,0.0693,5,0,26.8442,1.2407,5,0
2635,77.59306048,1.467260678,0.1703,0.0164,5,0,0.0608,0.0049,5,0,0.1896,0.0161,5,0,0.1464,0.0794,5,0
2636,77.60617165,0.550483909,0.9764,0.3978,5,0,0.5444,0.2023,5,0,4.105,0.8697,5,0,41.9765,14.8055,5,0
2637,77.60806298,0.554993807,0.6994,0.1575,5,0,0.321,0.0697,5,0,3.0207,1.2592,5,0,48.725,20.5313,5,0
2638,77.61017029,-0.438563341,0.0807,0.014,5,0,0.039,0.0076,5,0,0.0482,0.0052,5,0,0.8471,0.1052,5,0
2639,77.6197422,2.423096459,0.0913,0.0153,5,0,0.0381,0.0049,5,0,0.0257,0.007,5,0,,,,
2640,77.62008505,-0.467285636,0.0169,0.0069,5,0,0.0169,0.004,5,0,0.0277,0.0066,5,0,0.4246,0.0901,5,0
2641,77.62602106,1.014932465,0.0826,0.0082,5,0,0.0294,0.0042,5,0,0.0825,0.0055,5,0,0.985,0.0846,5,0
2642,77.62795631,-0.409303585,0.0358,0.0121,5,0,0.0232,0.007,5,0,0.041,0.0083,5,0,0.2095,0.0157,5,0
2643,77.65817036,-0.981501986,0.0343,0.0041,5,0,0.0178,0.0021,5,0,0.0318,0.0031,5,0,0.4062,0.0222,5,0
2644,77.69134234,-0.68744625,0.1127,0.0299,5,0,0.0458,0.0165,5,0,0.0529,0.0169,5,0,1.2854,0.3159,5,0
2645,77.71149319,2.190719576,0.0732,0.0101,5,0,0.0301,0.0044,5,0,0.0393,0.0046,5,0,0.4591,0.1329,5,0
2646,77.72564174,1.242436467,0.2205,0.0225,5,0,0.0743,0.015,5,0,0.1288,0.0171,5,0,2.6139,0.3427,5,0
2647,77.7821929,1.074772877,0.4114,0.2306,5,0,0.2188,0.1239,5,0,0.3491,0.1926,5,0,4.5231,2.4523,5,0
2648,77.80407943,0.85113851,0.4572,0.0589,5,0,0.1664,0.0259,5,0,0.3081,0.0284,5,0,6.171,0.6319,5,0
2649,77.81704828,0.362757337,0.0206,0.0027,5,0,0.0094,0.0015,5,0,0.0403,0.0028,5,0,0.1077,0.0454,5,0
2650,77.81775123,1.015093653,0.5398,0.2104,5,0,0.2726,0.1275,5,0,0.3926,0.1871,5,0,5.5784,2.6827,5,0
2651,77.81920085,-1.303300136,0.2447,0.0089,5,0,0.0874,0.0059,5,0,0.1682,0.0113,5,0,3.0848,0.7376,5,0
2652,77.83910413,0.860342942,0.9297,0.0405,5,0,0.511,0.0283,5,0,0.9375,0.0228,5,0,7.239,0.4816,5,0
2653,77.84207404,2.747110746,0.3488,0.0909,5,0,0.1663,0.0496,5,0,0.2598,0.071,5,0,,,,
2654,77.86353156,1.82776307,0.4922,0.2402,5,0,0.2281,0.1084,5,0,0.301,0.144,5,0,5.7665,3.1321,5,0
2655,77.89764267,1.718744348,0.6773,0.0432,5,0,0.2156,0.0228,5,0,0.3032,0.0101,5,0,7.8117,0.5617,5,0
2656,77.9113762,1.389429102,0.4832,0.03,5,0,0.1933,0.0222,5,0,0.3609,0.0287,5,0,7.9302,0.4914,5,0
2657,77.92007822,1.650484581,2.3633,0.2118,5,0,0.8715,0.1318,5,0,1.8372,0.1381,5,0,25.4003,2.1145,5,0
2658,77.92124722,1.687370456,3.7931,0.4341,5,0,0.8,0.0415,5,0,7.913,0.3327,5,0,75.7284,9.2886,5,0
2659,77.92943242,1.679678052,11.0631,1.367,5,0,2.8841,0.2747,5,0,31.5461,1.1556,5,0,380.7236,23.5069,5,0
2660,77.93540852,0.944681022,0.0878,0.01,6,0,0.0395,0.005,6,0,0.0735,0.0082,6,0,0.9923,0.1431,6,0
2661,77.95485554,0.006031992,6.9331,0.7673,6,0,1.1756,0.3178,6,0,,,,,302.6598,37.5915,6,0
2662,77.95768975,2.133042323,0.1122,0.0543,6,0,0.0735,0.0318,6,0,0.1401,0.0678,6,0,1.7851,0.7272,6,0
2663,77.9627713,-0.008488989,8.0207,0.4423,6,0,,,,,,,,,665.8061,12.9345,6,0
2664,77.9657169,0.411605747,0.0568,0.0042,6,0,0.0294,0.0029,6,0,0.0401,0.0035,6,0,0.517,0.0806,6,0
2665,78.00273609,-1.244658106,4.4636,0.2136,6,0,2.1314,0.1541,6,0,5.7463,0.2357,6,0,60.7772,5.8327,6,0
2666,78.01791023,0.263311077,0.0193,0.0044,6,0,0.0103,0.0024,6,0,0.0185,0.0036,6,0,0.1006,0.0448,6,0
2667,78.03112925,0.82850692,0.1315,0.0316,6,0,0.0677,0.0147,6,0,0.1923,0.0208,6,0,2.7616,0.2469,6,0
2668,78.04643267,1.488397863,6.4192,0.4593,6,0,2.518,0.2927,6,0,6.7658,0.3686,6,0,79.1765,7.43,6,0
2669,78.0679126,-0.443552237,0.4432,0.252,6,0,0.2084,0.1257,6,0,0.3194,0.1737,6,0,8.8421,4.6097,6,0
2670,78.08403529,1.991810138,0.0746,0.0082,6,0,0.0315,0.0041,6,0,0.0895,0.0085,6,0,0.6988,0.0483,6,0
2671,78.08485072,2.640830041,0.1369,0.0314,6,0,0.0649,0.0119,6,0,0.0611,0.0129,6,0,,,,
2672,78.12190802,1.025792495,0.1067,0.0086,6,0,0.0417,0.0053,6,0,0.1138,0.0102,6,0,1.4561,0.1709,6,0
2673,78.12777155,1.020671429,0.3353,0.0546,6,0,0.1408,0.0356,6,0,0.3451,0.0652,6,0,4.4043,0.7344,6,0
2674,78.13187095,1.022786967,0.0736,0.0119,6,0,0.0258,0.0053,6,0,0.0512,0.0097,6,0,0.4001,0.0613,6,0
2675,78.14604354,1.822490002,1.7052,0.5618,6,0,,,,,26.1975,11.5325,6,0,10.4313,5.8159,6,0
2676,78.14691622,1.10412098,0.2194,0.0294,6,0,0.1159,0.0143,6,0,0.229,0.0358,6,0,2.7354,0.4965,6,0
2677,78.1530428,0.69297761,0.0328,0.0082,6,0,0.0132,0.0026,6,0,0.021,0.0041,6,0,0.4395,0.2271,6,0
2678,78.15716115,1.093267495,0.2413,0.0915,6,0,0.1069,0.038,6,0,0.1731,0.0568,6,0,2.635,1.0355,6,0
2679,78.16201157,-0.552856633,4.8677,2.0307,6,0,1.56,0.6652,6,0,18.329,4.391,6,0,204.497,44.9122,6,0
2680,78.19264406,0.217858917,0.1342,0.0116,6,0,0.0565,0.0071,6,0,0.0943,0.0071,6,0,1.0877,0.133,6,0
2681,78.19471218,0.549746555,1.7198,0.0403,6,0,0.7995,0.0685,6,0,10.1593,0.2185,6,0,103.1561,1.9797,6,0
2682,78.19602668,0.226828518,0.0374,0.0105,6,0,0.0151,0.0025,6,0,0.0265,0.0042,6,0,0.3908,0.0876,6,0
2683,78.20929186,0.889756224,0.0646,0.002,6,0,0.0218,0.0031,6,0,0.0397,0.0045,6,0,0.3361,0.0704,6,0
2684,78.21807922,1.206326246,0.0992,0.022,6,0,0.0436,0.0091,6,0,0.1051,0.0223,6,0,1.3694,0.2568,6,0
2685,78.22376575,0.739024951,0.2401,0.0561,6,0,0.0613,0.0159,6,0,0.1502,0.0609,6,0,5.5606,0.9347,6,0
2686,78.23257921,1.548050709,0.2279,0.0705,6,0,0.1047,0.0332,6,0,0.2142,0.0616,6,0,3.1964,1.2359,6,0
2687,78.23418398,0.088947995,0.2865,0.1141,6,0,0.1051,0.0485,6,0,0.1921,0.0623,6,0,4.3538,1.8469,6,0
2688,78.23629409,0.242395236,0.2994,0.0855,6,0,0.1554,0.0479,6,0,0.1825,0.042,6,0,2.5167,0.6056,6,0
2689,78.25459613,0.248937678,0.1876,0.0423,6,0,0.095,0.0266,6,0,0.1232,0.0283,6,0,1.8423,0.3853,6,0
2690,78.26210351,2.413942833,0.5057,0.0331,6,0,0.2649,0.0246,6,0,0.936,0.0381,6,0,13.1169,0.5562,6,0
2691,78.27447131,0.07998876,0.3406,0.044,6,0,0.1541,0.025,6,0,0.3077,0.041,6,0,4.8764,0.6654,6,0
2692,78.27729208,0.043200098,0.1842,0.0318,6,0,0.084,0.0225,6,0,0.1956,0.0387,6,0,2.456,0.4342,6,0
2693,78.28278201,-1.368717264,0.2594,0.0387,6,0,0.1357,0.0372,6,0,0.2173,0.055,6,0,3.1958,0.683,6,0
2694,78.286772,0.352868634,0.3191,0.1239,6,0,0.1384,0.0519,6,0,0.1505,0.0481,6,0,3.2815,1.4135,6,0
2695,78.29468677,0.373944665,0.4677,0.0203,6,0,0.4811,0.0306,6,0,1.0209,0.0174,6,0,0.9512,0.1084,6,0
2696,78.29923089,0.452003496,0.1418,0.0273,6,0,0.071,0.0204,6,0,0.1354,0.0319,6,0,1.774,0.4045,6,0
2697,78.32311998,-1.710583321,0.0722,0.0196,6,0,0.0287,0.0078,6,0,0.0401,0.0115,6,0,,,,
2698,78.32560877,2.573588775,0.2267,0.0115,6,0,0.1159,0.0112,6,0,0.3282,0.0322,6,0,2.5685,0.2377,6,0
2699,78.3295426,2.803045148,1.7317,0.3335,6,0,0.6719,0.155,6,0,3.8953,0.7996,6,0,33.3543,5.9949,6,0
2700,78.33464597,1.291997661,1.7499,0.2732,6,0,0.783,0.1712,6,0,1.6488,0.3011,6,0,28.1374,6.1854,6,0
2701,78.37103716,2.177495349,0.0353,0.006,6,0,0.0152,0.0024,6,0,0.0377,0.0055,6,0,0.2964,0.0943,6,0
2702,78.39826084,2.532506935,0.411,0.016,6,0,0.1911,0.0296,6,0,0.4459,0.0395,6,0,8.3232,0.5796,6,0
2703,78.40305563,-0.21519349,0.0535,0.0049,6,0,0.0293,0.0033,6,0,0.0652,0.0065,6,0,0.7599,0.0796,6,0
2704,78.41280406,2.480576265,0.1602,0.0449,6,0,0.067,0.0221,6,0,0.1062,0.0378,6,0,1.7202,0.328,6,0
2705,78.41364859,0.850415394,0.7472,0.1956,6,0,0.3228,0.0776,6,0,0.5534,0.1427,6,0,11.4764,2.8041,6,0
2706,78.4333243,1.854213294,0.2823,0.096,6,0,0.1177,0.0422,6,0,0.1609,0.0518,6,0,2.9368,1.203,6,0
2707,78.4362354,2.656291817,10.949,1.0894,6,0,-0.1372,0.3694,6,0,,,,,1189.7391,66.6807,6,0
2708,78.46109825,1.498996106,0.2851,0.0432,6,0,0.1466,0.024,6,0,0.2668,0.0296,6,0,3.3133,0.778,6,0
2709,78.46935149,-0.181723989,1.315,0.1473,6,0,0.721,0.1025,6,0,8.2884,0.33,6,0,68.7478,6.2111,6,0
2710,78.48985647,0.840229768,0.3147,0.1144,6,0,0.1717,0.0787,6,0,0.4112,0.147,6,0,4.7296,1.8996,6,0
2711,78.49573771,2.944701497,0.2456,0.0416,6,0,0.1024,0.0234,6,0,0.1598,0.029,6,0,2.5746,0.6278,6,0
2712,78.49581124,0.617978722,0.4475,0.0788,6,0,0.1764,0.0395,6,0,0.3103,0.0598,6,0,4.5414,0.8634,6,0
2713,78.50791945,2.151686417,0.2775,0.019,6,0,0.8351,0.1486,6,0,1.9549,0.3949,6,0,0.4658,0.3225,6,0
2714,78.52735052,1.377416403,0.9444,0.1533,6,0,0.3433,0.0872,6,0,0.5187,0.129,6,0,12.8401,2.736,6,0
2715,78.54444431,0.199205263,0.1019,0.0233,6,0,0.0566,0.0116,6,0,0.1276,0.0162,6,0,2.1412,0.3888,6,0
2716,78.54639652,1.658123021,0.1458,0.0372,6,0,0.0631,0.0166,6,0,0.172,0.0386,6,0,2.1883,0.5327,6,0
2717,78.5596822,0.864602666,0.1883,0.0616,6,0,0.1029,0.0314,6,0,0.2058,0.0578,6,0,2.4774,0.6774,6,0
2718,78.57569333,0.594366496,0.482,0.0803,6,0,0.2393,0.0728,6,0,0.5994,0.1377,6,0,8.1811,1.839,6,0
2719,78.57990825,2.409533659,0.2783,0.0904,6,0,0.1167,0.0284,6,0,0.2046,0.0429,6,0,3.2051,0.6788,6,0
2720,78.59930811,2.628963289,0.2864,0.041,6,0,0.1328,0.0171,6,0,0.3237,0.0473,6,0,3.292,0.5336,6,0
2721,78.60062988,3.067386652,0.0209,0.0028,6,0,0.0105,0.0015,6,0,0.0217,0.0016,6,0,0.1915,0.0382,6,0
2722,78.63009135,2.970446081,0.173,0.0213,6,0,0.067,0.0087,6,0,0.1346,0.0147,6,0,1.4261,0.1631,6,0
2723,78.63086563,-1.041385527,0.0728,0.0222,6,0,0.0329,0.0102,6,0,0.0746,0.0182,6,0,1.0158,0.2537,6,0
2724,78.64599845,2.952515574,0.1092,0.065,6,0,0.0477,0.0288,6,0,0.0887,0.0429,6,0,0.9035,0.3728,6,0
2725,78.65180173,2.951005228,0.1192,0.0581,6,0,0.0463,0.0271,6,0,0.0833,0.0459,6,0,1.041,0.6577,6,0
2726,78.67161167,0.278634349,0.6028,0.2686,6,0,0.2999,0.1488,6,0,0.6413,0.3274,6,0,9.068,4.7287,6,0
2727,78.68173311,-1.402384375,0.1418,0.0528,6,0,0.0858,0.0253,6,0,0.112,0.0384,6,0,1.6942,0.6552,6,0
2728,78.72569513,0.445378064,0.0934,0.0181,6,0,0.0741,0.0119,6,0,0.6731,0.0836,6,0,3.8638,0.8091,6,0
2729,78.75196028,0.902431028,0.6559,0.0951,6,0,0.2893,0.0654,6,0,0.6681,0.1537,6,0,9.2413,1.4227,6,0
2730,78.75264047,-2.224369008,0.0516,0.0248,6,0,0.0228,0.0084,6,0,0.0181,0.004,6,0,,,,
2731,78.75913376,0.596624208,0.2308,0.1021,6,0,0.0992,0.0583,6,0,0.2106,0.1168,6,0,3.12,1.4807,6,0
2732,78.76119151,2.88724416,0.1586,0.0517,6,0,0.0745,0.0228,6,0,0.1417,0.0458,6,0,2.233,0.6281,6,0
2733,78.77253553,3.041788073,0.5912,0.0096,6,0,0.282,0.0322,6,0,0.6365,0.0396,6,0,6.0039,0.2947,6,0
2734,78.77374143,0.745234404,0.1158,0.0248,6,0,0.0571,0.0117,6,0,0.1678,0.0329,6,0,1.8072,0.2832,6,0
2735,78.77390281,2.526216392,0.1873,0.017,6,0,0.0917,0.0108,6,0,0.1275,0.0116,6,0,1.2655,0.1601,6,0
2736,78.77409076,2.629350888,1.2295,0.6797,6,0,0.3567,0.1992,6,0,2.4366,0.3981,6,0,37.6927,15.2434,6,0
2737,78.77665821,-2.224970117,0.0317,0.02,6,0,0.0189,0.0123,6,0,0.0049,0.0019,6,0,,,,
2738,78.77743292,1.693930887,0.8096,0.2834,6,0,0.4272,0.1732,6,0,1.7332,0.5991,6,0,29.1306,10.092,6,0
2739,78.78701757,0.67306852,0.4083,0.1595,6,0,0.3935,0.0405,6,0,0.7798,0.0869,6,0,10.319,1.0827,6,0
2740,78.79023619,-2.206820343,0.0506,0.0077,6,0,0.0266,0.0018,6,0,0.0395,0.0084,6,0,,,,
2741,78.79029552,0.590528949,0.2173,0.0242,6,0,0.0915,0.0135,6,0,0.1852,0.0188,6,0,2.707,0.3306,6,0
2742,78.80923818,-1.083697762,0.0579,0.0136,6,0,0.0294,0.0094,6,0,0.0493,0.0165,6,0,0.5115,0.1202,6,0
2743,78.82764814,3.294270876,0.1176,0.0584,6,0,0.0606,0.0375,6,0,0.13,0.0669,6,0,1.6176,0.787,6,0
2744,78.82928251,-0.972187408,0.0842,0.0158,6,0,0.0472,0.0098,6,0,0.0958,0.0166,6,0,0.9442,0.2225,6,0
2745,78.83528261,2.988954702,0.0502,0.0169,6,0,0.0253,0.0053,6,0,0.0496,0.0158,6,0,0.4605,0.1637,6,0
2746,78.83813082,1.485590942,0.131,0.0091,6,0,0.0843,0.009,6,0,0.4248,0.0207,6,0,3.2165,0.2721,6,0
2747,78.84242851,3.331619055,0.0309,0.0054,6,0,0.0218,0.0069,6,0,0.0506,0.0168,6,0,0.3929,0.0624,6,0
2748,78.85214462,3.306406772,0.0379,0.0069,6,0,0.0191,0.0053,6,0,0.0493,0.0113,6,0,0.5458,0.1364,6,0
2749,78.85487783,-1.69997466,0.0468,0.0078,6,0,0.0216,0.0047,6,0,0.0326,0.0093,6,0,,,,
2750,78.87131238,0.109521991,0.0775,0.0055,6,0,0.0327,0.0031,6,0,0.1141,0.0095,6,0,1.2016,0.0714,6,0
2751,78.87136002,2.769514892,5.2941,0.9713,6,0,,,,,16.152,1.4992,5,0,58.0926,11.9729,6,0
2752,78.87533741,3.378588497,0.0266,0.0024,6,0,0.0139,0.0022,6,0,0.0374,0.0053,6,0,0.1538,0.0794,6,0
2753,78.88071931,0.468529231,0.1129,0.0174,6,0,0.055,0.0109,6,0,0.1628,0.0255,6,0,2.4822,0.2982,6,0
2754,78.88153597,0.603207352,0.345,0.0445,6,0,0.1278,0.0169,6,0,0.3292,0.037,6,0,4.3157,0.4913,6,0
2755,78.88502166,3.505735871,0.6592,0.0747,6,0,0.2268,0.0201,6,0,0.6512,0.043,6,0,,,,
2756,78.89003311,1.832589499,0.2961,0.0165,6,0,0.1018,0.019,6,0,0.1468,0.0183,6,0,2.741,0.2067,6,0
2757,78.8996223,-0.267566339,0.2172,0.0171,6,0,0.0987,0.0177,6,0,0.255,0.0384,6,0,4.3188,0.4594,6,0
2758,78.90223701,0.425780101,0.1529,0.026,6,0,0.0659,0.0166,6,0,0.1635,0.0396,6,0,2.1324,0.3703,6,0
2759,78.91744885,-0.427491947,0.0933,0.0069,6,0,0.0455,0.0061,6,0,0.117,0.011,6,0,1.2691,0.1088,6,0
2760,78.92027924,0.104336244,0.0355,0.0053,6,0,0.0199,0.0032,6,0,0.049,0.0056,6,0,0.455,0.0377,6,0
2761,78.94713659,3.584477784,0.5294,0.0322,6,0,0.2688,0.0297,6,0,0.4768,0.0378,6,0,,,,
2762,78.98751426,0.218130091,0.5002,0.0348,6,0,0.2386,0.0231,6,0,1.7976,0.0784,6,0,43.3164,1.4047,6,0
2763,79.01177843,-0.114520344,0.5299,0.0534,6,0,0.2401,0.0346,6,0,0.3736,0.054,6,0,6.4461,0.8972,6,0
2764,79.01408219,0.310905556,0.7629,0.1475,6,0,0.3016,0.0883,6,0,0.8748,0.1728,6,0,8.1609,2.2983,6,0
2765,79.0219661,-1.374663141,0.1358,0.0499,6,0,0.0837,0.0295,6,0,0.1508,0.042,6,0,0.6848,0.2535,6,0
2766,79.04409162,1.175164771,0.2653,0.0329,6,0,0.1127,0.0146,6,0,0.1656,0.0157,6,0,2.9522,0.1788,6,0
2767,79.06178194,3.452351864,4.6005,0.9648,6,0,1.5802,0.377,6,0,7.772,2.1526,6,0,66.4462,18.8974,6,0
2768,79.06680272,-0.96608065,0.1899,0.0497,6,0,0.0907,0.0267,6,0,0.1359,0.0403,6,0,1.6681,0.449,6,0
2769,79.07825044,1.333489413,0.4853,0.0451,6,0,0.3052,0.046,6,0,3.1717,0.1729,6,0,33.3815,1.623,6,0
2770,79.0808356,1.18091571,0.2206,0.0295,6,0,0.0845,0.0165,6,0,0.1192,0.0176,6,0,2.5221,0.3058,6,0
2771,79.08169149,0.973125054,0.4236,0.1083,6,0,0.1457,0.0522,6,0,0.2757,0.0779,6,0,4.0789,0.9157,6,0
2772,79.09501745,3.545210584,0.4182,0.0794,6,0,0.1916,0.0367,6,0,0.4095,0.084,6,0,4.3463,1.0939,6,0
2773,79.1027619,0.943113064,0.2325,0.1159,6,0,0.1167,0.0557,6,0,0.274,0.0811,6,0,3.9538,1.2592,6,0
2774,79.11946229,3.390015342,0.4158,0.0308,6,0,0.1413,0.0139,6,0,0.2398,0.0117,6,0,3.8354,0.2167,6,0
2775,79.12341715,-0.749675263,0.1058,0.0252,6,0,0.0564,0.0128,6,0,0.1091,0.0212,6,0,1.0395,0.1775,6,0
2776,79.1238111,-0.771601432,0.2656,0.0354,6,0,0.1222,0.0184,6,0,0.1943,0.0312,6,0,2.2602,0.1423,6,0
2777,79.12792402,0.963053834,4.528,0.1043,6,0,1.3126,0.1147,6,0,11.6406,0.0955,6,0,83.3532,1.8261,6,0
2778,79.13026989,-0.730466291,0.1364,0.0371,6,0,0.0572,0.0196,6,0,0.0981,0.0329,6,0,1.6963,0.5215,6,0
2779,79.14326547,-0.052801733,0.4098,0.0304,6,0,0.1515,0.0147,6,0,0.4836,0.0439,6,0,7.4803,0.6625,6,0
2780,79.14583293,-0.93981198,0.1308,0.0229,6,0,0.0538,0.0109,6,0,0.1134,0.0183,6,0,1.7847,0.3156,6,0
2781,79.15088158,1.828843827,0.7411,0.1051,6,0,0.2809,0.0544,6,0,1.2541,0.0947,6,0,27.9142,2.7501,6,0
2782,79.16058408,0.503780868,2.3416,0.3661,6,0,0.739,0.1575,6,0,2.3375,0.2912,6,0,66.5733,9.0958,6,0
2783,79.17491331,-2.13528142,0.1037,0.0394,6,0,0.067,0.0137,6,0,0.0745,0.0203,6,0,,,,
2784,79.18502076,1.447514898,0.1512,0.0498,6,0,0.0681,0.0191,6,0,0.0899,0.0275,6,0,1.5374,0.6603,6,0
2785,79.18536099,-0.071071349,0.2537,0.0475,6,0,0.096,0.0222,6,0,0.2781,0.0645,6,0,2.772,0.6125,6,0
2786,79.20357188,-0.842009396,0.6058,0.1254,6,0,0.284,0.0735,6,0,0.6118,0.1476,6,0,10.0672,2.348,6,0
2787,79.21771724,-1.950961034,0.0511,0.0263,6,0,0.0377,0.0141,6,0,0.0472,0.0192,6,0,0.3403,0.1021,6,0
2788,79.22409319,1.869844325,3.1803,0.1603,6,0,1.3598,0.1502,6,0,9.0178,0.2256,6,0,54.7252,3.0123,6,0
2789,79.22761064,-1.885599609,0.0228,0.0062,6,0,0.0157,0.0058,6,0,0.0289,0.0078,6,0,0.117,0.1113,6,0
2790,79.22926515,0.00956281,0.1039,0.0163,6,0,0.0456,0.0058,6,0,0.1461,0.0195,6,0,1.1818,0.1884,6,0
2791,79.27601469,-0.140371213,0.1215,0.0204,6,0,0.0544,0.0091,6,0,0.239,0.0365,6,0,2.193,0.3716,6,0
2792,79.28644502,-0.845813735,0.0704,0.0316,6,0,0.0135,0.0027,6,0,0.0298,0.0044,6,0,0.2254,0.0699,6,0
2793,79.29185397,-1.265425402,0.0997,0.0317,6,0,0.0509,0.0194,6,0,0.0594,0.0222,6,0,1.5497,0.3688,6,0
2794,79.29497716,1.047777804,0.0777,0.0223,6,0,0.0446,0.0151,6,0,0.0612,0.0189,6,0,0.5946,0.0748,6,0
2795,79.29510898,2.492215542,0.1825,0.0127,6,0,0.0624,0.0101,6,0,0.4286,0.0489,6,0,2.6846,0.3057,6,0
2796,79.29541391,1.027557683,0.1204,0.0276,6,0,0.0511,0.0096,6,0,0.0804,0.0169,6,0,0.808,0.1685,6,0
2797,79.29796804,1.664951271,0.1002,0.007,6,0,0.0416,0.0076,6,0,0.0681,0.0084,6,0,0.9297,0.1035,6,0
2798,79.30347315,-0.247016081,0.1739,0.0046,6,0,0.0972,0.0136,6,0,0.1995,0.0157,6,0,0.1344,0.0204,6,0
2799,79.30455462,1.305497092,3.219,0.3122,6,0,,,,,8.8119,1.1998,5,0,146.5632,21.1835,6,0
2800,79.30830693,1.421522337,0.1894,0.0185,6,0,0.0696,0.0111,6,0,0.132,0.0131,6,0,3.1179,0.2762,6,0
2801,79.32249444,1.290029384,2.4941,0.1355,6,0,0.8467,0.258,6,0,,,,,127.0958,17.1779,6,0
2802,79.3227649,0.600428399,0.018,0.0023,6,0,0.0126,0.0021,6,0,0.0252,0.0038,6,0,0.1555,0.0339,6,0
2803,79.32535678,-0.4583216,0.5828,0.0543,6,0,0.419,0.0545,6,0,1.5654,0.0971,6,0,15.5562,1.0647,6,0
2804,79.32997142,1.280570346,1.2797,0.1116,6,0,0.6144,0.0643,6,0,7.7223,0.8541,5,0,46.3779,7.1515,6,0
2805,79.33293886,-1.847062194,0.0399,0.0086,6,0,0.0168,0.0044,6,0,0.0286,0.0082,6,0,0.3152,0.0363,6,0
2806,79.35192307,0.002837637,11.2088,1.5905,6,0,,,,,,,,,442.2003,36.7151,6,0
2807,79.36441994,0.579239147,0.0264,0.0045,6,0,0.0219,0.0053,6,0,0.0294,0.0071,6,0,-0.0392,0.0496,6,0
2808,79.37592954,1.323108587,1.032,0.0431,6,0,0.3457,0.0256,6,0,2.6099,0.0879,6,0,34.2294,1.2689,6,0
2809,79.38275667,3.077564066,0.2812,0.0314,6,0,0.1541,0.0179,6,0,0.3674,0.0377,6,0,4.3466,0.4716,6,0
2810,79.40130615,1.78747764,0.0293,0.0025,6,0,0.0113,0.0018,6,0,0.0124,0.0023,6,0,0.2233,0.0463,6,0
2811,79.40390071,-1.060353836,0.4111,0.1159,6,0,0.1911,0.052,6,0,0.3009,0.0876,6,0,5.233,1.4667,6,0
2812,79.4285988,2.362099869,2.4668,0.1126,6,0,1.1257,0.1184,6,0,2.2502,0.0476,6,0,1.6437,0.5893,6,0
2813,79.44520289,-1.959140919,0.0687,0.0274,6,0,0.0356,0.0134,6,0,0.0512,0.0181,6,0,0.713,0.3556,6,0
2814,79.44945642,0.997755801,0.5703,0.1969,6,0,0.1507,0.0588,6,0,0.7934,0.1971,6,0,18.2674,5.0179,6,0
2815,79.45213263,1.418504933,0.4827,0.0826,6,0,0.1997,0.0429,6,0,0.35,0.0692,6,0,8.7204,1.4634,6,0
2816,79.45758347,2.261874582,0.3438,0.119,6,0,0.1594,0.0506,6,0,0.2099,0.0732,6,0,3.477,0.9887,6,0
2817,79.45802499,3.443243415,1.2984,0.032,6,0,0.4737,0.055,6,0,2.105,0.1177,6,0,28.8018,2.7958,6,0
2818,79.48218238,-0.717320215,6.1242,0.1638,6,0,2.2876,0.1879,6,0,14.1612,0.3669,6,0,217.2284,9.3429,6,0
2819,79.49014261,0.813347334,0.0799,0.0127,6,0,0.0657,0.0047,6,0,0.5731,0.0403,6,0,0.9442,0.0762,6,0
2820,79.53724481,1.331986165,0.1776,0.012,6,0,0.0825,0.0044,6,0,0.1678,0.0069,6,0,2.1666,0.1759,6,0
2821,79.56620814,-0.756994489,1.5459,0.2372,6,0,0.5835,0.1086,6,0,1.0567,0.1506,6,0,20.8457,3.5362,6,0
2822,79.58130085,-1.653308563,0.0449,0.003,6,0,0.0227,0.0038,6,0,0.0317,0.005,6,0,0.3557,0.0963,6,0
2823,79.58783032,1.663098436,0.1414,0.0597,6,0,0.082,0.0296,6,0,0.1083,0.0518,6,0,1.2619,0.6339,6,0
2824,79.59342099,-0.525902916,0.0974,0.0144,6,0,0.0371,0.0059,6,0,0.0764,0.0063,6,0,0.616,0.108,6,0
2825,79.6004293,-0.413443828,0.028,0.004,6,0,0.0184,0.0059,6,0,0.0319,0.0131,6,0,0.3407,0.0947,6,0
2826,79.62466859,-1.972694237,0.1049,0.0316,6,0,0.0357,0.0136,6,0,0.0554,0.0143,6,0,0.3616,0.1322,6,0
2827,79.62678365,2.356690469,0.0336,0.0109,6,0,0.02,0.0065,6,0,0.0623,0.0172,6,0,0.3776,0.1011,6,0
2828,79.64025755,1.041762995,0.704,0.2328,6,0,0.3701,0.1279,6,0,0.8848,0.2963,6,0,10.6798,3.6098,6,0
2829,79.64625497,1.044040164,0.4967,0.0792,6,0,0.2412,0.0564,6,0,0.6332,0.1392,6,0,7.1562,1.3042,6,0
2830,79.66013116,1.121206623,0.237,0.0256,6,0,0.0946,0.0181,6,0,0.1515,0.0179,6,0,5.2452,0.3164,6,0
2831,79.66658702,2.267157748,0.0576,0.0076,6,0,0.0377,0.0118,6,0,0.1117,0.0236,6,0,0.6116,0.0678,6,0
2832,79.6813729,2.273827902,0.0148,0.0026,6,0,0.0115,0.0028,6,0,0.0244,0.0068,6,0,0.2987,0.0754,6,0
2833,79.68260309,0.783118596,0.0126,0.0082,6,0,0.0083,0.0028,6,0,0.0121,0.0022,6,0,0.0905,0.0306,6,0
2834,79.6869464,-1.931599969,0.0833,0.0309,6,0,0.0483,0.0237,6,0,0.105,0.0531,6,0,0.9948,0.5906,6,0
2835,79.69107405,-1.928954746,0.1179,0.0363,6,0,0.0634,0.0249,6,0,0.146,0.0479,6,0,1.1664,0.4859,6,0
2836,79.6919889,2.273826372,0.0101,0.006,6,0,0.0073,0.002,6,0,0.0131,0.0062,6,0,0.1202,0.0543,6,0
2837,79.70643916,1.391473537,0.6243,0.0568,6,0,0.2925,0.0358,6,0,0.7061,0.0823,6,0,12.7468,1.2114,6,0
2838,79.71527849,0.424718959,0.5957,0.1616,6,0,0.2025,0.0797,6,0,0.5357,0.387,6,0,10.2866,4.4367,6,0
2839,79.71948948,0.382974791,0.1022,0.0104,6,0,0.0544,0.0082,6,0,0.2161,0.0191,6,0,4.9134,0.2659,6,0
2840,79.71960833,0.426741151,0.9778,0.1395,6,0,0.5601,0.1174,6,0,1.9948,0.2247,6,0,25.8012,3.0015,6,0
2841,79.72113085,2.795394529,0.3651,0.1179,6,0,0.1881,0.0558,6,0,0.2587,0.0932,6,0,1.489,0.9813,6,0
2842,79.72420159,2.017641773,0.4525,0.0171,6,0,0.1774,0.0192,6,0,0.3419,0.0122,6,0,5.8822,0.3125,6,0
2843,79.72853232,1.453380521,0.3916,0.0768,6,0,0.1766,0.034,6,0,0.3427,0.0563,6,0,6.54,1.1447,6,0
2844,79.73252663,3.416334012,0.1468,0.0187,6,0,0.0739,0.0071,6,0,0.1179,0.015,6,0,1.4686,0.2605,6,0
2845,79.73324212,-0.897747723,0.041,0.0093,6,0,0.0206,0.0039,6,0,0.035,0.0071,6,0,0.2323,0.1842,6,0
2846,79.73609378,3.422280318,0.1443,0.0284,6,0,0.0662,0.0101,6,0,0.1179,0.0178,6,0,1.1038,0.2525,6,0
2847,79.74923721,0.368462619,0.414,0.0205,6,0,0.1949,0.023,6,0,0.6464,0.0667,6,0,11.7339,0.8,6,0
2848,79.75105105,-0.352476457,0.0275,0.0109,6,0,0.0122,0.0033,6,0,0.0573,0.0129,6,0,0.1058,0.0736,6,0
2849,79.75116724,-0.377169553,0.1182,0.0064,6,0,0.0334,0.0038,6,0,0.0242,0.0031,6,0,0.2053,0.0574,6,0
2850,79.75163335,1.075022875,0.3599,0.0443,6,0,0.127,0.0214,6,0,0.1842,0.0353,6,0,3.9587,0.5054,6,0
2851,79.76105079,1.583923197,0.2239,0.8352,6,0,0.3895,0.1276,6,0,0.9628,0.2652,6,0,13.3136,4.4715,6,0
2852,79.78084006,2.075784203,1.1761,0.2234,6,0,0.5021,0.0725,6,0,0.6672,0.0984,6,0,11.7304,1.8498,6,0
2853,79.78724939,1.315437844,0.0817,0.014,6,0,0.0545,0.0078,6,0,0.1809,0.0254,6,0,1.625,0.1853,6,0
2854,79.79406581,2.482005474,0.1169,0.0095,6,0,0.0528,0.0067,6,0,0.1261,0.0147,6,0,1.3146,0.1237,6,0
2855,79.80859601,0.899500704,0.5736,0.0728,6,0,0.3,0.0466,6,0,0.8018,0.1235,6,0,7.9004,1.0605,6,0
2856,79.81669674,1.121068424,0.0996,0.0116,6,0,0.0303,0.0056,6,0,0.068,0.0123,6,0,1.2126,0.1157,6,0
2857,79.81862124,0.284376609,0.2171,0.0272,6,0,0.3299,0.0554,6,0,1.9131,0.2732,6,0,2.2175,0.4269,6,0
2858,79.82201514,0.093812826,0.3174,0.1349,6,0,0.702,0.5026,6,0,1.4771,3.2411,6,0,0.862,4.2608,6,0
2859,79.82437339,1.765892276,0.2871,0.0673,6,0,0.1174,0.0229,6,0,0.2291,0.0428,6,0,4.2104,0.6429,6,0
2860,79.83140043,1.259666168,1.4497,0.1862,6,0,0.6833,0.1132,6,0,1.5749,0.2147,6,0,33.6875,4.0029,6,0
2861,79.86339485,2.126992428,0.4268,0.054,6,0,0.1856,0.0265,6,0,0.339,0.0452,6,0,4.1155,0.5672,6,0
2862,79.86603976,2.140557459,0.1839,0.0297,6,0,0.0909,0.015,6,0,0.1908,0.0326,6,0,2.3289,0.3756,6,0
2863,79.86758031,1.177405813,6.879,0.6777,6,0,1.3425,0.3097,6,0,,,,,95.4628,12.515,6,0
2864,79.87447213,1.182850117,3.1962,0.139,6,0,0.455,0.0732,6,0,,,,,177.8832,28.5643,6,0
2865,79.88128986,-1.80222282,0.0761,0.0225,6,0,0.0402,0.0127,6,0,0.0639,0.0205,6,0,0.8652,0.3109,6,0
2866,79.90031342,2.062423353,0.2861,0.0211,6,0,0.127,0.0118,6,0,0.2671,0.0221,6,0,3.4462,0.3068,6,0
2867,79.90287778,2.071486198,0.2936,0.0356,6,0,0.1202,0.0146,6,0,0.1867,0.0212,6,0,3.3818,0.3654,6,0
2868,79.92295247,-1.504093316,0.1862,0.0263,6,0,0.0592,0.0063,6,0,0.3386,0.0226,6,0,7.027,0.5182,6,0
2869,79.92574474,0.908804344,0.6971,0.0475,6,0,0.2718,0.0308,6,0,3.4047,0.061,6,0,42.4671,1.4831,6,0
2870,79.94021217,-1.076569776,0.0436,0.004,6,0,0.0213,0.0025,6,0,0.0421,0.0031,6,0,0.4867,0.0509,6,0
2871,79.96368676,0.580184467,1.3297,0.4451,6,0,0.6498,0.2095,6,0,2.1751,0.6283,6,0,31.3177,4.6575,6,0
2872,79.97782639,3.075085349,0.0991,0.0401,6,0,0.0518,0.0185,6,0,0.0791,0.0249,6,0,0.8482,0.2209,6,0
2873,79.98170826,-0.945800685,0.0369,0.0048,6,0,0.0169,0.0022,6,0,0.0337,0.0033,6,0,0.2428,0.0475,6,0
2874,79.98486517,0.840751759,4.474,0.1761,6,0,1.5571,0.1381,6,0,5.5398,0.1693,6,0,94.3241,4.0601,6,0
2875,79.9885733,3.273548145,0.479,0.0783,6,0,0.2249,0.0537,6,0,0.4397,0.0787,6,0,6.4507,0.8343,6,0
2876,80.01595068,0.312166787,0.5218,0.0392,6,0,0.1728,0.0152,6,0,0.6586,0.0453,6,0,14.6796,0.5206,6,0
2877,80.02786746,2.828214784,0.0724,0.0105,6,0,0.0364,0.0059,6,0,0.0317,0.0087,6,0,0.3411,0.1325,6,0
2878,80.0332418,2.072549773,0.1396,0.0139,6,0,0.0428,0.0023,6,0,0.1003,0.0089,6,0,0.9859,0.0836,6,0
2879,80.03435547,2.0640299,0.1121,0.0081,6,0,0.0469,0.0054,6,0,0.1302,0.0143,6,0,1.2979,0.1137,6,0
2880,80.04445686,3.066399433,0.0729,0.0327,6,0,0.0408,0.0131,6,0,0.0699,0.0219,6,0,0.545,0.1858,6,0
2881,80.04448594,-0.598046968,0.0323,0.0119,6,0,0.0151,0.0053,6,0,0.0281,0.006,6,0,0.3391,0.0578,6,0
2882,80.04554108,0.309915809,2.6771,0.1135,6,0,1.3177,0.1903,6,0,5.4892,0.262,6,0,37.1952,2.6285,6,0
2883,80.0626279,0.12104204,0.2171,0.0154,6,0,0.1119,0.0226,6,0,0.5541,0.0804,6,0,4.0131,0.5162,6,0
2884,80.08233771,-1.37649184,0.0651,0.0021,6,0,0.0217,0.002,6,0,0.0203,0.0024,6,0,0.0626,0.0916,6,0
2885,80.08595657,-0.708418301,0.0156,0.0015,6,0,0.0074,0.0009,6,0,0.0156,0.0012,6,0,0.1782,0.0136,6,0
2886,80.09865712,0.181364501,0.0785,0.0042,6,0,0.0191,0.0021,6,0,0.0825,0.0097,6,0,0.5444,0.04,6,0
2887,80.09973805,-1.228512655,0.0742,0.0155,6,0,0.0384,0.0089,6,0,0.0663,0.0122,6,0,0.618,0.1269,6,0
2888,80.10500265,0.183109527,0.1865,0.0263,6,0,0.0608,0.0093,6,0,0.2198,0.0292,6,0,1.3511,0.1963,6,0
2889,80.1081866,3.03672875,0.0761,0.0119,6,0,0.0231,0.0029,6,0,0.017,0.0029,6,0,0.2769,0.0685,6,0
2890,80.12006191,1.788882362,0.1942,0.057,6,0,0.0822,0.0228,6,0,0.1228,0.0387,6,0,1.8411,0.4162,6,0
2891,80.1253791,2.916391453,0.0791,0.0059,6,0,0.0415,0.0047,6,0,0.0536,0.007,6,0,0.8095,0.0742,6,0
2892,80.13249871,-0.138826559,0.4601,0.0814,6,0,0.1992,0.0454,6,0,0.5229,0.0992,6,0,6.1616,1.1453,6,0
2893,80.1327048,1.129477459,0.1526,0.04,6,0,0.0676,0.0263,6,0,0.0953,0.0301,6,0,1.1056,0.4223,6,0
2894,80.13767718,3.352426029,0.0381,0.0032,6,0,0.0201,0.002,6,0,0.0424,0.0035,6,0,0.5838,0.2416,6,0
2895,80.14158936,2.967091722,0.1614,0.0237,6,0,0.0775,0.0133,6,0,0.1395,0.0193,6,0,1.1809,0.2806,6,0
2896,80.15379005,-1.518308053,0.0287,0.0032,6,0,0.016,0.0023,6,0,0.0351,0.0035,6,0,0.1805,0.0446,6,0
2897,80.15415746,-0.551251845,0.0389,0.0093,6,0,0.0198,0.0053,6,0,0.0253,0.0057,6,0,0.1816,0.0656,6,0
2898,80.16780368,0.529492682,0.332,0.0089,6,0,0.1782,0.0212,6,0,0.88,0.0556,6,0,17.3186,0.6986,6,0
2899,80.17019829,-1.701823947,0.0525,0.0178,6,0,0.0227,0.0084,6,0,0.03,0.0111,6,0,0.663,0.2541,6,0
2900,80.17224225,2.744478823,1.126,0.0636,6,0,0.9219,0.0469,6,0,4.7414,0.3139,6,0,16.4615,1.7552,6,0
2901,80.1807111,-0.489063989,0.0251,0.0021,6,0,0.0106,0.0011,6,0,0.0322,0.0019,6,0,0.3086,0.0333,6,0
2902,80.18681086,3.071021577,0.0373,0.012,6,0,0.0193,0.0048,6,0,0.0235,0.0073,6,0,0.4267,0.1253,6,0
2903,80.20109973,-1.709658797,0.0657,0.0141,6,0,0.0261,0.0068,6,0,0.0466,0.0098,6,0,0.536,0.1832,6,0
2904,80.20156266,0.121164675,0.1757,0.0137,6,0,0.0594,0.0097,6,0,0.3131,0.0461,6,0,4.5556,0.6191,6,0
2905,80.2088447,-1.559528382,0.0344,0.0044,6,0,0.0157,0.0029,6,0,0.0137,0.0021,6,0,0.243,0.0679,6,0
2906,80.22118355,2.359871693,0.1109,0.0207,6,0,0.0421,0.0059,6,0,0.2394,0.0106,6,0,1.3202,0.159,6,0
2907,80.23061377,3.020852433,0.0401,0.0089,6,0,0.0224,0.0051,6,0,0.0363,0.0088,6,0,0.1591,0.0743,6,0
2908,80.25900351,-1.286055508,0.0243,0.0078,6,0,0.0107,0.0026,6,0,0.0121,0.0034,6,0,0.1447,0.0472,6,0
2909,80.26661121,2.731995192,0.3003,0.1731,6,0,0.1509,0.0785,6,0,0.1708,0.0506,6,0,0.9253,0.4971,6,0
2910,80.26853158,1.310060013,0.0966,0.0495,6,0,0.0215,0.0051,6,0,0.0205,0.0055,6,0,0.4801,0.134,6,0
2911,80.27207853,1.468812971,0.087,0.0225,6,0,0.0365,0.011,6,0,0.0493,0.012,6,0,0.5433,0.1687,6,0
2912,80.27926779,-0.540823755,0.0605,0.0086,6,0,0.027,0.0028,6,0,0.0706,0.0067,6,0,0.5955,0.0709,6,0
2913,80.29493514,-1.796560034,0.0212,0.0039,6,0,0.0123,0.0018,6,0,0.0163,0.0018,6,0,0.1892,0.1769,6,0
2914,80.30853037,1.301610024,0.0867,0.0191,6,0,0.0241,0.0049,6,0,0.0291,0.0055,6,0,0.7061,0.2975,6,0
2915,80.31446025,2.40178466,0.0273,0.0032,6,0,0.0129,0.0017,6,0,0.0434,0.0057,6,0,0.3823,0.0512,6,0
2916,80.31645447,0.304290189,1.0858,0.1494,6,0,0.4841,0.0757,6,0,1.4682,0.2451,6,0,15.0901,1.6563,6,0
2917,80.32141238,2.405532101,0.0262,0.006,6,0,0.0133,0.0017,6,0,0.0365,0.0059,6,0,0.1598,0.0499,6,0
2918,80.33508261,-1.189902105,0.0132,0.0016,6,0,0.007,0.0021,6,0,0.0132,0.0035,6,0,0.0802,0.0538,6,0
2919,80.34069972,0.514924297,0.243,0.0921,6,0,0.1348,0.0497,6,0,0.6082,0.2144,6,0,8.313,1.9608,6,0
2920,80.34177737,-1.188871319,0.0231,0.0018,6,0,0.0098,0.001,6,0,0.0197,0.0019,6,0,0.2049,0.0585,6,0
2921,80.34999957,0.726491345,1.9871,0.8781,6,0,1.6528,0.5026,6,0,10.3919,2.3854,6,0,106.9398,31.1541,6,0
2922,80.35201554,0.710582501,1.2473,0.1533,6,0,0.5575,0.0823,6,0,3.1892,0.7758,6,0,77.7579,10.3567,6,0
2923,80.36234245,0.766161238,0.2297,0.0609,6,0,0.1479,0.0348,6,0,0.7449,0.1533,6,0,4.6608,1.4802,6,0
2924,80.39102179,0.81618702,0.1829,0.0443,6,0,0.0549,0.0064,6,0,0.0999,0.0099,6,0,1.9546,0.2174,6,0
2925,80.44002014,1.171463191,0.0515,0.0074,6,0,0.0192,0.0037,6,0,0.0912,0.0096,6,0,0.321,0.0553,6,0
2926,80.45214422,-1.056331289,0.0511,0.0146,6,0,0.0263,0.0107,6,0,0.0386,0.0111,6,0,0.18,0.0687,6,0
2927,80.47997385,-0.983689796,0.0652,0.0231,6,0,0.0294,0.0113,6,0,0.0345,0.0124,6,0,0.7295,0.3411,6,0
2928,80.48508341,-0.227226415,0.048,0.0016,6,0,0.0202,0.0022,6,0,0.0511,0.0031,6,0,1.0175,0.0449,6,0
2929,80.49343327,2.931520187,0.0258,0.0008,6,0,0.0223,0.0039,6,0,0.0603,0.0102,6,0,0.7292,0.1452,6,0
2930,80.5049491,2.922626788,0.0255,0.0049,6,0,0.0143,0.0025,6,0,0.0376,0.0068,6,0,0.3889,0.1046,6,0
2931,80.50909495,1.127351816,0.3446,0.0649,6,0,0.1483,0.0242,6,0,0.349,0.0616,6,0,4.7317,0.6677,6,0
2932,80.52206988,0.714883381,4.2605,1.4212,6,0,1.4642,0.5547,6,0,6.6705,2.0214,6,0,81.4011,20.796,6,0
2933,80.52555763,1.165110714,0.2483,0.0201,6,0,0.1122,0.0135,6,0,0.3839,0.0341,6,0,3.6111,0.26,6,0
2934,80.56928325,1.006646666,0.0615,0.0062,6,0,0.037,0.0081,6,0,0.0726,0.0138,6,0,0.9712,0.2999,6,0
2935,80.60653336,2.214877367,0.0398,0.0078,6,0,0.0217,0.0044,6,0,0.0369,0.0065,6,0,0.2533,0.0637,6,0
2936,80.61007233,1.299656342,0.2589,0.0207,6,0,0.0893,0.0126,6,0,0.1517,0.0155,6,0,4.4931,0.2618,6,0
2937,80.63360041,0.684803303,6.6558,0.2512,6,0,1.8661,0.2376,6,0,21.0871,1.5838,6,0,342.5058,37.6323,6,0
2938,80.63867223,0.677477797,4.1177,0.5583,6,0,1.0205,0.1056,6,0,11.0079,1.1821,6,0,91.5142,9.099,6,0
2939,80.68075478,1.264344026,0.1822,0.0186,6,0,0.0741,0.0067,6,0,0.1633,0.0166,6,0,2.7859,0.2321,6,0
2940,80.69411559,0.698681531,0.2318,0.0322,6,0,0.0291,0.0028,6,0,0.1398,0.0168,6,0,4.2508,0.8154,6,0
2941,80.6949118,0.309556562,0.0399,0.013,6,0,0.0236,0.0082,6,0,0.1073,0.0373,6,0,0.6555,0.2823,6,0
2942,80.69789991,0.693588487,1.6581,0.6758,6,0,0.5782,0.2719,6,0,1.9148,0.4342,6,0,44.2555,15.2446,6,0
2943,80.70859172,-1.360993335,0.0189,0.0027,6,0,0.0107,0.0013,6,0,0.0167,0.0016,6,0,0.1813,0.0471,6,0
2944,80.70863019,-0.237026375,0.0679,0.0127,6,0,0.028,0.0059,6,0,0.0512,0.0134,6,0,0.7404,0.1159,6,0
2945,80.7174645,1.113479773,0.2711,0.0258,6,0,0.1333,0.0226,6,0,0.3749,0.0614,6,0,3.2898,0.4968,6,0
2946,80.71790752,1.749991941,0.0656,0.0119,6,0,0.0384,0.0102,6,0,0.0718,0.0179,6,0,1.0034,0.1291,6,0
2947,80.71791992,-0.95780216,0.0563,0.0129,6,0,0.0351,0.0123,6,0,0.0636,0.0217,6,0,0.6651,0.2214,6,0
2948,80.72321654,-0.116594196,0.0724,0.0111,6,0,0.0301,0.0034,6,0,0.0742,0.0051,6,0,0.8573,0.0896,6,0
2949,80.73282016,2.092321072,0.0272,0.0078,6,0,0.1451,0.0156,6,0,2.1184,0.1707,6,0,1.6412,0.1359,6,0
2950,80.74535689,2.036442052,0.1002,0.0063,6,0,0.0395,0.0085,6,0,0.0963,0.0105,6,0,1.0969,0.1061,6,0
2951,80.76233351,2.324831111,0.0266,0.0013,6,0,0.0148,0.0011,6,0,0.0374,0.0024,6,0,0.2635,0.0359,6,0
2952,80.77242318,1.144329508,0.0313,0.0017,6,0,0.0157,0.0017,6,0,0.0506,0.0023,6,0,0.5136,0.0361,6,0
2953,80.77834121,2.347883394,0.0224,0.0032,6,0,0.0108,0.0014,6,0,0.0138,0.0019,6,0,0.0736,0.0249,6,0
2954,80.8214049,0.578402434,4.6339,0.4018,6,0,1.6156,0.1757,5,0,9.0745,0.565,5,0,63.4328,6.3481,6,0
2955,80.82508441,0.565467009,5.7869,0.9391,6,0,,,,,,,,,200.6779,40.0632,6,0
2956,80.82853572,-0.368629129,0.135,0.0236,6,0,0.0578,0.0113,6,0,0.1068,0.0185,6,0,2.0481,0.409,6,0
2957,80.83447475,2.208471545,0.0299,0.0168,6,0,0.0165,0.0067,6,0,0.0188,0.0075,6,0,0.1966,0.124,6,0
2958,80.8625772,1.198747096,0.7692,0.0093,5,0,0.2556,0.0158,6,0,1.6181,0.0697,6,0,15.9471,0.4839,6,0
2959,80.88759875,0.307452282,0.6798,0.0229,6,0,0.221,0.0148,6,0,0.971,0.0606,6,0,16.9856,1.0021,6,0
2960,80.88812749,-0.052858822,0.1513,0.0297,6,0,0.0616,0.0117,6,0,0.1855,0.0287,6,0,2.8515,0.4013,6,0
2961,80.89277685,1.827998207,0.0434,0.0133,6,0,0.0233,0.0059,6,0,0.0458,0.0094,6,0,0.6359,0.1433,6,0
2962,80.91294055,-0.060310354,0.0601,0.0082,6,0,0.0149,0.0011,6,0,0.0336,0.004,6,0,0.7194,0.1458,6,0
2963,80.92845708,1.215825417,0.141,0.0043,6,0,0.071,0.0069,6,0,0.2652,0.0123,6,0,2.3594,0.1377,6,0
2964,80.93504103,2.110463076,0.0617,0.0168,6,0,0.0368,0.0136,6,0,0.0569,0.0191,6,0,0.6195,0.2514,6,0
2965,80.93918342,-0.127355189,13.1012,8.0941,6,0,,,,,,,,,1760.1465,350.319,6,0
2966,80.96637467,-0.403374206,0.3104,0.0689,6,0,0.145,0.0449,6,0,0.1706,0.0581,6,0,2.9645,0.7616,6,0
2967,80.97794024,-0.585773036,0.2465,0.093,6,0,0.141,0.0628,6,0,0.2149,0.0773,6,0,3.303,1.1479,6,0
2968,80.98786755,-0.016882753,0.7941,0.034,6,0,0.308,0.0381,6,0,0.4488,0.0383,6,0,6.064,0.3039,6,0
2969,81.01093385,2.214097143,0.0457,0.0062,6,0,0.0185,0.0023,6,0,0.0604,0.0063,6,0,1.1662,0.1092,6,0
2970,81.01481886,1.53795407,0.0596,0.0135,6,0,0.0339,0.0068,6,0,0.0664,0.0143,6,0,0.588,0.1319,6,0
2971,81.04821221,0.232403504,0.0432,0.0072,6,0,0.0178,0.0026,6,0,0.0441,0.0048,6,0,0.4538,0.0854,6,0
2972,81.10010564,-0.592466608,0.0885,0.0115,6,0,0.0365,0.004,6,0,0.0705,0.0066,6,0,0.9282,0.0645,6,0
2973,81.10623857,0.209595784,0.1157,0.0368,6,0,0.0682,0.0182,6,0,0.1591,0.0308,6,0,1.8856,0.3277,6,0
2974,81.10780807,2.035226735,0.0077,0.0009,6,0,0.0041,0.0007,6,0,0.0066,0.0006,6,0,0.0826,0.0301,6,0
2975,81.11127462,-0.145692551,3.2516,0.9816,6,0,1.1966,0.3839,6,0,2.3037,1.3246,5,0,50.8872,10.2564,6,0
2976,81.11845703,1.513554984,0.1161,0.0567,6,0,0.081,0.0218,6,0,0.1281,0.0325,6,0,1.1767,0.4125,6,0
2977,81.12236357,-0.13333239,6.6165,0.9268,6,0,2.0205,0.1868,6,0,,,,,300.4284,19.7993,6,0
2978,81.23260458,1.718120966,0.2121,0.0481,6,0,0.07,0.0142,6,0,0.4304,0.0254,6,0,3.8635,0.4897,6,0
2979,81.27041053,0.083226278,0.3418,0.1208,6,0,0.1529,0.0624,6,0,0.2947,0.1117,6,0,5.2933,1.7556,6,0
2980,81.27863146,2.230420133,0.515,0.1754,6,0,0.2178,0.071,6,0,0.3019,0.0733,6,0,7.0932,2.3062,6,0
2981,81.38045046,1.904210654,0.0251,0.0066,6,0,0.0146,0.0051,6,0,0.0203,0.0029,6,0,0.1459,0.0511,6,0
2982,81.42440219,1.006289118,0.7585,0.1287,6,0,0.2695,0.0579,6,0,0.6442,0.098,6,0,22.8898,2.8443,6,0
2983,81.42454784,0.690577777,0.8313,0.053,6,0,0.2787,0.0414,6,0,1.5085,0.1219,6,0,13.4708,1.2391,6,0
2984,81.43259597,0.71320077,1.3403,0.0853,6,0,0.6727,0.0961,6,0,1.845,0.1021,6,0,13.5444,1.4581,6,0
2985,81.44075488,0.475738444,4.2271,1.2544,6,0,1.7234,0.6277,6,0,6.1073,2.8614,6,0,113.9239,33.1018,6,0
2986,81.44212614,0.765954344,3.6621,1.536,6,0,1.1639,0.6066,6,0,2.9765,1.2082,6,0,49.1259,21.4627,6,0
2987,81.44577776,0.762475378,2.8543,1.0743,6,0,1.1218,0.4755,6,0,3.7179,0.754,6,0,53.6097,15.7513,6,0
2988,81.45090338,0.729664641,5.1699,1.3595,6,0,1.7294,0.5308,6,0,10.5604,1.0516,6,0,141.6914,31.2679,6,0
2989,81.45922495,0.703373772,0.8483,0.2902,6,0,0.2855,0.1097,6,0,1.2027,0.0463,6,0,18.7469,1.8383,6,0
2990,81.46356727,0.479041459,0.7033,0.0635,6,0,0.1675,0.0246,6,0,0.3774,0.0623,6,0,4.3571,0.4728,6,0
2991,81.50337889,2.04481164,0.032,0.0132,6,0,0.0201,0.0025,6,0,0.0675,0.0047,6,0,0.5952,0.073,6,0
2992,81.58946215,1.908522979,0.1461,0.0253,5,0,0.0549,0.0081,6,0,0.1045,0.0162,6,0,1.285,0.1911,6,0
2993,81.64110672,0.482325522,3.3298,0.4476,6,0,1.0421,0.1694,6,0,10.0774,0.4019,6,0,95.1749,8.6033,6,0
2994,81.66257395,0.542703442,6.6966,1.1056,6,0,1.6321,0.4876,6,0,11.6454,1.9659,5,0,71.9823,11.3353,6,0
2995,81.6737872,0.544593396,3.7759,0.9828,6,0,0.5512,0.122,5,0,,,,,990.0962,614.7552,6,0
2996,81.71287361,0.559714201,4.4022,0.0849,6,0,1.4311,0.1179,6,0,,,,,483.6441,28.5831,6,0
2997,81.71301226,0.579685208,6.5516,0.5174,6,0,,,,,,,,,149.2118,27.1359,6,0
2998,81.78459001,0.267847745,0.2468,0.0455,6,0,0.1045,0.0255,6,0,0.1777,0.0291,6,0,1.889,0.3614,6,0
2999,81.81647632,0.888968844,2.0884,0.0628,6,0,0.8061,0.0653,6,0,3.7779,0.0604,6,0,40.9718,2.2646,6,0
3000,81.81661896,1.213032096,1.7299,0.0758,5,0,0.6883,0.0585,6,0,1.2843,0.0559,6,0,21.1906,0.9909,6,0
3001,81.83164013,0.861576642,6.5709,0.8896,6,0,2.3369,0.4722,6,0,15.1098,0.9591,6,0,93.2101,15.5845,6,0
3002,81.84876786,0.755451246,1.5304,0.5207,6,0,0.5261,0.2343,6,0,1.5191,0.3755,6,0,22.3238,7.1793,6,0
3003,81.87923741,0.782602459,7.6494,0.9992,6,0,,,,,,,,,383.1804,280.2852,6,0
3004,81.89698464,0.986928086,0.0257,0.0144,6,0,0.02,0.0061,6,0,0.0685,0.0161,6,0,0.8743,0.2056,6,0
3005,81.90164042,0.98416898,0.4055,0.2334,6,0,0.175,0.0907,6,0,0.365,0.17,6,0,4.9292,2.8154,6,0
3006,81.90865841,0.795914512,2.7535,0.2412,6,0,0.8303,0.1758,6,0,3.3278,0.3078,6,0,39.6079,5.8905,6,0
3007,81.98368573,0.802193712,0.1281,0.0141,6,0,0.0787,0.0073,6,0,0.1202,0.0099,6,0,0.6861,0.0531,6,0
3008,82.04322068,1.358933286,0.0313,0.0076,6,0,0.0149,0.0039,6,0,0.032,0.0067,6,0,0.3436,0.0944,6,0
3009,82.09446871,-0.61013218,0.0148,0.0096,6,0,0.0116,0.0043,6,0,0.0958,0.0194,6,0,0.674,0.1427,6,0
3010,82.09484327,-0.385596956,0.0904,0.0166,6,0,0.0633,0.0268,6,0,0.0816,0.0323,6,0,1.7405,0.677,6,0
3011,82.10050451,0.14880787,0.5603,0.1,6,0,0.1844,0.0456,6,0,0.32,0.0579,6,0,12.7121,1.2999,6,0
3012,82.16713113,-0.762459676,0.018,0.0046,6,0,0.0129,0.0031,6,0,0.0181,0.0025,6,0,,,,
3013,82.17291665,0.078616307,5.3577,0.428,6,0,2.0417,0.2359,6,0,16.0409,0.4618,6,0,107.4103,7.5436,6,0
3014,82.20887055,-0.876665509,0.2187,0.0954,6,0,0.0927,0.0346,6,0,0.0851,0.0176,6,0,,,,
3015,82.21107276,-0.903995178,0.0182,0.0042,6,0,0.0101,0.0021,6,0,0.0179,0.0035,6,0,,,,
3016,82.25011842,1.058210268,0.1027,0.0087,6,0,0.0403,0.0047,6,0,0.0784,0.006,6,0,1.0231,0.1006,6,0
3017,82.25449455,0.757645411,0.4865,0.0526,6,0,0.1875,0.0228,6,0,0.2244,0.0291,6,0,2.5447,0.2889,6,0
3018,82.25606047,-0.806452395,0.0093,0.0041,6,0,0.004,0.002,6,0,0.0047,0.0009,6,0,,,,
3019,82.25746057,-0.441653587,0.0653,0.0196,6,0,0.0287,0.006,6,0,0.0368,0.0072,6,0,0.1146,0.0692,6,0
3020,82.25850493,-0.810584348,0.008,0.0027,6,0,0.0062,0.0031,6,0,0.0045,0.0015,6,0,,,,
3021,82.26001309,-0.688081993,0.014,0.0043,6,0,0.0075,0.0019,6,0,0.0144,0.004,6,0,-0.6163,0.7469,3,0
3022,82.28079868,-0.66755542,0.0281,0.0108,6,0,0.0121,0.0057,6,0,0.0173,0.0073,6,0,,,,
3023,82.31802225,0.786006844,0.0469,0.013,6,0,0.0209,0.0053,6,0,0.0384,0.0102,6,0,0.4835,0.1542,6,0
3024,82.3838669,-0.200131542,0.0649,0.0153,6,0,0.03,0.0069,6,0,0.0649,0.013,6,0,0.6584,0.1827,6,0
3025,82.40149824,-0.216225391,0.043,0.0262,6,0,0.0277,0.0198,6,0,0.0556,0.0357,6,0,0.7897,0.4193,6,0
3026,82.40696035,0.30100779,0.2948,0.0686,6,0,0.109,0.0336,6,0,0.1849,0.0476,6,0,3.3623,0.7865,6,0
3027,82.49176228,-0.169386213,0.0442,0.0106,6,0,0.0175,0.0061,6,0,0.0243,0.0079,6,0,0.2111,0.0552,6,0
3028,82.52801097,-0.222147936,0.044,0.0053,6,0,0.0249,0.0031,6,0,0.0612,0.0035,6,0,,,,
3029,82.5658049,0.406550936,9.1036,1.2007,6,0,,,,,,,,,549.2886,30.1635,6,0
3030,82.56781681,0.195061128,0.8427,0.7207,6,0,1.1194,0.2596,6,0,3.0577,1.6752,6,0,20.8548,3.2533,6,0
3031,82.61589651,-0.003665967,0.0853,0.0076,6,0,0.0438,0.0045,6,0,0.0981,0.0076,6,0,,,,
3032,82.67666521,0.161762098,0.0559,0.0071,6,0,0.0274,0.0062,6,0,0.0684,0.0136,6,0,0.8256,0.1439,6,0
3033,82.86182946,0.396975578,0.8293,0.0488,6,0,0.2793,0.0165,6,0,0.4223,0.0322,6,0,6.4213,0.1647,6,0
3034,82.86695262,0.40100412,0.381,0.1485,7,0,0.0934,0.0114,7,0,0.2146,0.0198,7,0,3.1151,0.3435,7,0
3035,101.2360093,2.62790407,0.2279,0.0405,9,0,0.1104,0.0178,10,0,0.2864,0.0678,10,0,2.2044,0.6866,10,0
3036,101.3222692,2.683183062,0.6257,0.107,9,0,0.4669,0.0934,9,0,3.5065,0.6051,9,0,16089.0526,15159.496,9,0
3037,101.3236063,2.530120671,0.7129,0.2997,8,0,0.0541,0.0176,9,0,0.0386,0.0144,9,0,1111.0525,1046.3617,9,0
3038,101.3371391,3.013118811,0.0007,0.0017,9,0,0.0036,0.0014,9,0,0.0009,0.0006,9,0,,,,
3039,101.4137975,2.614584485,0.0044,0.0015,9,0,0.0024,0.0003,9,0,0.0016,0.0006,9,0,33.9111,31.9683,9,0
3040,101.5907499,2.889377377,0.0011,0.001,9,0,0.0015,0.0002,9,0,0.0016,0.0003,9,0,,,,
3041,101.6668515,2.823833363,0.1419,0.023,9,0,0.0619,0.0113,9,0,0.0831,0.0159,9,0,,,,
3042,101.7675514,2.812211999,0.8553,0.1866,9,0,0.4024,0.0822,9,0,2.6501,0.3498,9,0,,,,
3043,101.8520162,2.908235626,0.0753,0.0157,9,0,0.0335,0.0072,9,0,0.0594,0.0112,9,0,,,,
3044,101.9988173,2.429083727,0.0413,0.0062,9,0,0.0165,0.0023,9,0,0.0216,0.0032,9,0,409.9477,386.3145,9,0
3045,102.0802124,1.41492859,0.0204,0.0021,9,0,0.0094,0.0015,9,0,0.0131,0.002,9,0,356.804,336.2307,9,0
3046,102.0877496,3.04307952,0.0032,0.0008,9,0,0.0015,0.0003,9,0,0.0031,0.0003,7,0,,,,
3047,102.1017081,1.344831086,0.0092,0.001,9,0,0.0045,0.0007,9,0,0.0114,0.0008,9,0,128.8076,121.4687,9,0
3048,102.109868,2.330712238,0.0108,0.0022,9,0,0.008,0.0019,9,0,0.008,0.0017,9,0,80.537,75.7271,9,0
3049,102.133241,2.432197128,0.0026,0.0003,9,0,0.0016,0.0003,9,0,0.0017,0.0002,9,0,196.8765,185.6067,9,0
3050,102.1770926,1.246490082,0.0091,0.0029,9,0,0.0077,0.0018,9,0,0.0053,0.0012,9,0,263.1035,248.0601,9,0
3051,102.1841487,1.855871197,0.0128,0.0014,9,0,0.007,0.0008,9,0,0.0058,0.0006,9,0,110.4587,104.1498,9,0
3052,102.3103439,2.127744306,0.1316,0.0036,9,0,0.0608,0.005,9,0,0.0854,0.0041,9,0,1950.1862,1838.0709,9,0
3053,102.3223369,2.936274929,0.0082,0.0015,9,0,0.0083,0.0011,9,0,0.0765,0.0094,9,0,,,,
3054,102.3829837,2.738797654,0.031,0.003,9,0,0.0258,0.0025,9,0,0.0515,0.0016,9,0,470.5722,443.4767,9,0
3055,102.3874552,2.738077745,0.0272,0.0031,9,0,0.0194,0.0034,9,0,0.0446,0.0053,9,0,353.7505,333.4795,9,0
3056,102.4722241,1.723589864,0.0043,0.0005,9,0,0.0053,0.0013,9,0,0.0056,0.001,9,0,17.1487,16.1692,9,0
3057,102.5644593,2.120030163,0.0061,0.0005,9,0,0.0027,0.0005,9,0,0.0034,0.0003,9,0,52.6809,49.6563,9,0
3058,102.5781968,2.866040095,0.0051,0.0004,9,0,0.0031,0.0005,9,0,0.0035,0.0005,9,0,,,,
3059,102.5945602,0.845004811,0.0075,0.0002,9,0,0.0041,0.0006,9,0,0.005,0.0004,9,0,74.8297,70.4315,9,0
3060,102.5946906,0.099492494,0.029,0.0032,9,0,0.0244,0.0032,9,0,0.1356,0.0217,9,0,1333.9896,0.0,1,0
3061,102.5986197,2.067479158,0.08,0.0018,9,0,0.0355,0.0022,9,0,0.0652,0.0041,9,0,1477.9614,1393.0257,9,0
3062,102.6577276,1.626104868,0.0721,0.0012,9,0,0.0542,0.0035,9,0,0.0924,0.0025,9,0,14.6609,13.8151,9,0
3063,102.6710688,1.811485011,0.0107,0.0051,9,0,0.002,0.0008,9,0,0.0023,0.0006,9,0,6.6498,6.2539,9,0
3064,102.6756535,2.894157682,0.0046,0.0002,9,0,0.0025,0.0003,9,0,0.0036,0.0005,9,0,,,,
3065,102.7272664,2.263226933,0.0047,0.0004,9,0,0.0024,0.0004,9,0,0.0026,0.0002,9,0,55.192,52.0237,9,0
3066,102.7349257,0.147503296,0.0244,0.0017,9,0,0.0114,0.0013,9,0,0.0334,0.0021,9,0,4888.0318,0.0,1,0
3067,102.8066935,1.051714339,0.0045,0.0002,9,0,0.0036,0.0007,9,0,0.0032,0.0005,9,0,8.1781,7.666,9,0
3068,102.8132297,0.313783431,0.0061,0.0006,9,0,0.004,0.0005,9,0,0.0038,0.0004,9,0,59.062,55.5855,9,0
3069,102.8224203,1.19073217,0.0388,0.0031,9,0,0.0103,0.001,9,0,0.027,0.0036,9,0,2730.8682,2574.2151,9,0
3070,102.8463384,1.223801967,0.0088,0.0005,9,0,0.0047,0.0008,9,0,0.0086,0.001,9,0,27.9801,26.3659,9,0
3071,102.8841009,0.406180893,0.0505,0.0033,9,0,0.0131,0.0013,9,0,0.0289,0.0016,9,0,986.5654,929.967,9,0
3072,103.1015164,1.961482855,0.0023,0.0004,8,0,0.0021,0.0005,8,0,0.002,0.0005,8,0,108.8239,101.8297,8,0
3073,103.2026033,1.961652498,0.0037,0.0006,7,0,0.0023,0.0006,7,0,0.0024,0.0003,7,0,22.2423,20.5736,7,0
3074,103.223699,0.676087276,0.0646,0.0147,7,0,0.0816,0.012,7,0,0.196,0.015,7,0,6231.9609,5768.5009,7,0
3075,103.2310269,0.908353466,0.0141,0.0016,7,0,0.007,0.0013,7,0,0.0046,0.0009,7,0,-0.6069,0.6002,7,0
3076,103.2318876,2.526018206,0.0026,0.0002,7,0,0.0021,0.0005,7,0,0.0016,0.0004,7,0,44.8132,41.4708,7,0
3077,103.2368032,2.664112393,0.0032,0.0005,7,0,0.0012,0.0003,7,0,0.0017,0.0003,7,0,14.3077,13.1891,7,0
3078,103.2400115,1.970157566,0.0546,0.0055,6,0,0.0206,0.0033,6,0,0.0591,0.005,6,0,1912.3816,1745.2372,6,0
3079,103.3144848,0.22860004,0.0131,0.0022,6,0,0.008,0.0011,6,0,0.0036,0.0008,6,0,41.3775,37.895,6,0
3080,103.3288256,1.787046231,0.0107,0.0053,6,0,0.0022,0.0007,6,0,0.0025,0.001,6,0,110.9761,101.185,6,0
3081,103.3332029,1.786061246,0.0056,0.0004,6,0,0.002,0.0004,6,0,0.0037,0.0003,6,0,22.4014,20.4392,6,0
3082,103.3486188,2.456655814,0.0049,0.0006,6,0,0.0018,0.0004,6,0,0.0023,0.0004,6,0,28.0039,25.5792,6,0
3083,103.4136153,1.216125944,0.0161,0.0025,6,0,0.0091,0.002,6,0,0.0106,0.002,6,0,238.7355,217.7751,6,0
3084,103.4468138,1.150920906,0.0034,0.0003,6,0,0.0022,0.0006,6,0,0.0018,0.0004,6,0,8.4471,7.6174,6,0
3085,103.4571259,3.0702629,0.0091,0.0007,6,0,0.0043,0.0009,6,0,0.0068,0.0012,6,0,,,,
3086,103.4622736,1.444045766,0.2769,0.0905,6,0,0.1241,0.0447,6,0,0.1847,0.0609,6,0,10221.5872,9326.5359,6,0
3087,103.4623553,1.721938566,-0.0008,0.0035,6,0,0.0012,0.0004,6,0,0.0038,0.0005,6,0,4.8155,4.333,6,0
3088,103.4624581,1.905004854,0.0105,0.0016,6,0,0.0061,0.0014,6,0,0.0095,0.0012,6,0,55.4609,50.5205,6,0
3089,103.465749,0.560258708,0.0061,0.0003,6,0,0.0026,0.0005,6,0,0.0042,0.0005,6,0,117.6789,107.3727,6,0
3090,103.4670836,1.546871715,0.0393,0.0117,6,0,0.0173,0.0052,6,0,0.021,0.0064,6,0,205.8876,187.7873,6,0
3091,103.471401,1.54422599,0.0352,0.0103,6,0,0.0158,0.0062,6,0,0.0176,0.0072,6,0,96.0479,87.4969,6,0
3092,103.4787447,1.518745859,0.0307,0.0073,6,0,0.0162,0.0044,6,0,0.019,0.0042,6,0,329.3009,300.5096,6,0
3093,103.4828264,0.531860994,0.0204,0.0023,6,0,0.0083,0.0015,6,0,0.0262,0.0019,6,0,196.2931,179.0143,6,0
3094,103.4834354,2.000915232,1.2693,0.0183,6,0,0.5921,0.0428,6,0,1.6394,0.0569,6,0,32463.6033,29615.8121,6,0
3095,103.4966536,1.585152678,0.0114,0.0019,6,0,0.0058,0.001,6,0,0.0083,0.0013,6,0,22.6321,20.5398,6,0
3096,103.5178924,1.527282008,0.1661,0.0173,6,0,0.071,0.0076,6,0,0.2257,0.0293,6,0,8778.3161,8007.9569,6,0
3097,103.5294751,1.640659522,0.0054,0.0009,6,0,0.0024,0.0007,6,0,0.0024,0.0005,6,0,171.9008,156.8299,6,0
3098,103.6254428,0.750938505,0.0025,0.0018,6,0,0.0025,0.0006,6,0,0.0029,0.0006,6,0,6.2608,5.706,6,0
3099,103.6357287,2.201757076,0.0585,0.0144,6,0,0.0338,0.0108,6,0,0.0577,0.0191,6,0,309.2589,282.3115,6,0
3100,103.6398823,1.088886343,0.8409,0.0754,6,0,0.3658,0.0295,6,0,0.6065,0.0338,6,0,16094.4581,14683.3576,6,0
3101,103.6573603,1.406009911,0.0083,0.0008,6,0,0.0044,0.0005,6,0,0.0087,0.0011,6,0,123.7324,112.8156,6,0
3102,103.6895693,0.436411563,1.2543,0.1048,6,0,0.6258,0.0589,6,0,1.8981,0.1303,6,0,60755.815,55438.2516,6,0
3103,103.7027604,2.507832294,0.0747,0.0099,6,0,0.0345,0.0038,6,0,0.0279,0.0059,6,0,328.0971,299.377,6,0
3104,103.7121445,1.956575875,0.0185,0.0031,6,0,0.012,0.002,6,0,0.0191,0.0027,6,0,318.3755,290.4762,6,0
3105,103.727154,1.805496365,0.0155,0.0024,6,0,0.0098,0.0011,6,0,0.0169,0.0015,6,0,581.2953,530.2368,6,0
3106,103.7485206,2.182582142,35.1916,0.2872,6,0,0.5409,0.0469,6,0,2.8432,0.1403,6,0,14638.9983,13337.1273,6,0
3107,103.7999546,1.39662465,0.0374,0.0027,6,0,0.0348,0.0096,6,0,0.2963,0.0803,6,0,783.7983,714.9595,6,0
3108,103.8009137,1.24491927,0.002,0.0002,6,0,0.0017,0.0006,6,0,0.0023,0.0002,6,0,23.8219,21.7457,6,0
3109,103.8023888,0.407564398,1.7475,0.1453,6,0,1.3868,0.0921,6,0,6.9719,0.1014,6,0,49107.4636,44807.1413,6,0
3110,103.8537316,1.233560337,0.0147,0.0017,6,0,0.0059,0.0011,6,0,0.0056,0.0008,6,0,86.1871,78.6401,6,0
3111,103.8749215,1.859200702,,,,,3.4352,0.4044,6,0,,,,,791332.672,721730.9732,6,0
3112,103.9551092,1.098284088,0.5146,0.0291,6,0,0.2276,0.0236,6,0,0.5451,0.0201,6,0,12651.2446,11542.5011,6,0
3113,103.9988404,2.224787884,0.0159,0.0018,6,0,0.0082,0.0012,6,0,0.0086,0.0011,6,0,154.1958,140.5953,6,0
3114,104.0114486,1.267227668,0.1296,0.0166,6,0,0.0632,0.01,6,0,0.1169,0.0134,6,0,995.6403,908.0132,6,0
3115,104.0548206,0.998112677,0.0563,0.0053,6,0,0.0294,0.0047,6,0,0.0591,0.0066,6,0,626.195,571.1278,6,0
3116,104.1107558,1.70703898,0.0473,0.0059,6,0,0.0116,0.0024,6,0,0.0055,0.0015,6,0,253.2171,231.0281,6,0
3117,104.1326107,2.174415675,0.0046,0.0002,6,0,0.003,0.0007,6,0,0.0038,0.0007,6,0,78.9361,71.9608,6,0
3118,104.1358337,1.277610946,0.1746,0.0228,6,0,0.0774,0.015,6,0,0.0844,0.0141,6,0,944.6877,861.4921,6,0
3119,104.1677034,2.094610637,0.0068,0.0006,6,0,0.0046,0.0008,6,0,0.0062,0.0004,6,0,192.2554,175.2954,6,0
3120,104.1806176,0.177866194,0.0076,0.0028,6,0,0.008,0.0018,6,0,0.0107,0.002,6,0,100.9495,92.2039,6,0
3121,104.2009974,2.604851736,0.0025,0.0001,6,0,0.0019,0.0007,6,0,0.0026,0.0004,6,0,28.312,25.7605,6,0
3122,104.2171126,1.397644482,0.0137,0.0036,6,0,0.0087,0.0025,6,0,0.0077,0.0024,6,0,98.8462,90.1963,6,0
3123,104.2378767,2.617070069,0.0015,0.0004,6,0,0.0011,0.0006,6,0,0.0008,0.0001,6,0,118.7975,108.4515,6,0
3124,104.2482286,2.879835016,0.0391,0.0015,6,0,0.0174,0.0011,6,0,0.0255,0.0019,6,0,,,,
3125,104.2937917,2.894631256,0.1463,0.0035,6,0,0.0573,0.0032,6,0,0.0997,0.004,6,0,,,,
3126,104.2940508,2.647955019,0.0078,0.0007,6,0,0.0036,0.0007,6,0,0.0052,0.0008,6,0,42.7524,38.8727,6,0
3127,104.2988968,2.893962117,0.0433,0.0242,6,0,0.0119,0.0099,6,0,0.0203,0.0169,6,0,,,,
3128,104.3444972,3.098060901,0.0077,0.0012,6,0,0.0039,0.0003,6,0,0.005,0.0006,6,0,,,,
3129,104.3468878,1.961534016,0.0062,0.0006,6,0,0.0028,0.0005,6,0,0.0038,0.0005,6,0,88.9331,81.1077,6,0
3130,104.3477688,2.825098389,3.4709,0.0377,6,0,0.2547,0.0211,6,0,0.5728,0.0352,6,0,,,,
3131,104.3487524,2.803877977,0.0953,0.0047,6,0,0.0501,0.0041,6,0,0.0812,0.0032,6,0,,,,
3132,104.350886,1.947844713,0.0037,0.0003,6,0,0.0021,0.0006,6,0,0.0029,0.0006,6,0,69.6582,63.5476,6,0
3133,104.3517567,0.403678664,0.9134,0.1191,6,0,0.2782,0.0396,6,0,0.59,0.0687,6,0,15838.0175,14442.6462,6,0
3134,104.354869,1.294040328,0.0252,0.0057,6,0,0.0147,0.0031,6,0,0.0256,0.0051,6,0,261.4525,238.5509,6,0
3135,104.3559533,0.413700778,0.5834,0.0673,6,0,0.1697,0.0142,6,0,0.3153,0.064,6,0,24780.4842,22607.9918,6,0
3136,104.3632666,0.250274574,0.0145,0.0031,6,0,0.0073,0.0017,6,0,0.0095,0.0017,6,0,131.6348,119.9805,6,0
3137,104.373248,0.1730874,0.0137,0.0024,6,0,0.0101,0.002,6,0,0.0161,0.0037,6,0,358.4835,327.233,6,0
3138,104.3940232,2.880342304,0.1436,0.0109,6,0,0.059,0.0059,6,0,0.075,0.007,6,0,,,,
3139,104.4048885,0.36528023,0.025,0.0015,6,0,0.0162,0.0017,6,0,0.1215,0.0079,6,0,1122.1569,1023.2756,6,0
3140,104.4074658,3.005822392,0.0137,0.0022,6,0,0.0072,0.0009,6,0,0.0054,0.0008,6,0,,,,
3141,104.4237875,1.180232298,0.2038,0.0481,6,0,0.0937,0.0231,6,0,0.2085,0.037,6,0,2197.6587,2004.04,6,0
3142,104.4380762,1.031672614,0.0214,0.006,6,0,0.0124,0.0034,6,0,0.0197,0.0047,6,0,149.5841,136.5277,6,0
3143,104.4388887,2.388917881,0.0014,0.0001,6,0,0.0017,0.0004,6,0,0.0019,0.0004,6,0,45.6304,41.631,6,0
3144,104.4391289,1.17891845,0.0679,0.0074,6,0,0.0278,0.0026,6,0,0.0536,0.0056,6,0,402.6097,367.0867,6,0
3145,104.4690812,1.823237206,0.005,0.0007,6,0,0.0032,0.0006,6,0,0.0044,0.0008,6,0,54.9955,50.157,6,0
3146,104.5363701,0.277347483,0.0151,0.0019,6,0,0.0068,0.001,6,0,0.0425,0.0029,6,0,396.8211,361.8169,6,0
3147,104.5771554,2.633139359,0.0123,0.0024,6,0,0.0062,0.0011,6,0,0.0071,0.0012,6,0,-2.5667,2.6164,6,0
3148,104.6525128,2.347395619,0.0487,0.0107,6,0,0.0366,0.0158,6,0,0.0302,0.0135,6,0,401.3899,365.8478,6,0
3149,104.6697117,1.24160193,0.1582,0.018,6,0,0.1066,0.0136,6,0,0.2963,0.0179,6,0,1817.345,1657.5201,6,0
3150,104.7019475,2.874342832,0.163,0.0433,6,0,0.0817,0.0164,6,0,0.1822,0.0285,6,0,,,,
3151,104.7113677,0.06937314,0.0329,0.0131,6,0,0.018,0.0056,6,0,0.0311,0.0098,6,0,5596.4413,0.0,1,0
3152,104.7116937,2.788068605,3.3799,2.3883,6,0,0.1477,0.0199,6,0,0.6309,0.06,6,0,15.4863,1.3552,5,0
3153,104.7250031,1.95827398,0.0208,0.0091,6,0,0.0043,0.0004,6,0,0.0085,0.0007,6,0,173.4804,158.1675,6,0
3154,104.7250923,0.442453166,16.1655,2.9072,6,0,0.5898,0.0928,6,0,2.9801,0.3349,6,0,113086.3825,103191.8416,6,0
3155,104.7286845,2.80091302,5.2352,0.105,6,0,0.6224,0.0513,6,0,1.6031,0.0593,6,0,19.5886,0.9545,5,0
3156,104.7437623,0.545710413,0.425,0.0345,6,0,0.2046,0.0165,6,0,0.6494,0.0262,6,0,8130.4779,7416.0073,6,0
3157,104.7874143,3.104748048,0.0196,0.0027,6,0,0.011,0.0019,6,0,0.0153,0.0022,6,0,,,,
3158,104.8597529,0.868749256,0.0025,0.0003,6,0,0.0023,0.0005,6,0,0.003,0.0008,6,0,135.7402,123.818,6,0
3159,104.8786299,0.277409112,0.0776,0.0013,6,0,0.0735,0.006,6,0,0.2119,0.0073,6,0,624.6846,569.8283,6,0
3160,104.9660681,0.438308822,0.0046,0.0004,6,0,0.0023,0.0004,6,0,0.0037,0.0007,6,0,173.0637,157.8982,6,0
3161,104.9788632,0.443139402,0.0033,0.001,6,0,0.0017,0.0008,6,0,0.0014,0.0003,6,0,14.8749,13.5926,6,0
3162,105.0222635,0.253182958,0.0017,0.0004,6,0,0.0006,0.0003,6,0,0.0013,0.0007,6,0,1.1219,1.0145,6,0
3163,105.0382474,1.257379116,0.0126,0.0013,6,0,0.0106,0.001,6,0,0.0433,0.0025,6,0,111.5401,101.7128,6,0
3164,105.1198733,1.22745564,0.0027,0.0005,6,0,0.0016,0.0004,6,0,0.0022,0.0005,6,0,9.7692,8.9359,6,0
3165,105.1664788,2.923232753,0.0877,0.0147,6,0,0.0447,0.0096,6,0,0.0646,0.0094,6,0,,,,
3166,105.1739191,2.792221681,0.009,0.001,6,0,0.0047,0.0012,6,0,0.007,0.0012,6,0,,,,
3167,105.2195172,0.318699137,0.0968,0.0048,6,0,0.0529,0.0063,6,0,0.0684,0.007,6,0,1966.4683,1794.6558,6,0
3168,105.2382158,2.667081642,0.008,0.0003,6,0,0.004,0.0005,6,0,0.0047,0.0003,6,0,47.2541,43.06,6,0
3169,105.2964793,0.164852433,0.1348,0.0051,6,0,0.0515,0.0031,6,0,0.1018,0.0056,6,0,3431.1982,3131.1352,6,0
3170,105.358239,0.933612418,0.1013,0.0083,6,0,0.0904,0.0075,6,0,0.6727,0.0952,6,0,210.1253,191.3307,6,0
3171,105.3644019,0.281606358,0.0122,0.0005,6,0,0.0056,0.0007,6,0,0.0083,0.0007,6,0,145.369,132.4723,6,0
3172,105.3761282,0.786777058,0.0093,0.0005,6,0,0.005,0.0006,6,0,0.0061,0.0006,6,0,22.032,20.0039,6,0
3173,105.377344,2.699294075,0.005,0.0004,6,0,0.0027,0.0004,6,0,0.0051,0.0007,6,0,58.9494,53.7169,6,0
3174,105.3814733,1.768526184,0.0046,0.0003,6,0,0.0022,0.0004,6,0,0.0041,0.0005,6,0,46.0438,41.9968,6,0
3175,105.3907983,2.857721792,0.018,0.0033,6,0,0.0118,0.0022,6,0,0.0157,0.0026,6,0,,,,
3176,105.4369399,0.813310391,0.0028,0.0002,6,0,0.0019,0.0004,6,0,0.0044,0.0003,6,0,8.2742,7.4627,6,0
3177,105.5029934,0.624339899,0.0855,0.0029,6,0,0.0383,0.0037,6,0,0.0504,0.0029,6,0,1122.5826,1024.3639,6,0
3178,105.5086115,0.228626683,2.3384,0.1538,7,0,0.8403,0.1014,7,0,10.6572,0.2617,7,0,101342.2386,93633.8698,7,0
3179,105.5639728,0.069044019,0.0003,0.0047,7,0,0.0024,0.001,7,0,0.0083,0.0017,7,0,463.9484,0.0,1,0
3180,105.5690636,0.070817338,0.0385,0.0211,7,0,0.0046,0.0023,7,0,0.0071,0.0025,7,0,172.518,0.0,1,0
3181,105.57618,0.300849951,0.1454,0.0173,7,0,0.1272,0.0194,7,0,1.2738,0.1376,7,0,2046.2092,1893.2037,7,0
3182,105.6034188,2.266612325,0.0029,0.0001,5,0,0.0022,0.0004,5,0,0.0024,0.0005,5,0,0.049,0.0382,4,0
3183,105.6044202,0.838668717,0.0061,0.0003,5,0,0.0028,0.0007,5,0,0.0033,0.0006,5,0,,,,
3184,105.6273644,0.340139077,0.0059,0.0,1,0,0.0023,0.0,1,0,0.0027,0.0,1,0,339217.6765,313499.15,7,0
3185,105.6691222,1.656209656,0.1115,0.0044,6,0,0.0506,0.0066,6,0,0.0806,0.0074,6,0,2548.6064,2325.6723,6,0
3186,105.70607,0.021956026,0.0304,0.0007,6,0,0.016,0.0016,6,0,0.0304,0.0023,3,0,2677.4257,0.0,1,0
3187,105.7175967,1.760702201,0.2182,0.0152,6,0,0.0891,0.0122,6,0,0.1812,0.019,6,0,4114.1815,3754.1476,6,0
3188,105.730696,1.762606213,0.0146,0.0009,6,0,0.0043,0.0004,6,0,0.0075,0.001,6,0,64.0801,58.4585,6,0
3189,105.7438854,1.806951144,0.1027,0.0151,6,0,0.0603,0.0116,6,0,0.1775,0.0167,6,0,7133.518,6509.6624,6,0
3190,105.7458482,1.811617443,0.0135,0.0017,6,0,0.0027,0.0004,6,0,0.0102,0.0062,6,0,823.9912,752.1453,6,0
3191,105.7566186,0.332563921,0.5263,0.0218,6,0,0.2093,0.0148,6,0,0.2982,0.0151,6,0,8142.4706,7429.6792,6,0
3192,105.8067655,1.640672767,0.0026,0.0001,6,0,0.0012,0.0002,6,0,0.0037,0.0004,6,0,36.2626,33.0473,6,0
3193,105.8276028,2.91042787,0.0077,0.0004,6,0,0.0036,0.0004,6,0,0.0041,0.0005,6,0,,,,
3194,105.8357053,0.327141285,0.3895,0.0155,6,0,0.1568,0.0143,6,0,0.2996,0.0193,6,0,9234.0282,8425.6232,6,0
3195,105.8511529,0.139538249,11.925,0.432,6,0,1.88,0.1867,6,0,18.3492,0.3925,6,0,425327.6418,0.0,1,0
3196,105.8893358,0.055872398,0.4145,0.0064,6,0,0.1775,0.0118,6,0,1.1454,0.0165,6,0,,,,
3197,105.9541437,0.486721737,0.0933,0.0051,6,0,0.0435,0.0025,6,0,0.051,0.0038,6,0,506.0627,461.7347,6,0
3198,105.9636347,0.419854524,1.5622,0.2598,6,0,0.6261,0.1287,6,0,1.4096,0.1319,6,0,43982.6359,40129.6392,6,0
3199,105.9724946,0.740540101,0.0058,0.0004,6,0,0.0026,0.0005,6,0,0.0032,0.0006,6,0,5.3024,4.8113,6,0
3200,105.9772868,0.468244307,0.0583,0.0067,6,0,0.0219,0.0048,6,0,0.0225,0.0032,6,0,416.8226,380.205,6,0
3201,106.0497774,2.3840327,0.0045,0.001,6,0,0.0038,0.0005,6,0,0.0101,0.0007,6,0,51.8931,47.3755,6,0
3202,106.0647524,2.906394629,0.0057,0.0004,6,0,0.002,0.0002,6,0,0.0033,0.0002,6,0,,,,
3203,106.0726574,0.364988091,0.4262,0.0154,6,0,0.1749,0.0127,6,0,0.4788,0.007,6,0,13976.823,12755.1385,6,0
3204,106.1080315,0.928998778,0.0076,0.0005,6,0,0.0039,0.0003,6,0,0.0039,0.0003,6,0,31.2635,28.5415,6,0
3205,106.1356516,0.098537774,0.0859,0.0222,6,0,0.0375,0.0115,6,0,0.0341,0.0107,6,0,3726.1532,0.0,1,0
3206,106.1418608,0.130722687,0.5583,0.0716,6,0,0.1922,0.031,6,0,,,,,51844.2283,46352.0688,5,0
3207,106.1485751,2.658701825,0.0057,0.0004,6,0,0.0028,0.0003,6,0,0.0042,0.0005,6,0,50.1939,45.8024,6,0
3208,106.2578934,0.94079685,0.3035,0.0744,6,0,0.1181,0.0295,6,0,0.1822,0.0369,6,0,8024.2255,7320.2768,6,0
3209,106.3173709,0.056338559,0.3529,0.0393,6,0,0.148,0.0239,6,0,0.6124,0.0514,6,0,,,,
3210,106.3322694,0.031265639,0.0941,0.0147,6,0,0.0413,0.0123,6,0,0.0698,0.0197,6,0,,,,
3211,106.4634511,0.596838604,0.0106,0.0019,6,0,0.0068,0.0019,6,0,0.004,0.0013,6,0,104.1677,95.088,6,0
3212,106.4898396,0.92527878,0.0804,0.0151,6,0,0.0215,0.0071,6,0,0.0794,0.0349,6,0,3180.8443,2902.6205,6,0
3213,106.498905,0.925632176,2.1976,0.262,6,0,0.7892,0.1249,6,0,3.5769,0.1775,6,0,58833.8564,53650.1411,6,0
3214,106.5485264,0.461234296,0.0051,0.0007,6,0,0.0028,0.0006,6,0,0.0036,0.0004,6,0,28.5482,26.0063,6,0
3215,106.5836739,1.553970919,0.0047,0.0002,6,0,0.0021,0.0003,6,0,0.0029,0.0004,6,0,8.1302,7.3788,6,0
3216,106.5901185,0.716592032,0.0278,0.0024,6,0,0.0141,0.001,6,0,0.0155,0.0017,6,0,275.3063,251.2675,6,0
3217,106.6749789,1.896240833,0.014,0.0009,6,0,0.0033,0.0003,6,0,0.0092,0.0011,6,0,123.6228,112.7989,6,0
3218,106.6831423,1.891794419,0.0807,0.0042,6,0,0.0361,0.0036,6,0,0.0648,0.0057,6,0,1425.2164,1300.4233,6,0
3219,106.7257117,1.269750611,0.0049,0.0002,6,0,0.0027,0.0004,6,0,0.0034,0.0007,6,0,93.8426,85.6528,6,0
3220,106.7272008,1.472310677,0.0181,0.0042,6,0,0.0181,0.0067,6,0,0.1099,0.0421,6,0,265.9187,242.2145,6,0
3221,106.7414418,1.32511467,0.0408,0.0044,6,0,0.0214,0.0017,6,0,0.0229,0.0021,6,0,188.1301,171.7823,6,0
3222,106.89412,0.892915051,0.0112,0.0009,6,0,0.0042,0.0004,6,0,0.0134,0.0009,6,0,23.5339,21.4301,6,0
3223,106.9123031,1.10630792,0.0034,0.0002,6,0,0.0017,0.0004,6,0,0.0018,0.0002,6,0,13.9499,12.7029,6,0
3224,106.9145658,0.629296352,0.0164,0.0023,6,0,0.0091,0.0011,6,0,0.0102,0.0016,6,0,12.0643,10.9354,6,0
3225,106.9177054,0.613356115,0.1798,0.0376,6,0,0.0821,0.0188,6,0,0.0878,0.0235,6,0,2215.8093,2021.7545,6,0
3226,106.9337927,1.099659807,0.0015,0.0004,6,0,0.0011,0.0004,6,0,0.0017,0.0004,6,0,-2.7625,2.55,6,0
3227,106.996756,1.136382503,0.0087,0.0004,6,0,0.0046,0.0007,6,0,0.0069,0.0006,6,0,27.2924,24.8279,6,0
3228,107.0905742,2.185786244,0.0393,0.0018,6,0,0.0192,0.0016,6,0,0.0307,0.0015,6,0,1308.9204,1194.4881,6,0
3229,107.1851327,2.007800554,0.005,0.0002,6,0,0.0029,0.0006,6,0,0.0031,0.0004,6,0,58.3023,53.2038,6,0
3230,107.2172339,2.88221738,0.0064,0.0003,6,0,0.0033,0.0008,6,0,0.0044,0.0006,6,0,,,,
3231,107.2500887,-0.012003556,0.0488,0.0093,6,0,0.0188,0.004,6,0,0.0539,0.004,6,0,1749.8566,1428.8479,3,0
3232,107.2518322,2.932516422,0.0068,0.0006,6,0,0.0043,0.0007,6,0,0.005,0.0003,6,0,,,,
3233,107.4394503,2.299420896,0.0051,0.0003,6,0,0.0031,0.0007,6,0,0.0032,0.0004,6,0,21.3757,19.4829,6,0
3234,107.455248,1.917485355,0.005,0.0003,6,0,0.0024,0.0006,6,0,0.0055,0.0008,6,0,2.2685,2.0125,6,0
3235,107.4773073,0.935150726,0.0049,0.0006,6,0,0.0027,0.0006,6,0,0.0053,0.0006,6,0,92.0016,83.9083,6,0
3236,107.4936633,1.17741754,0.0094,0.0007,6,0,0.0042,0.0008,6,0,0.0059,0.0007,6,0,35.2944,32.2232,6,0
3237,107.4981514,2.430375363,0.0057,0.0003,6,0,0.0022,0.0003,6,0,0.0036,0.0005,6,0,73.5366,67.102,6,0
3238,107.5296915,1.817498652,0.0022,0.0003,6,0,0.0012,0.0003,6,0,0.0013,0.0003,6,0,3.2382,2.904,6,0
3239,107.5431508,1.816675245,0.012,0.0007,6,0,0.0057,0.0007,6,0,0.0079,0.0008,6,0,39.649,36.0827,6,0
3240,107.5538951,2.871294527,0.0545,0.0032,6,0,0.0213,0.0025,6,0,0.0189,0.0033,6,0,,,,
3241,107.633068,2.10843926,0.0039,0.0004,6,0,0.0023,0.0007,6,0,0.0024,0.0005,6,0,79.833,72.8642,6,0
3242,107.6529615,0.69210505,0.0088,0.0018,6,0,0.0037,0.0013,6,0,0.0075,0.0011,6,0,77.9102,71.0072,6,0
3243,107.6635751,1.472917709,0.0158,0.0033,6,0,0.0171,0.0031,6,0,0.02,0.0043,6,0,423.1775,385.8424,6,0
3244,107.6816754,1.194181679,0.071,0.0074,6,0,0.0307,0.0037,6,0,0.043,0.005,6,0,653.5343,596.3335,6,0
3245,107.6864549,0.772538914,0.1364,0.0494,6,0,0.037,0.0209,6,0,0.0412,0.0203,6,0,846.0151,771.6915,6,0
3246,107.6887181,0.235961597,1.0767,0.2055,6,0,0.4624,0.1001,6,0,0.5993,0.1244,6,0,2559.315,2325.0324,6,0
3247,107.6941039,0.23023964,0.001,0.0063,6,0,-0.0001,0.0009,6,0,0.0148,0.0078,6,0,-1191.8585,1088.1168,6,0
3248,107.6979154,2.124429817,0.0034,0.0002,6,0,0.0028,0.0006,6,0,0.0022,0.0005,6,0,17.8866,16.267,6,0
3249,107.8424483,2.315748838,0.5562,0.0268,6,0,2.8348,0.141,6,0,26.3145,0.5673,6,0,43030.857,39266.9809,6,0
3250,107.8476878,1.406507013,0.0078,0.0003,6,0,0.003,0.0004,6,0,0.0056,0.0005,6,0,97.8841,89.271,6,0
3251,107.8614645,0.454371497,0.0323,0.0013,6,0,0.0103,0.0011,6,0,0.0039,0.0005,6,0,56.6241,51.5678,6,0
3252,107.8725035,1.150617275,0.1041,0.0417,6,0,0.0583,0.0214,6,0,0.0385,0.0146,6,0,640.4648,584.4104,6,0
3253,107.8743012,1.294681952,0.0148,0.0012,6,0,0.0067,0.0008,6,0,0.0111,0.0011,6,0,110.7825,100.9604,6,0
3254,107.8747105,0.658994924,0.0056,0.0006,6,0,0.0021,0.0003,6,0,0.0018,0.0002,6,0,123.919,113.0936,6,0
3255,107.894683,1.997436309,0.0135,0.0005,6,0,0.0062,0.0007,6,0,0.0088,0.0009,6,0,154.0689,140.5476,6,0
3256,108.0005866,1.197213507,0.0044,0.0004,6,0,0.0022,0.0006,6,0,0.0032,0.0004,6,0,9.827,8.9863,6,0
3257,108.0208752,1.523302261,0.0048,0.0004,6,0,0.0025,0.0005,6,0,0.0025,0.0005,6,0,41.2898,37.6417,6,0
3258,108.1179848,2.673864341,0.0465,0.0111,6,0,0.0329,0.0095,6,0,0.0342,0.0095,6,0,-1092.2221,0.0,1,0
3259,108.1558537,1.019140016,0.0036,0.0002,6,0,0.0017,0.0003,6,0,0.0031,0.0004,6,0,20.6366,18.83,6,0
3260,108.170437,2.051201201,0.0122,0.0045,6,0,0.0098,0.0026,6,0,0.0117,0.0028,6,0,144.7362,131.9839,6,0
3261,108.1706497,0.134428838,4.9049,0.0512,6,0,0.7504,0.0545,6,0,1.8898,0.0657,6,0,24212.2268,22082.0474,6,0
3262,108.1812111,0.610904252,0.4581,0.1358,6,0,0.1932,0.063,6,0,0.264,0.0822,6,0,5362.994,4891.3139,6,0
3263,108.1971359,0.580061661,-9.1917,13.5037,6,0,,,,,,,,,272952.678,248757.0456,6,0
3264,108.2130177,0.141285561,0.4308,0.0488,6,0,0.1596,0.0158,6,0,0.1734,0.022,6,0,3650.5623,3330.4237,6,0
3265,108.2170546,0.53053408,0.03,0.0032,6,0,0.0103,0.0011,6,0,0.0606,0.0029,6,0,1161.4364,1059.938,6,0
3266,108.3684118,0.63029057,0.0438,0.0032,6,0,0.0258,0.0031,6,0,0.056,0.005,6,0,624.8001,570.0242,6,0
3267,108.4746394,2.07635521,0.0126,0.004,6,0,0.0052,0.0022,6,0,0.0056,0.0033,6,0,151.2692,138.0982,6,0
3268,108.4845939,0.846376109,0.0761,0.0047,6,0,0.0404,0.006,6,0,0.1427,0.0178,6,0,175.4839,160.0274,6,0
3269,108.5309687,2.736673894,0.0068,0.001,6,0,0.0044,0.0007,6,0,0.0082,0.0009,6,0,,,,
3270,108.5711119,0.689794094,0.0351,0.0039,6,0,0.0151,0.0016,6,0,0.0503,0.0051,6,0,785.1165,716.2748,6,0
3271,108.5802573,0.691640493,0.0189,0.004,6,0,0.0097,0.0029,6,0,0.0145,0.0047,6,0,81.7808,74.464,6,0
3272,108.5934645,2.899642965,0.02,0.0047,6,0,0.0126,0.0037,6,0,0.0191,0.0047,6,0,,,,
3273,108.595972,0.495231238,5.4521,0.4802,6,0,2.7976,0.1115,6,0,20.3343,0.2036,6,0,235568.6535,214897.6115,6,0
3274,108.6895594,2.158510027,0.0195,0.0048,6,0,0.0047,0.0018,6,0,0.0045,0.0009,6,0,42.9481,39.1564,6,0
3275,108.691024,0.274539199,0.0437,0.0076,6,0,0.0194,0.0047,6,0,0.0343,0.0068,6,0,900.1482,821.2967,6,0
3276,108.7190093,2.31433118,0.005,0.001,6,0,0.004,0.0011,6,0,0.0063,0.0013,6,0,65.3234,59.5073,6,0
3277,108.7368573,2.0436833,0.241,0.0263,6,0,0.1167,0.014,6,0,0.2043,0.013,6,0,10010.1519,9134.4316,6,0
3278,108.7448255,2.044233325,0.0587,0.048,6,0,0.0251,0.0193,6,0,0.0446,0.0328,6,0,-349.9684,320.3435,6,0
3279,108.7624437,0.46077841,0.1441,0.0171,6,0,0.0437,0.0065,6,0,0.0556,0.0073,6,0,1653.8046,1508.8617,6,0
3280,108.780052,1.775684183,0.0295,0.0092,6,0,0.0206,0.0048,6,0,0.0358,0.0078,6,0,916.8189,836.7115,6,0
3281,108.7815977,0.252440779,3.3564,0.1923,6,0,1.6565,0.139,6,0,8.3467,0.3381,6,0,62077.8623,56629.1463,6,0
3282,108.7940372,0.206962572,0.0378,0.0103,6,0,0.0207,0.0072,6,0,0.0326,0.0099,6,0,204.5561,186.4885,6,0
3283,108.8594585,2.486729084,0.0241,0.0069,6,0,0.0181,0.0054,6,0,0.0246,0.0062,6,0,318.9957,286.2088,5,0
3284,108.9535403,0.007501433,0.0248,0.0073,6,0,0.0231,0.0085,6,0,0.0324,0.0098,6,0,862.4078,0.0,1,0
3285,108.9902574,1.513009768,0.067,0.0187,6,0,0.0317,0.0097,6,0,0.0581,0.0152,6,0,628.5841,573.6278,6,0
3286,109.0147166,0.581553475,0.01,0.0009,6,0,0.0058,0.0011,6,0,0.0083,0.0011,6,0,266.2102,242.8676,6,0
3287,109.1168095,0.675243335,-0.0391,0.0438,6,0,0.0158,0.0027,6,0,0.2117,0.0278,6,0,506.4173,462.0993,6,0
3288,109.1562393,0.599811281,0.0263,0.0008,6,0,0.0107,0.001,6,0,0.0149,0.0007,6,0,300.7302,274.1495,6,0
3289,109.1819433,0.287578309,0.0056,0.0016,6,0,0.0027,0.0011,6,0,0.0038,0.0013,6,0,28.3336,25.8348,6,0
3290,109.3514038,1.249014101,0.0294,0.0086,6,0,0.0221,0.0084,6,0,0.0293,0.0087,6,0,532.2458,485.3461,6,0
3291,109.3552751,0.448305795,0.0049,0.0003,6,0,0.0025,0.0004,6,0,0.0033,0.0003,6,0,30.3807,27.6728,6,0
3292,109.4712375,0.638671147,0.0079,0.0004,6,0,0.0038,0.0006,6,0,0.0052,0.0004,6,0,283.0986,258.3875,6,0
3293,109.690154,0.105693936,0.0149,0.0036,6,0,0.012,0.003,6,0,0.015,0.0028,6,0,186.8499,170.5242,6,0
3294,109.811632,0.583659179,0.0058,0.0002,6,0,0.0028,0.0004,6,0,0.0033,0.0002,6,0,79.759,72.8076,6,0
3295,109.9765512,0.171185491,0.0224,0.0061,6,0,0.0207,0.0059,6,0,0.0257,0.0063,6,0,326.9051,297.8655,6,0
3296,110.0142871,0.260514916,2.2115,0.3057,6,0,0.7176,0.126,6,0,0.8046,0.1245,6,0,30180.2705,27530.5815,6,0
3297,294.9744213,0.117886448,0.1892,0.0189,5,0,0.0991,0.0106,5,0,0.2529,0.0208,3,0,4.235,0.0986,5,0
3298,294.9839287,-0.53578572,0.6162,0.1192,5,0,0.3218,0.0445,5,0,1.8594,0.2832,5,0,33.0417,3.8861,5,0
3299,295.108368,-0.712751693,0.4157,0.0298,5,0,0.2142,0.0084,5,0,3.8476,0.0814,5,0,29.1922,0.8219,5,0
3300,295.1164614,-0.720454521,0.9083,0.1005,5,0,0.4921,0.0509,5,0,3.9041,0.1468,5,0,56.3377,3.1732,5,0
3301,295.1238324,-0.6738282,0.319,0.0071,5,0,0.1055,0.0075,5,0,0.6178,0.0135,5,0,14.9466,0.8488,5,0
3302,295.167568,-0.579030607,0.8702,0.1204,5,0,0.4696,0.0615,5,0,5.7672,0.3914,5,0,61.6649,3.1856,5,0
3303,295.175774,-0.573739143,3.3807,0.2476,5,0,1.4623,0.0818,5,0,13.3465,0.706,5,0,168.1916,6.5917,5,0
3304,295.1761567,0.126643571,0.5371,0.0573,5,0,0.2046,0.0288,5,0,0.2248,0.0364,5,0,5.1349,0.1334,5,0
3305,295.208746,-0.742875648,1.4559,0.1294,5,0,0.9784,0.0963,5,0,10.3359,0.2941,5,0,75.2597,2.045,5,0
3306,295.3452589,-0.797326607,1.6771,0.1768,5,0,0.4019,0.0949,5,0,0.8029,0.1273,5,0,46.1919,6.6554,5,0
3307,295.3718295,-0.719945746,0.1132,0.008,5,0,0.0547,0.0051,5,0,0.0965,0.0099,5,0,1.3728,0.1319,5,0
3308,295.4239718,0.043273606,0.0162,0.0017,5,0,0.006,0.0005,5,0,0.0306,0.0021,5,0,0.2387,0.0379,5,0
3309,295.5298798,-0.692774624,0.0862,0.0047,5,0,0.0344,0.0053,5,0,0.0379,0.0024,5,0,0.8132,0.0784,5,0
3310,295.5820104,-0.333153037,0.0236,0.0041,5,0,0.0128,0.002,5,0,0.0185,0.002,5,0,0.2219,0.0779,5,0
3311,295.5916456,-0.342143215,0.1202,0.0183,5,0,0.0527,0.0116,5,0,0.0714,0.0127,5,0,0.6148,0.0834,5,0
3312,295.6699831,-0.937785239,0.6762,0.0839,5,0,0.257,0.0183,5,0,0.2595,0.0259,5,0,6.8045,0.3211,5,0
3313,295.726553,-0.297202298,0.1404,0.0252,5,0,0.0431,0.0071,5,0,0.0533,0.0106,5,0,2.3499,0.0736,5,0
3314,295.7489377,-0.207555006,4.5556,0.3875,5,0,2.197,0.2096,5,0,9.6149,0.507,5,0,121.8529,10.7658,5,0
3315,295.8458827,-0.21144351,0.1275,0.0119,5,0,0.0413,0.0047,5,0,0.0728,0.0055,5,0,3.6452,0.2581,5,0
3316,295.8505214,-0.118606919,1.3106,0.0449,5,0,0.4279,0.036,5,0,1.1937,0.052,5,0,25.9466,1.2414,5,0
3317,295.917406,-0.185650816,0.1116,0.0132,5,0,0.0457,0.0032,5,0,0.0949,0.0035,5,0,1.6669,0.1105,5,0
3318,296.0004809,-0.941249342,0.3159,0.0027,5,0,0.1158,0.0059,5,0,0.5036,0.0087,5,0,5.5125,0.1552,5,0
3319,296.1288866,-0.826558053,0.0521,0.0089,5,0,0.0215,0.0033,5,0,0.042,0.0039,5,0,0.4619,0.0225,5,0
3320,296.2051131,-0.11063259,0.0121,0.0015,5,0,0.0021,0.0008,5,0,0.0031,0.0016,5,0,0.0679,0.0208,5,0
3321,296.2466713,-0.868187065,0.0604,0.0293,5,0,0.0302,0.0093,5,0,0.1797,0.0198,5,0,1.6081,0.1623,5,0
3322,296.2667061,-0.660758568,0.4068,0.0489,5,0,0.1313,0.013,5,0,0.4346,0.0681,5,0,18.0951,0.7026,5,0
3323,296.2731408,-0.386692075,0.9975,0.0602,5,0,0.2817,0.0454,5,0,2.966,0.1572,5,0,36.4901,1.4301,5,0
3324,296.3105279,-0.894780167,0.1358,0.0223,5,0,0.064,0.0122,5,0,0.0736,0.0187,3,0,1.1631,0.0708,5,0
3325,296.319141,-0.72051211,0.0836,0.0122,5,0,0.0445,0.0052,5,0,0.0557,0.0079,5,0,0.9324,0.0913,5,0
3326,296.3212563,-0.548567397,0.1613,0.0377,5,0,0.0618,0.0099,5,0,0.2327,0.0223,5,0,2.6519,0.3145,5,0
3327,296.3504815,-0.519027452,0.6387,0.0409,5,0,0.2534,0.0264,5,0,0.413,0.0277,5,0,8.1645,0.5592,5,0
3328,296.3716962,-0.732089227,0.2029,0.0355,5,0,0.0746,0.0122,5,0,0.1294,0.0179,5,0,1.5481,0.197,5,0
3329,296.431999,-0.887377181,0.1259,0.0368,5,0,0.0403,0.0184,5,0,0.0759,0.0253,5,0,1.4039,0.4521,5,0
3330,296.4577478,-0.662512659,0.0536,0.0071,5,0,0.0233,0.0073,5,0,0.0309,0.0055,5,0,1.4172,0.1113,5,0
3331,296.4641612,-0.709518396,0.5678,0.0171,5,0,0.2554,0.0042,5,0,0.6743,0.0144,5,0,8.7215,0.1845,5,0
3332,296.4972276,-0.442407238,0.923,0.1109,5,0,0.3485,0.048,5,0,0.9876,0.0854,5,0,25.7408,1.8959,5,0
3333,296.5473907,-0.645102929,0.9739,0.0182,2,0,0.3463,0.0411,5,0,0.7664,0.0392,5,0,17.6397,1.1395,5,0
3334,296.5571154,-0.946572219,0.5383,0.1092,5,0,0.1982,0.0424,5,0,0.4317,0.0943,3,0,7.457,1.0661,5,0
3335,296.5851161,-0.455074311,0.073,0.0059,5,0,0.005,0.0009,5,0,0.0538,0.0085,5,0,1.0885,0.1631,5,0
3336,296.5854049,-0.448962711,0.4792,0.0458,5,0,0.1255,0.0169,5,0,0.3815,0.0431,5,0,9.4142,0.2664,5,0
3337,296.6042821,-0.53687065,0.8389,0.0633,5,0,0.3472,0.0193,5,0,1.1075,0.0208,5,0,27.305,0.8738,5,0
3338,296.6911326,-0.370765525,0.0473,0.0094,5,0,0.0242,0.0037,5,0,0.0383,0.0073,5,0,0.3984,0.2447,5,0
3339,297.2076272,-0.308655551,0.1209,0.0259,5,0,0.0554,0.0035,5,0,0.0662,0.0063,5,0,1.8881,0.1452,5,0
3340,297.2258346,-0.829947648,0.358,0.0411,5,0,0.1349,0.0209,5,0,0.1142,0.0203,5,0,3.0163,0.3956,5,0
3341,297.2539021,-0.753220686,1.5394,0.2558,5,0,0.5102,0.0755,5,0,6.2339,0.6588,5,0,61.502,5.9437,5,0
3342,297.3114226,-0.47034784,0.0382,0.0017,5,0,0.014,0.0025,5,0,0.052,0.006,5,0,0.8571,0.0532,5,0
3343,297.3198442,-0.27752182,0.1061,0.0206,5,0,0.0256,0.0014,5,0,0.2704,0.0458,5,0,-0.2585,1.0389,5,0
3344,297.3260905,-0.279381201,0.7389,0.1232,5,0,0.1988,0.0178,5,0,0.4086,0.0644,5,0,10.6102,1.3139,5,0
3345,297.386968,-0.046574216,0.4156,0.0082,5,0,0.2374,0.0286,5,0,1.0361,0.0562,5,0,7.179,0.4629,5,0
3346,297.4020633,-0.651224197,0.2761,0.0512,5,0,0.1884,0.0157,5,0,3.1467,0.0337,5,0,65.3894,2.0396,5,0
3347,297.4060592,-0.075433314,0.0486,0.0067,5,0,0.0195,0.0037,5,0,0.0256,0.0031,5,0,0.1038,0.0661,5,0
3348,297.4537416,-0.009822471,1.3741,0.178,5,0,0.6579,0.0234,5,0,2.4391,0.0763,5,0,46.7893,1.2652,5,0
3349,297.456026,-0.747536456,0.2918,0.0128,5,0,0.1281,0.0058,5,0,2.5003,0.0335,5,0,10.0357,0.2261,5,0
3350,297.4567992,-0.771577187,0.6855,0.0849,5,0,0.2017,0.0134,5,0,3.0198,0.1093,5,0,19.8883,0.711,5,0
3351,297.4706111,-0.727026475,0.4909,0.1444,5,0,0.3875,0.0412,5,0,4.7905,0.2262,5,0,34.095,2.4594,5,0
3352,297.5089507,-0.773896365,2.1766,0.4039,5,0,1.4442,0.0938,5,0,,,,,78.3566,8.6295,5,0
3353,297.5172724,-0.029215482,0.7393,0.0887,5,0,0.2982,0.0286,5,0,0.6716,0.0829,5,0,13.7787,0.8094,5,0
3354,297.5249424,-0.037680501,0.2765,0.0164,5,0,0.1187,0.0081,5,0,0.2587,0.0158,5,0,1.5297,0.1771,5,0
3355,297.5254006,-0.068910153,0.0577,0.021,5,0,0.0209,0.004,5,0,0.1172,0.0245,5,0,2.0648,0.68,5,0
3356,297.5337217,-0.825206329,4.7935,0.7702,5,0,3.1189,0.1932,5,0,,,,,563.4967,14.7603,5,0
3357,297.5383671,-0.101618122,0.0407,0.0038,5,0,0.0171,0.0023,5,0,0.1644,0.0134,5,0,1.7716,0.1548,5,0
3358,297.6259393,-0.903069603,1.2876,0.2317,5,0,1.1379,0.1424,5,0,6.0416,0.5384,5,0,86.1145,9.0809,5,0
3359,297.6618189,-0.975043411,3.0187,0.4309,3,0,1.1503,0.1106,5,0,,,,,655.0575,20.6589,5,0
3360,297.7215819,-0.701900039,0.0439,0.0151,5,0,0.007,0.0013,5,0,0.0351,0.0025,5,0,0.6495,0.2694,5,0
3361,297.8114406,-0.136552104,0.0725,0.0081,5,0,0.0402,0.0023,5,0,0.0666,0.0029,5,0,0.9453,0.0292,5,0
3362,297.9178603,-0.610514375,0.142,0.0195,5,0,0.0424,0.0061,5,0,0.0643,0.014,5,0,1.5355,0.3106,5,0
3363,297.9325076,-0.175067339,0.1534,0.0139,5,0,0.0656,0.0069,5,0,0.7208,0.0489,5,0,4.5834,0.2747,5,0
3364,297.935756,-0.522338774,0.0144,0.004,5,0,0.0063,0.0016,5,0,0.0111,0.0023,5,0,0.4413,0.1249,5,0
3365,297.9454101,0.271738544,0.0542,0.0051,5,0,0.0161,0.0034,5,0,0.0312,0.0083,5,0,0.4269,0.1064,5,0
3366,297.9778995,-0.007785004,0.0242,0.0085,5,0,0.015,0.0016,5,0,0.0224,0.0028,5,0,0.2583,0.0682,5,0
3367,298.0398328,-0.179817222,0.1432,0.0061,5,0,0.0434,0.003,5,0,0.1099,0.0042,5,0,1.6683,0.2501,5,0
3368,298.0919693,-0.011179599,0.0413,0.0113,5,0,0.0171,0.0014,5,0,0.0399,0.0037,5,0,0.8665,0.0764,5,0
3369,298.1041589,-0.94459193,0.1787,0.0192,5,0,0.0618,0.0092,5,0,0.0811,0.0068,5,0,2.3628,0.4203,5,0
3370,298.1314586,-0.564881797,0.0918,0.0055,5,0,0.0232,0.0033,5,0,0.0496,0.0031,5,0,1.0313,0.1829,5,0
3371,298.1352961,-0.975638822,0.121,0.0079,5,0,0.0508,0.0067,5,0,0.0979,0.0,1,0,0.8736,0.1738,5,0
3372,298.1364596,-0.186530236,0.5994,0.0114,5,0,0.1983,0.0159,5,0,1.409,0.051,5,0,10.8012,1.6898,5,0
3373,298.141001,-0.218046181,0.0712,0.0083,5,0,0.0226,0.0032,5,0,0.0412,0.0026,5,0,0.5447,0.0377,5,0
3374,298.1484617,-0.413878511,1.2183,0.0647,5,0,0.4102,0.036,5,0,3.4671,0.1099,5,0,44.5991,8.6928,5,0
3375,298.1565608,-0.218494856,0.1149,0.0216,5,0,0.0535,0.0103,5,0,0.1425,0.017,5,0,2.1889,0.4423,5,0
3376,298.1773185,0.338948901,0.0869,0.0063,5,0,0.0416,0.0039,5,0,0.0801,0.0044,5,0,0.741,0.0947,5,0
3377,298.1833525,-0.785710201,18.0792,2.2324,5,0,,,,,,,,,1219.8978,234.7193,5,0
3378,298.1986597,0.337535658,0.0811,0.0199,5,0,0.0246,0.0067,5,0,0.0378,0.0106,5,0,0.4862,0.237,5,0
3379,298.2429637,-0.462481732,0.0604,0.0088,5,0,0.039,0.0048,5,0,0.1149,0.0107,5,0,1.5865,0.2161,5,0
3380,298.2626164,-0.554382838,0.1051,0.0118,5,0,0.0453,0.0035,5,0,0.0746,0.0056,5,0,0.9731,0.1389,5,0
3381,298.2695237,-0.107517273,0.1218,0.0175,5,0,0.0725,0.0072,5,0,0.3381,0.0286,5,0,2.0508,0.3012,5,0
3382,298.2755635,0.297941356,0.1319,0.0168,5,0,0.04,0.0066,5,0,0.05,0.0134,5,0,0.9704,0.2232,5,0
3383,298.29927,0.312258903,0.0983,0.0141,5,0,0.0422,0.0045,5,0,0.0434,0.0051,5,0,0.6992,0.1667,5,0
3384,298.3105423,0.316392727,0.1316,0.0072,5,0,0.0501,0.0035,5,0,0.108,0.0054,5,0,1.7434,0.3025,5,0
3385,298.3243919,-0.876081227,0.0091,0.0014,5,0,0.0035,0.001,5,0,0.0062,0.0011,5,0,0.1316,0.0233,5,0
3386,298.3363331,-0.861656602,0.0357,0.0063,5,0,0.0189,0.0015,5,0,0.0333,0.0015,5,0,0.4505,0.0896,5,0
3387,298.4097663,-0.735693859,0.9584,0.0464,5,0,0.3614,0.0418,5,0,0.9785,0.0702,5,0,19.6054,4.2463,5,0
3388,298.4105047,0.694782623,0.4714,0.1003,5,0,0.2657,0.0894,5,0,0.3513,0.1125,5,0,11.6089,3.0449,5,0
3389,298.4149783,0.699680322,0.3149,0.1193,5,0,0.1149,0.0239,5,0,0.3789,0.1071,5,0,6.6344,4.0253,5,0
3390,298.4149826,-0.544636157,0.2662,0.0232,5,0,0.0937,0.0127,5,0,0.0881,0.011,5,0,3.6507,0.6098,5,0
3391,298.5098408,-0.508466891,1.0027,0.1479,5,0,0.326,0.0483,5,0,1.2482,0.1221,5,0,34.1033,3.3882,5,0
3392,298.513862,-0.48061924,0.3744,0.0987,5,0,0.1573,0.0356,5,0,0.383,0.0584,5,0,11.6273,1.2869,5,0
3393,298.5335273,-0.506884539,0.0931,0.0248,5,0,0.0289,0.0051,5,0,0.1343,0.0138,5,0,0.9952,0.3254,5,0
3394,298.5363125,-0.312061138,0.1544,0.0076,5,0,0.0572,0.0041,5,0,0.267,0.0156,5,0,2.7361,0.5871,5,0
3395,298.5458803,-0.834713484,0.0169,0.0067,5,0,0.0047,0.0018,5,0,0.008,0.0039,5,0,0.1435,0.054,5,0
3396,298.5595817,-0.501965434,0.136,0.0059,5,0,0.0515,0.0027,5,0,0.156,0.0036,5,0,1.8707,0.4645,5,0
3397,298.603487,-0.440859736,0.5512,0.3122,5,0,0.0435,0.0189,5,0,2.267,0.042,5,0,8.939,1.9844,5,0
3398,298.6049771,-0.241939982,0.2522,0.0166,5,0,0.0832,0.008,5,0,0.3356,0.0207,5,0,3.6769,0.9158,5,0
3399,298.6248346,-0.204849473,0.166,0.0421,5,0,0.0673,0.0184,5,0,0.1656,0.025,5,0,2.9569,0.2239,5,0
3400,298.625651,-0.47134685,0.0867,0.0178,5,0,0.0152,0.006,5,0,0.0855,0.0166,5,0,0.2488,0.3075,5,0
3401,298.6533981,-0.498505803,1.5646,0.1113,5,0,0.6304,0.081,5,0,5.0527,0.2283,5,0,46.0257,7.4429,5,0
3402,298.6555094,-0.730789075,0.0775,0.0084,5,0,0.0499,0.0049,5,0,0.1042,0.012,5,0,1.9809,0.6614,5,0
3403,298.6594498,-0.706064572,0.0574,0.0078,5,0,0.0264,0.0033,5,0,0.068,0.0079,5,0,0.8121,0.2651,5,0
3404,298.6793075,0.090768488,0.5381,0.075,5,0,0.2227,0.0171,5,0,0.8586,0.0786,5,0,14.3388,4.0151,5,0
3405,298.6871047,0.434103737,0.0496,0.0101,5,0,0.0188,0.0031,5,0,0.0285,0.0031,5,0,0.1978,0.0874,5,0
3406,298.7192469,-0.288107498,0.9926,0.0309,5,0,0.3342,0.0568,5,0,1.4716,0.1949,5,0,25.8896,5.8026,5,0
3407,298.7285372,-0.096150406,0.2568,0.0383,5,0,0.0736,0.0174,5,0,0.2232,0.0356,5,0,5.4131,2.1658,5,0
3408,298.7420688,-0.005252083,0.9619,0.1347,5,0,0.2783,0.03,5,0,1.2239,0.0753,5,0,32.9471,6.2447,5,0
3409,298.8057975,0.169957396,0.2723,0.0212,5,0,0.089,0.0088,5,0,0.384,0.0133,5,0,5.5782,1.7272,5,0
3410,298.8068927,-0.502095241,0.0458,0.002,5,0,0.0153,0.0009,5,0,0.0505,0.0034,5,0,0.9909,0.0336,5,0
3411,298.8326911,0.127432247,1.4933,0.1507,5,0,1.0076,0.0403,5,0,,,,,156.0737,7.2254,5,0
3412,298.8353437,0.938982631,0.0639,0.0021,5,0,0.0314,0.0024,5,0,,,,,,,,
3413,298.8432708,-0.338661805,3.5862,0.5605,5,0,,,,,,,,,89.5323,12.7701,5,0
3414,298.8451172,0.122830255,1.7611,0.1375,5,0,1.2981,0.1312,5,0,10.5824,0.5254,3,0,97.9645,12.7783,5,0
3415,298.8586554,-0.437197629,19.7671,0.7816,5,0,,,,,,,,,1430.7165,93.872,5,0
3416,298.8680247,-0.517084077,1.0726,0.084,5,0,0.3853,0.0328,5,0,2.615,0.2676,5,0,44.8276,1.1046,5,0
3417,298.8816034,0.311288461,0.1454,0.0225,5,0,0.0209,0.0058,5,0,0.0171,0.0212,5,0,1.4378,0.2094,5,0
3418,298.8817261,0.316875611,0.0436,0.01,5,0,0.0053,0.0008,5,0,0.0148,0.0226,5,0,0.7496,0.3389,5,0
3419,298.8893393,0.317782411,0.0915,0.0079,5,0,0.0074,0.0018,5,0,0.067,0.0106,5,0,1.0231,0.2024,5,0
3420,298.8993451,0.187841044,0.5171,0.0118,5,0,0.1523,0.0204,5,0,0.9256,0.0612,5,0,16.4699,0.3902,5,0
3421,298.9033089,-0.61952209,0.7088,0.0308,5,0,0.3816,0.0531,5,0,1.8414,0.1791,5,0,9.8022,0.1761,5,0
3422,298.9598412,0.28777517,0.0323,0.0035,5,0,0.0113,0.0028,5,0,0.0407,0.0078,5,0,0.8082,0.0921,5,0
3423,299.0163593,0.132337648,0.8059,0.0694,5,0,0.1737,0.0498,5,0,,,,,48.3685,23.9457,5,0
3424,299.0268434,-0.146483026,0.0134,0.0013,5,0,0.0078,0.0009,5,0,0.0174,0.0025,5,0,0.3111,0.0513,5,0
3425,299.0414701,0.183260769,0.0824,0.003,5,0,0.0206,0.003,5,0,0.0546,0.0067,5,0,1.4574,0.1188,5,0
3426,299.0511738,0.173350883,0.1354,0.0561,5,0,0.247,0.0628,5,0,2.3333,0.5176,5,0,6.7926,0.4345,5,0
3427,299.0917422,0.206705022,0.6169,0.0615,5,0,0.3181,0.0565,5,0,2.4861,0.3845,5,0,24.5994,1.5304,5,0
3428,299.1527802,0.008163211,5.1228,0.4515,5,0,1.9486,0.194,5,0,11.4793,0.472,5,0,176.1038,7.3688,5,0
3429,299.1986221,-0.381139253,0.0349,0.0023,5,0,0.0134,0.0025,5,0,0.0328,0.0027,5,0,0.1973,0.0144,5,0
3430,299.2089896,-0.393305336,0.0684,0.0046,5,0,0.0252,0.0028,5,0,0.0553,0.0056,5,0,1.3607,0.0337,5,0
3431,299.2641362,-0.34384617,0.8006,0.0402,5,0,0.3486,0.048,5,0,0.5054,0.0427,5,0,7.3434,0.3823,5,0
3432,299.3253449,-0.307930702,0.6419,0.0991,5,0,0.2507,0.0089,5,0,5.2533,0.1748,5,0,27.4739,4.1363,5,0
3433,299.3307765,0.225165477,0.1254,0.0065,5,0,0.041,0.0062,5,0,0.0667,0.0033,5,0,1.265,0.0864,5,0
3434,299.3547954,-0.273694594,2.4783,0.3833,5,0,0.8561,0.101,5,0,2.6638,0.4463,5,0,56.8435,3.1991,5,0
3435,299.3865204,-0.227104512,4.749,0.6544,5,0,1.5437,0.2218,5,0,6.0807,0.6252,5,0,100.1916,2.5464,5,0
3436,299.3940572,0.659127869,0.0118,0.0035,5,0,0.0105,0.0021,5,0,0.0128,0.0024,5,0,0.3143,0.1524,5,0
3437,299.4403924,-0.038316989,0.1943,0.0311,5,0,0.0673,0.0116,5,0,0.2394,0.0346,5,0,3.3388,0.1871,5,0
3438,299.4599927,0.604114662,0.0067,0.0014,5,0,0.0033,0.0007,5,0,0.0067,0.0013,5,0,0.1143,0.0545,5,0
3439,299.4647049,0.601540285,0.0092,0.0027,5,0,0.0023,0.0007,5,0,0.0076,0.0006,5,0,0.0632,0.0523,5,0
3440,299.5101902,0.133444787,0.0537,0.0104,5,0,0.0053,0.0028,5,0,0.0202,0.01,5,0,0.8541,0.2596,5,0
3441,299.5973078,0.16952822,0.1273,0.0183,5,0,0.023,0.0054,5,0,0.0846,0.0124,5,0,6.9546,0.5538,5,0
3442,299.6019113,0.182830549,0.0909,0.0148,5,0,0.0187,0.003,5,0,0.0357,0.0116,5,0,1.6187,0.1567,5,0
3443,299.6095202,0.168337451,0.4506,0.0767,5,0,0.1254,0.0252,5,0,0.2125,0.0264,5,0,10.6563,0.8425,5,0
3444,299.6509705,-0.20594789,0.0638,0.0038,5,0,0.024,0.0034,5,0,0.0462,0.0018,5,0,0.5391,0.0664,5,0
3445,299.6710399,-0.139368959,2.3843,0.045,5,0,1.2074,0.0979,5,0,1.0214,0.0863,5,0,0.2368,0.0256,5,0
3446,299.70213,0.643401941,0.0163,0.0027,5,0,0.0051,0.0005,5,0,0.0048,0.001,5,0,0.1902,0.0539,5,0
3447,299.7696559,-0.006406498,2.2092,0.1905,5,0,0.716,0.1133,5,0,2.7287,0.1785,5,0,66.212,1.6916,5,0
3448,299.7800348,-0.280834989,1.0768,0.1714,5,0,0.4244,0.0726,5,0,0.6566,0.1138,5,0,20.516,1.5011,5,0
3449,299.8031625,-0.014104239,0.2319,0.0111,5,0,0.0983,0.0081,5,0,0.1825,0.0015,5,0,2.9308,0.1209,5,0
3450,299.9358983,-0.331724801,0.0342,0.0028,5,0,0.0162,0.0033,5,0,0.0468,0.0065,5,0,0.3973,0.1019,5,0
3451,299.9388922,-0.37591908,0.105,0.004,5,0,0.0486,0.0046,5,0,0.0948,0.0042,5,0,1.07,0.0682,5,0
3452,299.9508653,-0.556209239,0.1141,0.0232,5,0,0.0418,0.006,5,0,0.0518,0.0067,5,0,0.3169,0.0943,5,0
3453,299.960729,-0.80992965,0.0408,0.0017,5,0,0.0317,0.0054,5,0,0.2791,0.0312,5,0,1.9083,0.355,5,0
3454,300.0143809,-0.935059936,0.0663,0.0069,5,0,0.0148,0.0038,5,0,0.0544,0.0064,5,0,0.4661,0.0361,5,0
3455,300.0514098,-0.399181301,0.7928,0.1241,5,0,0.3614,0.0602,5,0,0.9252,0.1393,5,0,17.7998,0.7625,5,0
3456,300.061007,0.902255165,0.0182,0.0033,5,0,0.0088,0.0022,5,0,0.0102,0.0025,5,0,,,,
3457,300.0725758,-0.402508955,0.2556,0.0203,5,0,0.1052,0.0144,5,0,0.1192,0.0075,5,0,3.1396,0.1803,5,0
3458,300.0851682,-0.548730398,0.104,0.0038,5,0,0.033,0.0075,5,0,0.0519,0.0055,5,0,0.742,0.0599,5,0
3459,300.134368,-0.580336945,1.0086,0.0276,5,0,0.3947,0.0207,5,0,2.8233,0.0346,5,0,28.651,0.868,5,0
3460,300.1702049,-0.350109832,0.1319,0.0684,5,0,0.0372,0.0231,5,0,0.0988,0.0385,5,0,1.9567,1.1521,5,0
3461,300.1747771,-0.349266766,0.1294,0.031,5,0,0.0467,0.0096,5,0,0.0471,0.0104,5,0,3.0105,0.4119,5,0
3462,300.203724,-0.44164469,0.1096,0.0041,5,0,0.0404,0.004,5,0,0.0651,0.0081,5,0,1.2492,0.0282,5,0
3463,300.2085943,-0.420430432,0.0542,0.0095,5,0,0.027,0.0028,5,0,0.0535,0.0118,5,0,0.9063,0.1365,5,0
3464,300.2355087,-0.757269596,0.2535,0.0309,5,0,0.0821,0.0067,5,0,0.2359,0.0151,5,0,5.3391,0.4633,5,0
3465,300.240147,-0.760101829,0.075,0.0093,5,0,0.0189,0.0022,5,0,0.0191,0.0029,5,0,1.9473,0.1032,5,0
3466,300.2655784,0.577574868,0.0192,0.002,5,0,0.0101,0.0008,5,0,0.022,0.0023,5,0,0.3948,0.022,5,0
3467,300.3430965,0.200036366,1.3676,0.0273,5,0,0.4582,0.0152,5,0,0.1754,0.0182,5,0,0.0423,0.0339,5,0
3468,300.3434168,-0.216979971,2.0623,2.864,5,0,1.2633,0.4143,5,0,,,,,67.2262,13.5385,5,0
3469,300.3528449,0.169254151,0.1293,0.0216,5,0,0.042,0.0056,5,0,0.0733,0.004,5,0,0.7354,0.1185,5,0
3470,300.3686524,-0.081788108,0.1024,0.0057,5,0,0.0268,0.0052,5,0,0.0392,0.0045,5,0,0.8856,0.0669,5,0
3471,300.3767589,-0.284607944,0.4572,0.0613,5,0,0.2122,0.0506,5,0,1.8733,0.2666,5,0,21.6304,4.2227,5,0
3472,300.3772224,0.070903724,0.0608,0.0109,5,0,0.0684,0.0047,5,0,1.1109,0.0429,5,0,2.3639,0.1572,5,0
3473,300.4019133,0.545886821,4.4131,0.1949,5,0,1.7811,0.0462,5,0,,,,,177.3129,2.5639,5,0
3474,300.4063239,0.279171104,0.0607,0.1275,5,0,0.0444,0.0283,5,0,0.0714,0.0076,5,0,2.3353,0.2005,5,0
3475,300.4684118,0.025700498,0.0851,0.0069,5,0,0.0456,0.0055,5,0,0.0599,0.0054,5,0,0.8478,0.0518,5,0
3476,300.4839202,-0.097110954,0.3992,0.0247,5,0,0.0761,0.0091,5,0,0.2119,0.0174,5,0,5.6809,0.1831,5,0
3477,300.4987411,-0.239061504,0.1223,0.0014,5,0,0.0814,0.0042,5,0,0.1628,0.0037,5,0,0.4218,0.0595,5,0
3478,300.5030014,-0.183462631,0.739,0.055,5,0,0.2912,0.0297,5,0,3.5729,0.4973,3,0,22.1775,5.0297,5,0
3479,300.5033386,-0.192705713,0.0776,0.0066,5,0,0.052,0.007,5,0,1.2129,0.0791,3,0,10.7253,0.7672,5,0
3480,300.5046682,-0.174114413,2.5628,0.1866,5,0,1.3856,0.0631,5,0,,,,,622.6035,12.9267,5,0
3481,300.5131386,0.072728381,0.3174,0.0058,5,0,0.1318,0.013,5,0,0.1847,0.0144,5,0,3.2018,0.2103,5,0
3482,300.5992769,0.027330384,0.071,0.0034,5,0,0.0325,0.0011,5,0,0.0479,0.005,5,0,0.767,0.0669,5,0
3483,300.7318518,-0.25994222,0.3008,0.0089,5,0,0.1073,0.0099,5,0,0.1669,0.0085,5,0,5.466,0.2005,5,0
3484,300.7486714,0.101726526,3.4065,0.3314,5,0,1.0731,0.1196,5,0,1.9934,0.3171,5,0,75.7843,8.1462,5,0
3485,300.8396718,-0.547757022,0.0136,0.0023,5,0,0.0067,0.0006,5,0,0.0069,0.0009,5,0,0.1051,0.0386,5,0
3486,300.8757687,-0.177452078,0.06,0.0168,5,0,0.0129,0.0021,5,0,0.0363,0.0036,5,0,0.9336,0.0596,5,0
3487,300.8927301,0.836092152,0.0165,0.0024,5,0,0.0101,0.0006,5,0,0.0261,0.0023,5,0,0.322,0.0522,5,0
3488,300.9113993,0.882531685,0.7866,0.019,5,0,0.1105,0.011,5,0,1.1723,0.1017,5,0,,,,
3489,300.9171411,0.884110525,0.1616,0.0205,5,0,0.0122,0.0017,5,0,0.1359,0.0161,5,0,,,,
3490,300.9343231,0.992488176,0.8875,0.144,5,0,0.2584,0.061,5,0,,,,,,,,
3491,300.9465219,0.909049145,4.6353,1.0355,5,0,1.1293,0.2581,5,0,7.9938,1.7879,5,0,,,,
3492,301.1134973,0.009069871,0.1493,0.0042,5,0,0.0644,0.0061,5,0,0.2521,0.0174,5,0,2.6139,0.1843,5,0
3493,301.1175417,0.961245388,5.739,1.624,5,0,,,,,,,,,,,,
3494,301.1304296,-0.235909836,2.6354,0.119,5,0,0.8463,0.0625,5,0,,,,,53.8137,5.669,5,0
3495,301.1353445,0.01572966,0.4473,0.0854,5,0,0.1387,0.0094,5,0,0.2174,0.0276,5,0,9.7051,0.9631,5,0
3496,301.136926,-0.22571263,2.8712,0.2749,5,0,2.3324,0.1453,5,0,,,,,5991.666,162.3308,5,0
3497,301.1516163,-0.734886181,0.0243,0.0053,5,0,0.0098,0.0011,5,0,0.0095,0.0021,5,0,0.0731,0.0223,5,0
3498,301.1693847,-0.184692907,0.4046,0.0559,5,0,0.0985,0.01,5,0,1.7075,0.1147,5,0,8.5939,1.0099,5,0
3499,301.2294045,0.012003605,0.0573,0.0036,5,0,0.0238,0.0008,5,0,0.0701,0.0051,5,0,0.4916,0.0297,5,0
3500,301.3334715,0.018429228,0.1859,0.031,5,0,0.064,0.0119,5,0,0.1076,0.0157,5,0,1.8871,0.212,5,0
3501,301.3374095,-0.417594184,0.0247,0.0044,5,0,0.0094,0.0007,5,0,0.0274,0.001,5,0,0.3966,0.0297,5,0
3502,301.3563934,-0.06704114,0.0486,0.0046,5,0,0.0177,0.0016,5,0,0.0232,0.0039,5,0,0.4354,0.0418,5,0
3503,301.4064894,0.568145794,0.0234,0.0077,5,0,0.0068,0.0022,5,0,0.0107,0.0028,5,0,0.2215,0.0344,5,0
3504,301.5083028,0.540036773,0.2801,0.0575,5,0,0.0739,0.0189,5,0,0.0655,0.0119,5,0,1.4068,0.2577,5,0
3505,301.5085723,-0.938447751,0.0849,0.003,5,0,0.0346,0.0019,5,0,0.2091,0.007,5,0,1.0002,0.1631,5,0
3506,301.5239147,0.074397537,0.055,0.0076,5,0,0.026,0.0028,5,0,0.0312,0.0024,5,0,0.4945,0.0658,5,0
3507,301.5931975,-0.283368974,0.4108,0.0218,5,0,0.2107,0.0141,5,0,2.9231,0.0521,5,0,14.718,0.2863,5,0
3508,301.5997395,-0.186573771,0.0391,0.0062,5,0,0.0123,0.0029,5,0,0.0216,0.0051,5,0,0.4697,0.0634,5,0
3509,301.7062258,-0.710169274,0.4081,0.0252,5,0,0.1832,0.0077,5,0,1.7509,0.0436,5,0,19.3393,0.6029,5,0
3510,301.7105062,-0.056604444,1.8037,0.1892,5,0,0.689,0.0665,5,0,3.4253,0.2461,5,0,64.285,6.502,5,0
3511,301.7461188,0.264446318,0.1899,0.0435,5,0,0.0656,0.0112,5,0,0.1194,0.0182,5,0,1.8292,0.1117,5,0
3512,301.7498811,0.284164562,0.7363,0.1977,5,0,0.1888,0.0517,5,0,0.311,0.0696,5,0,11.5538,2.9983,5,0
3513,301.7596316,0.261651818,0.6632,0.0569,5,0,0.3433,0.0324,5,0,0.3298,0.0451,5,0,7.5462,0.6863,5,0
3514,301.8057268,-0.890153171,0.075,0.0026,5,0,0.0314,0.0026,5,0,0.0679,0.003,5,0,1.0292,0.0427,5,0
3515,301.8124763,-0.872109192,0.0481,0.0076,5,0,0.0321,0.0023,5,0,0.0294,0.0053,5,0,2.0203,0.1869,5,0
3516,301.8139423,0.781484506,17.563,0.8139,5,0,,,,,,,,,474.2535,6.4217,5,0
3517,301.8363005,0.043959606,0.0592,0.0091,5,0,0.0292,0.0027,5,0,0.039,0.0029,5,0,1.1917,0.1551,5,0
3518,301.8405449,-0.880653103,0.5136,0.0735,5,0,0.2516,0.0271,5,0,1.066,0.0283,5,0,14.5848,0.8395,5,0
3519,301.8479714,0.630404269,1.0336,0.0243,5,0,0.5821,0.0216,5,0,1.7663,0.0338,5,0,8.2092,0.1986,5,0
3520,301.8847025,0.454951205,0.4698,0.0245,5,0,0.1907,0.0135,5,0,0.1304,0.0067,5,0,0.1983,0.0784,5,0
3521,301.8988131,0.446181671,0.1148,0.014,5,0,0.0492,0.0043,5,0,0.0766,0.0077,5,0,1.608,0.1422,5,0
3522,301.9068431,0.355167007,0.7834,0.0759,5,0,0.2459,0.0368,5,0,0.3791,0.0363,5,0,12.6048,2.1651,5,0
3523,301.9357785,0.319732833,0.1585,0.0212,5,0,0.0731,0.0017,5,0,0.0803,0.0117,5,0,1.6521,0.1228,5,0
3524,302.0158963,0.256374183,1.7589,0.0835,5,0,0.2797,0.0427,5,0,,,,,103.5185,38.122,5,0
3525,302.0325083,-0.063543854,10.4025,0.5696,5,0,2.3525,0.2953,5,0,,,,,1125.6398,34.994,5,0
3526,302.0390317,0.794232117,0.0846,0.0099,5,0,0.0405,0.0059,5,0,0.0934,0.0053,5,0,1.2995,0.1049,5,0
3527,302.0944669,0.648939622,0.0774,0.0069,5,0,0.0322,0.0029,5,0,0.0485,0.0072,5,0,1.443,0.0793,5,0
3528,302.1300019,-0.006831298,0.1311,0.1345,5,0,0.0792,0.0368,5,0,0.1217,0.0076,5,0,1.1051,0.3611,5,0
3529,302.1513475,-0.948538118,6.0331,0.2734,5,0,3.0629,0.0816,5,0,,,,,247.8653,6.0274,5,0
3530,302.1540689,-0.917472894,0.2793,0.0453,5,0,0.1181,0.0203,5,0,0.6028,0.0377,5,0,8.035,1.2467,5,0
3531,302.15504,-0.652274928,0.2994,0.0089,5,0,0.1065,0.0047,5,0,0.2261,0.0051,5,0,4.6163,0.4299,5,0
3532,302.1564356,0.062894976,0.3723,0.0255,5,0,0.089,0.0113,5,0,1.6715,0.1068,5,0,7.589,0.7092,5,0
3533,302.1607876,0.065889109,1.1155,0.2142,5,0,0.2624,0.0788,5,0,1.8627,0.2889,5,0,29.1755,5.0924,5,0
3534,302.1740461,-0.393875945,0.2243,0.056,5,0,0.0633,0.0236,5,0,0.1122,0.0189,5,0,2.0128,0.0872,5,0
3535,302.1974673,0.792759814,0.2488,0.0196,5,0,0.1327,0.0067,5,0,0.2003,0.0212,5,0,3.6167,0.2017,5,0
3536,302.2018579,-0.743687072,0.0247,0.0049,5,0,0.0076,0.0017,5,0,0.0159,0.0021,5,0,0.1315,0.0148,5,0
3537,302.2090145,-0.911864139,0.1824,0.0238,5,0,0.0905,0.0115,5,0,0.1441,0.0294,5,0,6.337,0.3838,5,0
3538,302.2511037,0.011843188,0.5024,0.1043,5,0,0.1646,0.0314,5,0,0.5383,0.0254,5,0,12.725,1.3936,5,0
3539,302.3063874,-0.355053159,0.0861,0.0054,5,0,0.0346,0.0034,5,0,0.0502,0.0036,5,0,0.6276,0.034,5,0
3540,302.3326358,0.074709856,0.6343,0.0502,5,0,0.2644,0.0526,5,0,0.9486,0.1108,5,0,7.8565,1.0876,5,0
3541,302.3734991,-0.541702255,0.121,0.0056,5,0,0.1278,0.0082,5,0,0.7411,0.0101,5,0,4.2995,0.1347,5,0
3542,302.3875744,0.297675404,0.7299,0.1161,5,0,0.3501,0.1052,5,0,0.9709,0.4322,5,0,10.8823,2.91,5,0
3543,302.3895892,0.278467015,8.5247,0.3174,5,0,2.7328,0.1199,5,0,,,,,366.8619,9.1665,5,0
3544,302.4390574,-0.117480869,1.9662,0.0835,5,0,0.628,0.0414,5,0,6.1403,0.161,5,0,60.7086,2.3513,5,0
3545,302.4523465,-0.738987675,1.7132,0.1719,5,0,0.8028,0.0478,5,0,7.3661,0.07,5,0,103.8687,1.3759,5,0
3546,302.4872782,-0.030575699,5.992,0.234,5,0,1.1564,0.1186,5,0,,,,,351.6456,11.0998,5,0
3547,302.4999235,-0.769982866,0.7545,0.0257,5,0,0.1951,0.0157,5,0,2.5684,0.0787,5,0,19.5183,1.2592,5,0
3548,302.5042123,-0.766342914,0.1671,0.013,5,0,0.021,0.0021,5,0,0.1564,0.0125,5,0,2.5244,0.2388,5,0
3549,302.5299904,-0.746713934,0.6886,0.0431,5,0,0.2674,0.0156,5,0,1.1749,0.0397,5,0,25.0717,0.8241,5,0
3550,302.5851971,-0.028526482,0.6237,0.0627,5,0,0.2143,0.0105,5,0,0.4187,0.0182,5,0,7.67,0.2125,5,0
3551,302.6178026,0.190582777,1.0788,0.0574,5,0,0.3392,0.0196,5,0,4.039,0.0685,5,0,26.5844,0.5907,5,0
3552,302.6695379,-0.676189867,0.2209,0.0468,5,0,0.0805,0.016,5,0,0.4545,0.0866,5,0,18.0488,1.0415,5,0
3553,302.7114335,-0.07023759,0.1391,0.0213,5,0,0.0721,0.0089,5,0,0.1307,0.0188,5,0,1.7275,0.292,5,0
3554,302.7215914,-0.781951587,0.385,0.0255,5,0,0.1235,0.01,5,0,1.119,0.0582,5,0,8.9233,0.611,5,0
3555,302.732106,0.14442613,0.1161,0.0165,5,0,0.0353,0.007,5,0,0.1249,0.0276,5,0,2.2319,0.4935,5,0
3556,302.7386486,-0.619487568,1.7081,0.0469,5,0,0.6307,0.0361,5,0,1.5518,0.0381,5,0,43.7258,2.7665,5,0
3557,302.7564028,0.776706658,0.1472,0.0399,5,0,0.04,0.0098,5,0,0.2477,0.0232,5,0,1.8972,0.1546,5,0
3558,302.7695285,-0.787161226,0.2056,0.0045,5,0,0.0609,0.0088,5,0,0.1842,0.0229,5,0,2.9189,0.3627,5,0
3559,302.7916523,0.451017894,0.0351,0.0044,5,0,0.012,0.0012,5,0,0.0185,0.0015,5,0,0.3226,0.0136,5,0
3560,302.8996908,-0.989062831,0.1273,0.0106,5,0,0.0494,0.0049,5,0,0.0698,0.0073,5,0,1.3891,0.1188,5,0
3561,302.9005563,0.157679127,0.5179,0.1306,5,0,0.1622,0.025,5,0,0.197,0.0252,5,0,11.3807,1.3515,5,0
3562,302.9218638,-0.431155483,0.928,0.2127,5,0,0.1918,0.051,5,0,0.6315,0.0074,5,0,10.8943,1.1251,5,0
3563,302.9284213,-0.421921065,0.2911,0.0598,5,0,0.0953,0.0221,5,0,0.1615,0.0334,5,0,2.9767,0.3839,5,0
3564,302.9520017,-0.403532505,0.03,0.003,5,0,0.0169,0.0019,5,0,0.0318,0.0025,5,0,0.2024,0.0041,5,0
3565,302.9703457,0.273469339,0.2229,0.0131,5,0,0.0619,0.0081,5,0,0.075,0.0095,5,0,2.1648,0.0962,5,0
3566,302.9866079,0.33907336,0.035,0.0051,5,0,0.0164,0.0008,5,0,0.0309,0.0014,5,0,0.3382,0.0211,5,0
3567,302.9885837,0.351175677,0.8656,0.0398,5,0,0.2563,0.0156,5,0,0.6225,0.029,5,0,16.1657,0.2978,5,0
3568,303.0258634,-0.750846975,0.2119,0.0373,5,0,0.0513,0.0129,5,0,0.16,0.0541,5,0,3.6674,0.6699,5,0
3569,303.0790861,-0.556202897,0.0227,0.0027,5,0,0.0041,0.001,5,0,0.0524,0.0326,5,0,1.3126,1.0404,5,0
3570,303.1175402,-0.971110366,6.0479,0.1504,5,0,1.2704,0.1741,5,0,,,,,355.4308,8.9404,5,0
3571,303.1300346,-0.871353821,0.2373,0.0238,5,0,0.0519,0.0113,5,0,0.2259,0.024,5,0,3.5454,0.4857,5,0
3572,303.1542859,-0.254534823,0.3235,0.0239,5,0,0.1503,0.0093,5,0,0.6584,0.0228,5,0,12.6944,0.4129,5,0
3573,303.1632072,0.426737931,1.4074,0.0986,5,0,0.4637,0.0535,5,0,2.3098,0.1071,5,0,25.1612,2.5265,5,0
3574,303.1875228,-0.560243212,0.0818,0.0036,5,0,0.0207,0.0031,5,0,0.0339,0.0051,5,0,0.7541,0.1309,5,0
3575,303.1916779,-0.554066681,0.0597,0.0052,5,0,0.0195,0.0006,5,0,0.1092,0.0037,5,0,4.5682,0.0644,5,0
3576,303.2021012,-0.837450898,0.1831,0.0352,5,0,0.0779,0.0123,5,0,0.1285,0.014,5,0,1.6284,0.1451,5,0
3577,303.2557996,-0.735981461,1.0491,0.1043,5,0,0.3881,0.0362,5,0,1.48,0.0331,5,0,30.8005,1.5009,5,0
3578,303.3010421,-0.571317844,0.0125,0.0049,5,0,0.0069,0.0017,5,0,0.0143,0.0026,5,0,0.3196,0.0752,5,0
3579,303.3105909,-0.533786211,0.0703,0.0178,5,0,0.023,0.0057,5,0,0.023,0.004,5,0,1.0843,0.3486,5,0
3580,303.3365712,-0.71153445,0.3187,0.0809,5,0,0.121,0.0445,5,0,0.6205,0.2394,5,0,9.3216,3.3339,5,0
3581,303.3416431,-0.712399588,0.1702,0.0287,5,0,0.0258,0.0064,5,0,0.1377,0.0637,5,0,3.2094,0.5831,5,0
3582,303.3433289,-0.514130414,0.028,0.0038,5,0,0.0042,0.001,5,0,0.0051,0.0011,5,0,0.1782,0.0798,5,0
3583,303.3461275,-0.511040527,0.1166,0.0297,5,0,0.0395,0.0045,5,0,0.248,0.0098,5,0,2.9708,0.21,5,0
3584,303.3992276,-0.900984737,0.0272,0.0031,5,0,0.011,0.0048,5,0,0.0146,0.0065,5,0,0.4325,0.1331,5,0
3585,303.4075794,0.138068027,0.0362,0.0061,5,0,0.0088,0.0018,5,0,0.0144,0.0023,5,0,0.2848,0.0307,5,0
3586,303.4141022,0.616771301,0.0397,0.0068,5,0,0.0311,0.0056,5,0,0.0391,0.0049,5,0,0.035,0.0358,5,0
3587,303.4195504,-0.237625746,0.1164,0.0108,5,0,0.0334,0.0045,5,0,0.041,0.008,5,0,1.748,0.0989,5,0
3588,303.4519423,-0.553438756,0.2284,0.0321,5,0,0.0885,0.0111,5,0,0.3174,0.0273,5,0,4.1322,0.2936,5,0
3589,303.4667861,-0.71006025,0.4674,0.0185,5,0,0.2069,0.0193,5,0,1.483,0.0605,5,0,12.3106,0.5215,5,0
3590,303.4742337,-0.570335408,0.0732,0.0102,5,0,0.0351,0.0041,5,0,0.3037,0.0114,5,0,2.5524,0.1083,5,0
3591,303.4846474,-0.460472955,3.5488,0.1137,5,0,1.4575,0.1026,5,0,7.7243,0.176,5,0,130.6194,3.6465,5,0
3592,303.5082991,-0.721548652,0.8167,0.0822,5,0,0.3613,0.0249,5,0,1.2513,0.0464,5,0,21.192,0.6222,5,0
3593,303.5169925,-0.7245232,0.1008,0.0078,5,0,0.0262,0.0015,5,0,0.0881,0.0057,5,0,1.3,0.0729,5,0
3594,303.5291389,-0.66076371,0.9203,0.0393,5,0,0.3207,0.0251,5,0,0.7772,0.0393,5,0,19.0417,0.6681,5,0
3595,303.5324145,-0.701631142,0.2213,0.0074,5,0,0.0768,0.0056,5,0,0.7661,0.0334,5,0,7.6593,0.2697,5,0
3596,303.5356836,-0.597907909,1.8908,0.098,5,0,0.81,0.0522,5,0,7.1653,0.1966,5,0,80.3342,4.2509,5,0
3597,303.5358481,-0.717704652,0.3489,0.1207,5,0,0.1081,0.0322,5,0,0.1691,0.0943,5,0,6.0862,1.2823,5,0
3598,303.5552522,-0.721842713,0.0354,0.0048,5,0,0.0123,0.0016,5,0,0.0297,0.0039,5,0,0.5056,0.0241,5,0
3599,303.5717877,-0.868548337,0.3661,0.146,5,0,0.2028,0.0658,5,0,0.563,0.1194,5,0,13.016,3.6123,5,0
3600,303.5718801,-0.86469364,0.1015,0.0107,5,0,0.017,0.0033,5,0,0.051,0.0042,5,0,0.9871,0.0824,5,0
3601,303.6229724,-0.571005159,0.344,0.0416,5,0,0.1202,0.0059,5,0,0.2189,0.0258,5,0,4.7418,0.3417,5,0
3602,303.6837364,-0.038790912,0.0522,0.0042,5,0,0.0273,0.0009,5,0,0.04,0.0029,5,0,0.7341,0.037,5,0
3603,303.8382765,-0.797542384,0.0571,0.0076,5,0,0.0204,0.0038,5,0,0.0413,0.0068,5,0,0.4932,0.1151,5,0
3604,303.8452857,-0.794552343,0.1182,0.0168,5,0,0.0284,0.0039,5,0,0.0423,0.0056,5,0,0.8143,0.126,5,0
3605,303.8573163,-0.371599646,0.3647,0.0457,5,0,0.1667,0.0065,5,0,0.5051,0.0273,5,0,15.3983,0.7489,5,0
3606,303.8613153,-0.696365398,0.2547,0.035,5,0,0.0586,0.0064,5,0,0.1308,0.0189,5,0,5.3718,0.6547,5,0
3607,303.8706671,-0.420704112,0.0868,0.0084,5,0,0.0373,0.0051,5,0,0.0737,0.0059,5,0,1.1281,0.0771,5,0
3608,303.870672,-0.769886973,0.2309,0.0412,5,0,0.0816,0.0084,5,0,0.185,0.0295,5,0,5.3012,1.5839,5,0
3609,303.8864215,-0.233187395,0.1626,0.0076,5,0,0.0595,0.0097,5,0,0.1119,0.0119,5,0,2.2985,0.1613,5,0
3610,303.8968616,0.378477481,0.1525,0.0276,5,0,0.0667,0.0119,5,0,0.1493,0.014,5,0,4.7695,0.7512,5,0
3611,303.9050997,-0.792421829,0.0817,0.0042,5,0,0.0236,0.0028,5,0,0.0795,0.0056,5,0,1.6952,0.0928,5,0
3612,303.9088847,-0.805952683,0.0438,0.0075,5,0,0.0152,0.0076,5,0,0.0189,0.0017,5,0,0.2024,0.0255,5,0
3613,303.9145927,-0.686564549,0.3228,0.0093,5,0,0.0776,0.0095,5,0,0.4473,0.0258,5,0,8.1038,0.4716,5,0
3614,303.9239492,-0.68509423,0.4456,0.044,5,0,0.1162,0.0083,5,0,1.2705,0.0474,5,0,21.1501,0.5679,5,0
3615,303.9336207,-0.395143789,0.2086,0.0091,5,0,0.0654,0.0059,5,0,0.064,0.0056,5,0,1.9622,0.0999,5,0
3616,303.936751,-0.689054344,0.5609,0.0361,5,0,0.1058,0.017,5,0,2.9306,0.2337,5,0,53.3634,2.2223,5,0
3617,303.949712,-0.836503799,0.3755,0.0111,5,0,0.1482,0.0067,5,0,1.4057,0.0207,5,0,10.3259,0.2306,5,0
3618,303.9552439,-0.066644915,0.3907,0.0175,5,0,0.116,0.0047,5,0,0.6484,0.0129,5,0,5.9962,0.0632,5,0
3619,303.9637298,-0.841221559,0.3248,0.0563,5,0,0.1348,0.0156,5,0,0.2496,0.0197,5,0,3.2516,0.2536,5,0
3620,303.974961,0.374127769,0.02,0.0025,5,0,0.0039,0.0015,5,0,0.0268,0.0064,5,0,1.6637,0.1538,5,0
3621,303.9773542,-0.780740327,0.2396,0.0214,5,0,0.0925,0.0064,5,0,0.1885,0.0074,5,0,7.7267,0.3578,5,0
3622,303.9799121,-0.045678701,4.5879,0.0805,5,0,0.8099,0.0811,5,0,1.4102,0.0536,5,0,0.9645,0.1373,5,0
3623,303.9976444,0.279878178,1.8473,0.142,5,0,0.7276,0.023,5,0,6.6391,0.0491,5,0,102.5906,2.9861,5,0
3624,303.9981551,0.202009729,0.046,0.0028,5,0,0.0148,0.0013,5,0,0.0383,0.0047,5,0,0.9844,0.0733,5,0
3625,304.0177105,0.278008915,1.0525,0.0498,5,0,0.1781,0.0276,5,0,1.866,0.0992,5,0,27.1549,2.6081,5,0
3626,304.0364256,0.19767066,0.2292,0.0102,5,0,0.0528,0.0036,5,0,0.1534,0.0088,5,0,2.6119,0.1196,5,0
3627,304.074652,-0.138192748,0.334,0.0124,5,0,0.132,0.0154,5,0,0.4608,0.0252,5,0,5.2931,0.3477,5,0
3628,304.0866422,0.433009802,1.5266,0.1865,5,0,0.4646,0.0806,5,0,0.505,0.0723,5,0,26.4503,3.0977,5,0
3629,304.1002098,0.265585286,0.4017,0.0353,5,0,0.2632,0.0107,5,0,0.7938,0.0192,5,0,2.5982,0.0853,5,0
3630,304.1646425,0.248509742,0.5607,0.0352,5,0,0.1332,0.0124,5,0,0.4221,0.0262,5,0,13.472,0.6621,5,0
3631,304.1664623,0.258883692,1.0918,0.0396,5,0,0.2713,0.0102,5,0,0.8274,0.0237,5,0,28.7663,1.8309,5,0
3632,304.1691121,-0.879154727,0.1676,0.0241,5,0,0.0769,0.0144,5,0,0.1305,0.0212,5,0,3.8126,0.4565,5,0
3633,304.2636323,-0.399303688,0.7962,0.1192,5,0,0.293,0.0326,5,0,0.7201,0.0687,5,0,19.6451,1.1816,5,0
3634,304.2796522,-0.326846981,0.0468,0.0064,5,0,0.0243,0.0081,5,0,0.0505,0.0143,5,0,2.4079,0.6871,5,0
3635,304.2841187,-0.328215527,0.0228,0.0053,5,0,0.0049,0.0005,5,0,0.0088,0.0012,5,0,0.8897,0.5808,5,0
3636,304.2911334,-0.34015853,0.079,0.0034,5,0,0.0155,0.002,5,0,0.0343,0.0038,5,0,0.9,0.0696,5,0
3637,304.3179324,0.62515621,0.1016,0.011,5,0,0.0354,0.0021,5,0,0.0535,0.0064,5,0,0.753,0.0572,5,0
3638,304.3293541,-1.014366064,0.0435,0.0053,5,0,0.0168,0.0021,5,0,0.0308,0.0032,5,0,0.3333,0.0569,5,0
3639,304.3497072,0.38330536,0.2474,0.0152,5,0,0.0899,0.0072,5,0,0.1652,0.0103,5,0,2.4675,0.1683,5,0
3640,304.3694526,-0.337639849,1.7292,0.1541,5,0,1.4648,0.1347,5,0,,,,,129.27,6.9962,5,0
3641,304.3833701,-0.238370957,0.0507,0.0062,5,0,0.0144,0.0017,5,0,0.0271,0.0014,5,0,0.4974,0.0273,5,0
3642,304.4067884,-0.763713408,0.0406,0.0212,5,0,0.0084,0.0038,5,0,0.0327,0.0064,5,0,1.4184,0.1604,5,0
3643,304.4574647,-1.010964919,0.059,0.0134,5,0,0.0163,0.0016,5,0,0.0245,0.0018,3,0,0.2669,0.0385,5,0
3644,304.4674026,-0.007678792,0.8448,0.0893,5,0,0.1781,0.0389,5,0,0.818,0.1167,5,0,18.1734,1.4835,5,0
3645,304.489694,0.946587106,0.1133,0.0135,5,0,0.0296,0.0051,5,0,0.1199,0.0093,5,0,0.4672,0.1008,5,0
3646,304.5210387,-0.261201597,0.8854,0.031,7,0,0.3532,0.0161,7,0,1.3752,0.023,7,0,22.8316,0.6778,7,0
3647,304.5314568,-0.686889253,0.0567,0.0043,7,0,0.0258,0.0023,7,0,0.0467,0.003,7,0,0.9323,0.11,7,0
3648,304.5462205,-0.835471501,0.0868,0.0093,7,0,0.0774,0.0022,7,0,0.3615,0.0043,7,0,,,,
3649,304.5524716,-0.852493322,0.1051,0.0137,7,0,0.0346,0.0084,7,0,0.0595,0.0097,7,0,,,,
3650,304.5566231,0.327804336,5.501,0.1653,7,0,1.4739,0.103,7,0,,,,,238.786,4.5251,7,0
3651,304.5574105,0.648233117,0.6718,0.0385,7,0,0.2507,0.0183,7,0,1.5266,0.0324,7,0,22.1444,0.7079,7,0
3652,304.5845268,0.580290738,2.0394,0.087,7,0,0.6306,0.0455,7,0,5.8562,0.0818,7,0,103.1373,1.9326,7,0
3653,304.5939907,0.2686321,0.1116,0.0271,7,0,0.0592,0.0059,7,0,0.3363,0.0096,7,0,6.0175,0.2657,7,0
3654,304.6746613,0.240167566,0.1411,0.0043,7,0,0.0365,0.0019,7,0,0.1129,0.007,7,0,2.0467,0.0585,7,0
3655,304.6952686,-0.474304204,0.0667,0.0164,7,0,0.0336,0.0068,7,0,0.0546,0.009,7,0,1.0133,0.1176,7,0
3656,304.7135265,0.269072132,0.1799,0.023,7,0,0.0787,0.0091,7,0,0.558,0.0232,7,0,10.4034,0.6398,7,0
3657,304.7176579,-0.660052473,0.3302,0.0066,7,0,0.1497,0.0095,7,0,0.8819,0.0079,7,0,6.1467,0.2617,7,0
3658,304.7236889,0.275553891,0.2785,0.0148,7,0,0.097,0.0062,7,0,0.2217,0.0135,7,0,2.0846,0.1006,7,0
3659,304.7312608,-0.447113858,0.1189,0.0173,7,0,0.0596,0.0033,7,0,0.0924,0.0042,7,0,1.5043,0.0864,7,0
3660,304.7351223,-0.465110807,0.0499,0.0328,7,0,0.0148,0.0088,7,0,0.0402,0.0062,7,0,1.1294,0.0733,7,0
3661,304.7666146,-0.811563829,0.4349,0.006,7,0,0.132,0.0071,7,0,0.7028,0.0207,7,0,8.7376,0.181,7,0
3662,304.7692239,-0.519301087,1.4242,0.123,7,0,0.8805,0.0554,7,0,4.9804,0.1126,7,0,38.557,1.1389,7,0
3663,304.7721565,-0.817405031,0.358,0.0266,7,0,0.0783,0.0063,7,0,0.1632,0.0121,7,0,4.0553,0.1947,7,0
3664,304.7955442,-0.162726194,1.4953,0.1101,7,0,0.5609,0.0237,7,0,2.5213,0.0296,7,0,24.9377,0.6917,7,0
3665,304.7985173,0.581874802,1.9704,0.11,7,0,0.6504,0.09,7,0,4.6176,0.3308,7,0,56.5534,4.0001,7,0
3666,304.8180202,0.268649309,0.6998,0.064,7,0,0.2772,0.0208,7,0,0.2898,0.0261,7,0,8.3661,0.524,7,0
3667,304.9131489,0.36904293,0.0814,0.0173,7,0,0.014,0.0023,7,0,0.0561,0.0073,7,0,0.7623,0.0866,7,0
3668,304.918029,0.365157751,0.3357,0.0259,7,0,0.0947,0.0093,7,0,0.2485,0.0159,7,0,4.2942,0.1782,7,0
3669,304.9215236,0.516046738,0.8489,0.0578,7,0,0.2011,0.0244,7,0,0.3997,0.0353,7,0,5.1601,0.3658,7,0
3670,304.9327783,0.543732315,3.2374,0.1909,7,0,,,,,,,,,25.5969,2.8513,7,0
3671,305.1012418,-0.804240199,0.0501,0.0072,7,0,0.0109,0.0016,7,0,0.031,0.0031,7,0,0.9264,0.0882,7,0
3672,305.1035545,-0.810720934,0.0372,0.0023,7,0,0.0103,0.0006,7,0,0.0236,0.0016,7,0,0.2855,0.0215,7,0
3673,305.1324143,-0.841768776,0.1453,0.0113,7,0,0.0508,0.0031,7,0,0.0737,0.0052,7,0,1.0557,0.0696,7,0
3674,305.1494838,0.562988803,0.4125,0.0251,7,0,0.1331,0.0079,7,0,0.1594,0.0147,7,0,2.1535,0.1723,7,0
3675,305.1956718,0.033338759,19.8122,1.4267,7,0,,,,,,,,,1982.1431,119.6731,7,0
3676,305.1979719,-0.515445071,0.857,0.1012,7,0,0.2593,0.0324,7,0,0.3609,0.0283,7,0,15.7273,0.981,7,0
3677,305.1994351,0.207828631,17.8553,0.9422,7,0,,,,,,,,,1211.6321,251.7886,7,0
3678,305.2680459,-0.007313367,31.9109,1.42,7,0,,,,,,,,,1488.6212,94.0343,7,0
3679,305.26846,-0.899043092,0.0656,0.0212,7,0,0.0312,0.0076,7,0,0.0682,0.0145,7,0,0.9158,0.1772,7,0
3680,305.3093669,0.660361906,0.0457,0.0034,7,0,0.0164,0.0013,7,0,0.037,0.0018,7,0,0.6446,0.0485,7,0
3681,305.3094243,0.472928891,0.1335,0.0193,7,0,0.0452,0.0028,7,0,0.2338,0.0099,7,0,2.4986,0.1459,7,0
3682,305.3210499,0.070610726,16.7926,1.4404,7,0,,,,,,,,,591.1472,39.9807,7,0
3683,305.3327972,0.563794776,0.1506,0.0127,7,0,0.0339,0.0039,7,0,0.0381,0.0037,7,0,1.4949,0.1292,7,0
3684,305.3369821,0.56074548,0.0952,0.0173,7,0,0.0326,0.0022,7,0,0.0682,0.0069,7,0,1.3263,0.0728,7,0
3685,305.3519946,0.197164488,67.5764,5.0364,7,0,,,,,,,,,3900.7593,435.9531,7,0
3686,305.3815493,-0.238296662,2.038,0.3232,7,0,0.6565,0.1453,7,0,4.4086,0.4921,7,0,56.7659,8.026,7,0
3687,305.3826692,-0.226100983,0.8574,0.0499,7,0,0.2642,0.0296,7,0,0.624,0.0572,7,0,11.5708,1.6058,7,0
3688,305.4395156,-0.234103178,5.6324,1.7047,7,0,1.7952,0.6931,7,0,6.7265,1.1568,7,0,129.4098,34.7332,7,0
3689,305.4873782,0.33380207,0.5993,0.3232,7,0,0.2362,0.1196,7,0,2.0434,0.5798,7,0,10.5121,5.7256,7,0
3690,305.5249597,-0.136414802,0.0016,0.0858,7,0,0.0297,0.0101,7,0,0.2937,0.0451,7,0,5.369,0.8339,7,0
3691,305.5438355,-0.340153978,1.1168,0.04,7,0,0.3082,0.0119,7,0,0.8835,0.078,7,0,19.5798,0.3683,7,0
3692,305.5534713,0.010262687,23.2771,5.3907,7,0,,,,,,,,,1042.2426,282.6262,7,0
3693,305.5617426,0.012628926,11.1589,1.5017,5,0,,,,,,,,,1080.7398,36.0329,5,0
3694,305.6029178,-0.692187174,1.5646,0.049,5,0,0.8073,0.0459,5,0,,,,,50.7704,1.1025,5,0
3695,305.6058119,-0.708496243,0.6931,0.0438,5,0,0.1976,0.0207,5,0,0.4957,0.0318,5,0,11.8885,0.6661,5,0
3696,305.6250812,-0.646789393,1.2569,0.3121,5,0,0.4496,0.1731,5,0,1.5009,0.2464,5,0,21.133,7.7859,5,0
3697,305.6323211,0.522637708,0.776,0.0664,5,0,0.1952,0.0142,5,0,1.2677,0.0534,5,0,19.2166,0.8003,5,0
3698,305.6504483,0.524995888,0.2181,0.075,5,0,0.0759,0.0371,5,0,0.1315,0.038,5,0,4.6152,2.0356,5,0
3699,305.6572127,-0.541286739,0.1489,0.0463,5,0,0.0444,0.0157,5,0,0.0608,0.0215,5,0,0.8734,0.3222,5,0
3700,305.7266057,-0.233823482,1.4217,0.1228,5,0,0.4379,0.0589,5,0,0.77,0.0527,5,0,23.9766,1.2187,5,0
3701,305.7784012,-0.252521085,1.3148,0.1701,5,0,0.4139,0.068,5,0,1.1737,0.1591,5,0,26.099,2.3194,5,0
3702,305.7890941,0.280864118,1.2264,0.0759,5,0,1.5056,0.2014,5,0,,,,,9.452,0.8871,5,0
3703,305.789952,-0.090877941,0.351,0.0105,5,0,0.0978,0.0048,5,0,0.2934,0.0212,5,0,9.3401,0.2442,5,0
3704,305.7955536,-0.249741512,1.4258,0.4533,5,0,0.1883,0.1091,5,0,,,,,37.9041,13.8997,5,0
3705,305.7997364,-0.250960719,4.7451,0.8616,5,0,1.243,0.3207,5,0,,,,,-60.6357,186.6693,5,0
3706,305.8263364,-0.192063796,0.5715,0.065,5,0,0.1564,0.0195,5,0,0.4414,0.0545,5,0,16.3563,1.1329,5,0
3707,305.8339384,-0.184622315,0.1716,0.0068,5,0,0.0289,0.0031,5,0,0.159,0.011,5,0,1.597,0.0965,5,0
3708,305.8376444,-0.063006104,3.7042,2.6161,5,0,1.7556,1.0723,5,0,8.1811,2.8401,5,0,98.9685,63.2974,5,0
3709,305.8842748,0.01815148,0.2494,0.0204,5,0,0.0397,0.0084,5,0,2.1756,0.7031,5,0,172.8721,26.7118,5,0
3710,305.8845925,-0.245470077,0.9239,0.0767,5,0,0.3759,0.0254,5,0,1.0017,0.0521,5,0,13.0765,0.3704,5,0
3711,305.8927385,0.02014577,1.1973,0.075,5,0,0.3285,0.0503,5,0,1.6285,0.0588,5,0,15.9187,0.7595,5,0
3712,305.9393665,-0.163185937,3.3964,0.109,5,0,1.0937,0.1921,5,0,,,,,91.9095,6.0501,5,0
3713,305.959286,0.265691696,0.1966,0.0212,5,0,0.0635,0.0084,5,0,0.1443,0.0178,5,0,3.1476,0.2368,5,0
3714,305.9747508,-0.165128127,4.5318,0.2191,5,0,1.4695,0.1283,5,0,4.6892,0.1298,5,0,43.3414,2.3456,5,0
3715,306.0012658,-0.136289535,0.1066,0.0243,5,0,0.0442,0.0047,5,0,0.1456,0.0118,5,0,2.9342,0.2473,5,0
3716,306.011549,-0.796889425,0.0328,0.0054,5,0,0.0117,0.0025,5,0,0.0248,0.0047,5,0,0.2912,0.0422,5,0
3717,306.0513414,-0.053534662,0.3944,0.069,5,0,0.1532,0.0299,5,0,0.1996,0.0233,5,0,2.3781,0.227,5,0
3718,306.0526596,-0.038924,4.4829,0.5087,5,0,1.51,0.1844,5,0,9.4581,0.598,5,0,116.0381,7.7369,5,0
3719,306.0652847,-0.328776633,3.2807,0.3623,5,0,1.169,0.1613,5,0,4.1322,0.2263,5,0,73.336,7.7094,5,0
3720,306.0997586,-0.564697899,0.0327,0.0021,5,0,0.0154,0.0015,5,0,0.0171,0.0021,5,0,0.1431,0.0204,5,0
3721,306.1775213,-0.351856034,1.3966,0.066,5,0,0.3503,0.0234,5,0,0.9905,0.0311,5,0,22.7981,0.8005,5,0
3722,306.1811421,-0.345751413,0.2741,0.0252,5,0,0.0758,0.0058,5,0,0.1311,0.0151,5,0,3.7048,0.3126,5,0
3723,306.2408733,0.288754415,0.2847,0.0189,5,0,0.3018,0.0242,5,0,1.027,0.0393,5,0,0.5213,0.2076,5,0
3724,306.2457259,-0.546732141,0.5755,0.048,5,0,0.1937,0.0202,5,0,0.2377,0.0302,5,0,5.4483,0.1483,5,0
3725,306.2538456,0.278993482,0.2916,0.0055,5,0,0.0952,0.0145,5,0,0.3418,0.04,5,0,5.3641,0.4296,5,0
3726,306.3218203,-0.331875877,0.6764,0.0383,5,0,0.2095,0.0148,5,0,3.5649,0.2047,5,0,39.0288,1.2981,5,0
3727,306.343696,-0.324308511,0.9716,0.1143,5,0,0.219,0.0263,5,0,1.5854,0.1051,5,0,50.8852,2.1605,5,0
3728,306.3899613,0.283756705,0.12,0.0217,5,0,0.0501,0.0062,5,0,0.0776,0.0112,5,0,1.3955,0.2425,5,0
3729,306.4075691,-0.012982524,4.052,0.1342,5,0,1.2502,0.1812,5,0,4.4092,0.1361,5,0,11.6215,1.0991,5,0
3730,306.4138639,-0.689462404,0.2917,0.0511,5,0,0.2641,0.0368,5,0,2.0007,0.1937,5,0,2.0076,0.4055,5,0
3731,306.5420811,0.476080004,0.7552,0.059,5,0,0.2486,0.0273,5,0,0.3818,0.0354,5,0,17.4128,0.5642,5,0
3732,306.6500031,0.390612971,0.0927,0.0123,5,0,0.0355,0.004,5,0,0.0638,0.0095,5,0,0.3139,0.0511,5,0
3733,306.6790174,0.224273603,0.3295,0.1172,5,0,0.0976,0.0527,5,0,0.1165,0.0554,5,0,3.8629,0.2314,5,0
3734,306.7544619,-0.399656123,2.4274,0.1517,5,0,0.8123,0.0884,5,0,2.3376,0.1089,5,0,41.1592,2.2552,5,0
3735,306.7798211,0.191962839,0.2267,0.0199,5,0,0.0795,0.005,5,0,0.1751,0.0132,5,0,2.0761,0.0774,5,0
3736,306.8296847,-0.970970341,0.1759,0.0533,5,0,0.1052,0.021,5,0,0.2473,0.0374,5,0,2.1402,0.2845,5,0
3737,306.9195791,0.209270064,0.1143,0.0415,5,0,0.0382,0.0235,5,0,0.1214,0.0516,5,0,1.5713,0.9,5,0
3738,306.9435897,-0.732368358,0.3154,0.0644,5,0,0.1364,0.0242,5,0,0.1551,0.0313,5,0,3.0918,0.2089,5,0
3739,306.9746681,1.045824655,0.0273,0.0064,4,0,0.0132,0.0013,5,0,,,,,0.0733,0.0427,5,0
3740,306.9834703,0.755383913,0.3688,0.0306,5,0,0.1568,0.0241,5,0,0.2297,0.0303,5,0,3.3754,0.1529,5,0
3741,307.0071117,-0.321408,0.0256,0.0051,5,0,0.0073,0.0033,5,0,0.0124,0.0028,5,0,0.254,0.0672,5,0
3742,307.0160351,0.704027726,0.371,0.0928,5,0,0.1253,0.0348,5,0,0.539,0.0579,5,0,7.7419,0.9367,5,0
3743,307.0785775,-0.084774241,0.2366,0.0298,5,0,0.0792,0.013,5,0,0.1366,0.025,5,0,2.827,0.3733,5,0
3744,307.1008674,0.527129756,5.9536,0.4434,5,0,2.083,0.178,5,0,5.2353,0.293,5,0,82.3467,5.012,5,0
3745,307.1140544,-0.56947888,1.5397,0.0722,5,0,0.6103,0.033,5,0,0.3932,0.0169,5,0,0.708,0.2448,5,0
3746,307.1261928,-0.490486612,0.2795,0.0062,5,0,0.1127,0.0109,5,0,0.1906,0.0177,5,0,2.604,0.1143,5,0
3747,307.1972571,-0.164579936,0.0787,0.0249,5,0,0.0403,0.011,5,0,0.201,0.0201,5,0,1.4762,0.2254,5,0
3748,307.2340368,0.915081688,0.4742,0.1684,5,0,0.2078,0.0812,5,0,0.234,0.0641,5,0,5.8922,0.9873,5,0
3749,307.2753932,0.83824988,0.055,0.0082,5,0,0.0394,0.0038,5,0,0.4846,0.0198,5,0,0.9265,0.2128,5,0
3750,307.3103757,0.172301382,0.4429,0.0775,5,0,0.1254,0.0364,5,0,0.1765,0.0613,5,0,3.1038,0.8995,5,0
3751,307.3161367,0.172577395,0.096,0.006,5,0,0.0191,0.0049,5,0,0.0639,0.0107,5,0,0.8299,0.162,5,0
3752,307.3354796,0.192212237,0.1766,0.0401,5,0,0.0852,0.0174,5,0,0.1403,0.0342,5,0,1.0162,0.2935,5,0
3753,307.3401148,0.866598061,0.4653,0.0694,5,0,0.1629,0.046,5,0,0.2507,0.0513,5,0,5.7491,0.3659,5,0
3754,307.3724042,-0.947060947,0.5385,0.0407,5,0,0.1647,0.0226,5,0,0.7002,0.0778,5,0,15.4473,1.1148,5,0
3755,307.3809835,-0.937814516,1.3198,0.1716,5,0,0.5427,0.0635,5,0,2.7062,0.1672,5,0,51.8236,3.7771,5,0
3756,307.3856714,-0.615080641,0.166,0.0103,5,0,0.0583,0.0054,5,0,0.1234,0.0091,5,0,1.8868,0.1008,5,0
3757,307.3941983,-0.584757633,1.112,0.0367,5,0,0.5929,0.0175,5,0,4.0544,0.0909,5,0,35.437,0.8236,5,0
3758,307.4134409,-0.708780572,0.4861,0.1619,5,0,0.1809,0.0538,5,0,0.4599,0.0897,5,0,11.0457,2.1202,5,0
3759,307.4465645,-0.358620391,0.3527,0.0431,5,0,0.1575,0.0292,5,0,1.6191,0.2121,5,0,2.7421,0.5215,5,0
3760,307.4504893,-0.846459398,0.4857,0.0901,5,0,0.2824,0.032,5,0,0.7017,0.0648,5,0,18.5734,0.9595,5,0
3761,307.4634975,0.250914868,1.7043,0.1139,5,0,0.6196,0.043,5,0,4.8515,0.1843,5,0,31.7458,2.4268,5,0
3762,307.4783963,-0.807573705,0.4201,0.0509,5,0,0.1584,0.0132,5,0,0.3873,0.0297,5,0,11.16,0.1139,5,0
3763,307.5033931,-0.821659001,1.6752,0.1311,5,0,0.7081,0.0205,5,0,2.5974,0.1009,5,0,42.3097,1.1719,5,0
3764,307.5211296,0.160110395,0.4959,0.0345,5,0,0.2251,0.0146,5,0,0.8354,0.0288,5,0,13.6235,0.7293,5,0
3765,307.5426555,0.778368611,0.1088,0.033,5,0,0.0289,0.0061,5,0,0.0349,0.0089,5,0,1.0876,0.3573,5,0
3766,307.5443445,0.745202363,0.1381,0.0266,5,0,0.031,0.0048,5,0,0.0379,0.0069,5,0,0.8922,0.1967,5,0
3767,307.5603668,-0.587604063,14.0044,1.2901,5,0,,,,,,,,,1321.8795,34.3996,5,0
3768,307.6052719,-0.601235075,0.6949,0.1411,5,0,0.2262,0.0512,5,0,1.0651,0.2554,5,0,27.3728,3.2184,5,0
3769,307.6124847,-0.257254933,13.8405,1.3677,5,0,,,,,,,,,369.529,27.8925,5,0
3770,307.621328,-0.262145013,4.9842,0.609,5,0,,,,,,,,,235.9384,14.8034,5,0
3771,307.6248963,-0.890160426,0.0378,0.0034,5,0,0.0097,0.0008,5,0,0.0221,0.0015,5,0,0.174,0.0398,5,0
3772,307.6320086,0.382303274,0.0676,0.0086,5,0,0.0244,0.0029,5,0,0.0246,0.0021,5,0,0.369,0.0589,5,0
3773,307.6643516,-0.381846607,0.6228,0.1621,5,0,0.183,0.0432,5,0,0.1988,0.0445,5,0,5.8306,1.2789,5,0
3774,307.6780929,-0.157530416,0.1365,0.0154,5,0,0.0742,0.0033,5,0,1.14,0.0264,5,0,5.3143,0.2106,5,0
3775,307.6981228,-0.747940799,0.0633,0.0061,5,0,0.0327,0.0033,5,0,0.0904,0.0092,5,0,2.2099,0.1956,5,0
3776,307.7577713,0.354316214,2.9148,0.244,5,0,0.9591,0.0963,5,0,7.859,0.3366,5,0,80.4204,4.8579,5,0
3777,307.7718714,0.546522287,0.0998,0.0133,5,0,0.0422,0.009,5,0,0.0571,0.005,5,0,0.444,0.0688,5,0
3778,307.7843161,-0.951632422,0.0257,0.0033,5,0,0.0079,0.0012,5,0,0.0187,0.0013,5,0,0.1927,0.0129,5,0
3779,307.8088463,-0.452540724,0.1498,0.0328,5,0,0.0153,0.0066,5,0,0.335,0.243,5,0,3.3038,1.7071,5,0
3780,307.820481,-0.448958347,0.0523,0.0096,5,0,0.0148,0.0043,5,0,0.0362,0.0058,5,0,0.6901,0.0615,5,0
3781,307.8503002,0.013564669,0.9314,0.0299,5,0,0.3105,0.0101,5,0,0.3864,0.0359,5,0,9.5805,0.3324,5,0
3782,307.8962775,-0.46315333,2.359,0.3096,5,0,0.6642,0.1877,5,0,1.9067,0.249,5,0,49.4595,5.788,5,0
3783,307.956165,0.016259771,1.2969,0.1448,5,0,0.4174,0.019,5,0,4.8241,0.1231,5,0,67.5781,0.9362,5,0
3784,308.0313108,-1.053548564,5.3343,0.078,5,0,1.9152,0.1051,5,0,,,,,312.4762,4.5665,5,0
3785,308.0383685,-0.630417635,0.0817,0.0157,5,0,0.0252,0.0038,5,0,0.0866,0.0088,5,0,1.0302,0.1371,5,0
3786,308.0684084,-0.437166393,0.4842,0.0143,5,0,0.1221,0.0054,5,0,0.7614,0.017,5,0,9.6879,0.2281,5,0
3787,308.0758078,-0.422360829,0.182,0.0808,5,0,0.033,0.003,5,0,0.4529,0.0401,5,0,8.9627,0.8516,5,0
3788,308.0782124,-0.466727611,1.1268,0.0374,5,0,0.4769,0.0203,5,0,4.9338,0.1073,5,0,28.0202,0.4478,5,0
3789,308.0804893,-0.412066502,4.0344,0.2184,5,0,2.2454,0.2025,5,0,16.5669,1.5216,5,0,145.2644,25.42,5,0
3790,308.1299667,-0.487689739,0.0854,0.0198,5,0,0.0357,0.003,5,0,0.0611,0.0068,5,0,1.1991,0.0457,5,0
3791,308.1566217,0.070183806,0.03,0.0064,5,0,0.0064,0.0011,5,0,0.0122,0.0021,5,0,0.1825,0.0177,5,0
3792,308.1866748,0.088234967,0.0758,0.0104,5,0,0.0089,0.0013,5,0,0.0282,0.0025,5,0,1.3309,0.0792,5,0
3793,308.2002869,-1.020547689,1.3991,0.1054,5,0,0.8909,0.0636,5,0,,,,,86.8879,2.8592,5,0
3794,308.2232692,-0.863760821,0.1813,0.0244,5,0,0.0499,0.0086,5,0,0.1961,0.0228,5,0,7.3465,0.3439,5,0
3795,308.2481632,-0.990048673,0.5073,0.0522,5,0,0.2161,0.0252,5,0,1.6108,0.1059,5,0,19.2644,1.9475,5,0
3796,308.2557693,-0.378625359,0.2409,0.0258,5,0,0.0692,0.0097,5,0,0.5745,0.0468,5,0,8.9959,1.0896,5,0
3797,308.2597777,-0.962235887,0.1683,0.0303,5,0,0.0541,0.0097,5,0,0.1584,0.0165,5,0,3.6479,0.1906,5,0
3798,308.3901671,0.34687051,0.1265,0.0606,5,0,0.0272,0.018,5,0,0.1418,0.0853,5,0,2.2242,1.4462,5,0
3799,308.4145719,-0.454218888,0.3558,0.0293,5,0,0.0941,0.0134,5,0,0.085,0.0108,5,0,1.7243,0.2072,5,0
3800,308.4491473,0.24642316,3.8428,0.0526,5,0,0.8869,0.0923,5,0,2.3049,0.0512,5,0,0.2446,0.0301,5,0
3801,308.4602824,-1.00386529,1.2279,0.0479,5,0,0.5578,0.028,5,0,6.7685,0.087,5,0,61.086,1.8682,5,0
3802,308.4611855,-0.24393117,0.0583,0.0065,5,0,0.0257,0.0038,5,0,0.1113,0.0102,5,0,0.9141,0.1285,5,0
3803,308.4784219,-0.085639164,0.1824,0.0542,5,0,0.0407,0.0127,5,0,0.0399,0.0112,5,0,2.351,0.2787,5,0
3804,308.6273984,-0.496055806,0.1379,0.0144,5,0,0.0232,0.0011,5,0,0.0811,0.0032,5,0,3.3177,0.1383,5,0
3805,308.627581,-0.298670139,1.4088,0.1095,5,0,0.4553,0.0536,5,0,0.6048,0.0576,5,0,14.6244,1.7725,5,0
3806,308.6438812,0.64411437,3.0391,0.2992,5,0,0.7675,0.0486,5,0,,,,,162.404,4.5434,5,0
3807,308.6507536,-0.507739755,1.4185,0.0364,5,0,0.5336,0.0124,5,0,6.7122,0.0492,5,0,195.1552,4.2213,5,0
3808,308.6625714,0.084728788,0.287,0.0165,5,0,0.1209,0.0052,5,0,0.2066,0.0104,5,0,4.7221,0.0836,5,0
3809,308.726306,0.778054356,0.335,0.0476,5,0,0.1222,0.0102,5,0,0.2124,0.0091,5,0,3.7682,0.1863,5,0
3810,308.7337772,-0.726694731,0.1289,0.0174,5,0,0.0435,0.0021,5,0,0.0458,0.0047,5,0,1.4927,0.0909,5,0
3811,308.7340001,-0.508442562,5.1321,0.357,5,0,1.1546,0.1289,5,0,10.3433,0.2896,5,0,101.1916,1.9964,5,0
3812,308.7397163,-0.249231511,0.1281,0.0038,5,0,0.0263,0.0043,5,0,0.1052,0.0083,5,0,2.7801,0.2149,5,0
3813,308.7455506,0.547474128,3.9605,0.3666,5,0,-0.4761,0.2271,5,0,,,,,64.9455,8.7819,5,0
3814,308.7469567,-0.240925099,0.2003,0.0188,5,0,0.0707,0.0083,5,0,0.2473,0.0191,5,0,5.51,0.1919,5,0
3815,308.7898527,-0.24342028,0.5368,0.2007,5,0,0.1149,0.0469,5,0,0.3149,0.0617,5,0,14.9527,1.714,5,0
3816,308.7937053,0.167154852,4.3939,0.2057,5,0,1.5903,0.0912,5,0,7.3462,0.2534,5,0,99.6645,3.4878,5,0
3817,308.7960388,0.098790556,0.3398,0.0203,5,0,0.1664,0.0033,5,0,0.7565,0.0183,5,0,7.5733,0.408,5,0
3818,308.7978136,0.166572579,1.4185,0.7879,5,0,0.427,0.3489,5,0,2.0907,1.321,5,0,25.1782,20.0519,5,0
3819,308.8129158,0.400265849,0.2081,0.0497,5,0,0.0867,0.0128,5,0,0.5018,0.0298,5,0,5.2017,0.4906,5,0
3820,308.8546222,-0.35486197,0.2581,0.0781,5,0,0.0942,0.0627,5,0,0.1256,0.0623,5,0,5.1687,3.3962,5,0
3821,308.8551629,-0.346944327,0.3774,0.0873,5,0,0.0975,0.0507,5,0,0.1966,0.0777,5,0,8.219,3.2792,5,0
3822,308.856466,-0.339528552,0.2179,0.1729,5,0,0.0454,0.0303,5,0,0.1,0.0604,5,0,3.0057,1.4586,5,0
3823,308.8592482,-0.448352497,0.6537,0.0508,5,0,0.2598,0.0171,5,0,2.1383,0.0458,5,0,22.1565,0.9492,5,0
3824,308.8867903,-0.712957149,0.3379,0.0563,5,0,0.1263,0.016,5,0,0.1817,0.0318,5,0,4.4606,0.3074,5,0
3825,308.9171322,-0.238984829,0.6107,0.0597,5,0,0.2036,0.0147,5,0,0.4146,0.0277,5,0,8.8652,0.3949,5,0
3826,309.000206,-0.030604152,1.1874,0.1243,5,0,0.4106,0.0256,5,0,0.7385,0.0428,5,0,18.5245,0.7588,5,0
3827,309.0042301,-0.841936227,0.0533,0.0095,5,0,0.0236,0.0017,5,0,0.0495,0.003,5,0,0.3556,0.0793,5,0
3828,309.0148687,0.207603403,4.3461,0.2021,5,0,1.3326,0.0191,5,0,5.7461,0.2427,5,0,52.8849,2.11,5,0
3829,309.036943,-0.31431278,0.1256,0.019,5,0,0.037,0.0028,5,0,0.0486,0.0051,5,0,1.734,0.0894,5,0
3830,309.0920773,0.262543566,1.1436,0.0818,5,0,0.6786,0.0177,5,0,1.8344,0.0635,5,0,5.4988,0.4172,5,0
3831,309.1159451,-0.226798658,0.3392,0.0142,5,0,0.0919,0.0049,5,0,0.3861,0.0134,5,0,10.5006,0.3404,5,0
3832,309.1191499,-0.203195744,0.3778,0.0621,5,0,0.0786,0.0105,5,0,1.0499,0.0582,5,0,43.0883,2.5409,5,0
3833,309.1510268,-0.916247423,0.2929,0.0094,5,0,0.112,0.0115,5,0,0.2192,0.0194,5,0,5.3765,0.9148,5,0
3834,309.1740381,-0.327266185,0.5547,0.0443,5,0,0.1856,0.0153,5,0,1.0629,0.0555,5,0,18.6548,1.0392,5,0
3835,309.1768714,-0.027604033,5.9759,0.5337,5,0,3.0363,0.1043,5,0,,,,,256.0868,5.9186,5,0
3836,309.2203627,-0.461725426,3.4574,0.0894,5,0,1.0548,0.0678,5,0,,,,,90.8651,2.3616,5,0
3837,309.2303497,-0.459260721,0.1433,0.0199,5,0,0.0272,0.007,5,0,0.1762,0.02,4,0,4.0195,1.0687,5,0
3838,309.24112,0.374295397,0.0357,0.0028,5,0,0.0148,0.0006,5,0,0.0228,0.0022,5,0,0.3536,0.0164,5,0
3839,309.2651175,-0.482104432,0.6583,0.0432,5,0,0.2273,0.0263,5,0,0.7669,0.0463,5,0,22.5816,1.2505,5,0
3840,309.2665024,-0.25156646,0.0809,0.0131,5,0,0.0365,0.0025,5,0,0.0647,0.0044,5,0,1.6793,0.1134,5,0
3841,309.2699575,-0.522651052,0.2913,0.2184,5,0,0.0591,0.0428,5,0,0.3754,0.2499,5,0,17.0913,11.9828,5,0
3842,309.2707916,-0.517806537,1.1394,0.0895,5,0,0.222,0.0206,5,0,1.3733,0.0894,5,0,50.437,2.1184,5,0
3843,309.2722655,-0.223803634,1.1605,0.0491,5,0,0.3731,0.0307,5,0,0.7,0.0509,5,0,37.7182,1.9935,5,0
3844,309.280749,-0.517816267,0.1269,0.0114,5,0,0.0312,0.0032,5,0,0.0959,0.0123,5,0,3.1842,0.1792,5,0
3845,309.284542,-0.510241878,0.1008,0.0133,5,0,0.0359,0.0021,5,0,0.1794,0.0149,5,0,4.1868,0.1137,5,0
3846,309.2852808,-0.626500508,0.7403,0.1142,5,0,0.2558,0.0401,5,0,1.0759,0.108,5,0,9.994,2.0959,5,0
3847,309.3504063,-0.585407823,0.5787,0.1477,5,0,0.6344,0.0565,5,0,9.0025,0.7081,5,0,25.1301,5.0107,5,0
3848,309.3763875,-0.136942991,0.8819,0.1733,5,0,0.2027,0.0494,5,0,1.2458,0.0982,5,0,17.7903,0.8582,5,0
3849,309.3929665,-0.112219576,1.8373,0.2111,5,0,0.5612,0.0721,5,0,2.0011,0.1335,5,0,34.0382,4.4975,5,0
3850,309.43834,0.261772878,0.4788,0.042,5,0,0.2108,0.0162,5,0,0.2605,0.0208,5,0,10.777,0.4048,5,0
3851,309.467395,-0.10604044,1.8076,0.1965,5,0,0.4923,0.0537,5,0,2.0874,0.1804,5,0,50.3132,5.5658,5,0
3852,309.4941181,-0.020920722,0.8579,0.0959,5,0,0.2481,0.028,5,0,0.3899,0.0386,5,0,20.4144,1.2444,5,0
3853,309.5003341,-0.401970551,0.0598,0.0268,5,0,0.0243,0.0028,5,0,0.0839,0.0099,5,0,0.6819,0.1249,5,0
3854,309.5078396,-0.601803956,0.1278,0.0213,5,0,0.0428,0.0047,5,0,0.032,0.0064,5,0,0.0042,0.0505,5,0
3855,309.5090696,-0.867615543,0.1136,0.015,5,0,0.0392,0.0037,5,0,0.1422,0.008,5,0,1.1045,0.1087,5,0
3856,309.5175562,-0.754731733,0.6856,0.124,5,0,0.1624,0.0089,5,0,0.3878,0.0357,5,0,9.6707,1.7137,5,0
3857,309.6063195,0.454915423,0.1624,0.0128,5,0,0.0641,0.0047,5,0,0.126,0.0109,5,0,3.8535,0.1513,5,0
3858,309.6136061,0.442562349,0.0448,0.0079,5,0,0.0127,0.0029,5,0,0.0211,0.0039,5,0,0.8418,0.0937,5,0
3859,309.6829245,0.118541651,0.0882,0.0182,5,0,0.0922,0.0047,5,0,1.2894,0.0429,5,0,3.4024,0.2249,5,0
3860,309.7358509,0.122434503,0.0636,0.0067,5,0,0.0256,0.0015,5,0,0.0499,0.0048,5,0,1.4544,0.0835,5,0
3861,309.8250535,0.024720014,0.033,0.0103,5,0,0.0167,0.0023,5,0,0.0524,0.0072,5,0,0.3353,0.0496,5,0
3862,309.8885463,0.399303975,22.6221,1.6718,5,0,-0.8296,0.3935,5,0,,,,,496.942,27.232,5,0
3863,309.8942538,0.220903737,0.0644,0.014,5,0,0.0395,0.0035,5,0,0.0843,0.01,5,0,1.6429,0.2212,5,0
3864,309.9387697,0.247166775,0.457,0.106,5,0,0.1891,0.0232,5,0,1.2215,0.1691,5,0,9.3383,1.3992,5,0
3865,309.9493044,-0.466135052,0.1471,0.0316,5,0,0.0511,0.0069,5,0,0.2734,0.0158,5,0,2.2986,0.2567,5,0
3866,309.9795225,0.54970415,6.7195,0.0757,5,0,1.7068,0.1416,5,0,,,,,180.3245,5.6568,5,0
3867,309.986154,0.295819512,1.2234,0.1279,5,0,0.4717,0.024,5,0,1.3532,0.0663,5,0,25.6158,0.8558,5,0
3868,310.0034936,0.503053705,5.3564,0.8362,5,0,1.7259,0.0414,5,0,6.9879,0.469,5,0,154.2309,7.1236,5,0
3869,310.0290869,-0.184219017,0.4838,0.0541,5,0,0.1777,0.0045,5,0,0.5291,0.0105,5,0,10.1706,0.2626,5,0
3870,310.1416138,0.7578089,3.029,0.1599,5,0,1.016,0.0687,5,0,,,,,1277.8846,19.6421,5,0
3871,310.172052,-0.268872519,0.1314,0.0063,5,0,0.0276,0.0023,5,0,0.1757,0.0275,5,0,3.2535,0.2189,5,0
3872,310.1771132,-0.034980869,0.1384,0.016,5,0,0.0375,0.0012,5,0,0.0885,0.005,5,0,1.5749,0.1471,5,0
3873,310.1806441,-0.112989735,0.3587,0.0754,5,0,0.0662,0.0181,5,0,0.1923,0.0408,5,0,12.6496,2.191,5,0
3874,310.1809264,-0.116856039,0.1385,0.0568,5,0,0.0138,0.0082,5,0,0.1876,0.0424,5,0,7.0669,3.4827,5,0
3875,310.2326905,0.395443975,4.5222,0.0719,5,0,1.0314,0.1173,5,0,1.6993,0.0439,5,0,0.6657,0.1152,5,0
3876,310.2463325,-0.191446348,0.8892,0.1167,5,0,0.2702,0.0408,5,0,3.0423,0.1643,5,0,30.0328,2.9147,5,0
3877,310.246407,-0.314811284,0.0833,0.0097,5,0,0.0286,0.0037,5,0,0.0464,0.0035,5,0,1.3901,0.1641,5,0
3878,310.2607221,0.56713669,0.108,0.0436,5,0,0.0298,0.0107,5,0,0.0574,0.0121,5,0,0.4771,0.2486,5,0
3879,310.2811917,-0.765553166,0.2441,0.029,5,0,0.0852,0.0045,5,0,0.2185,0.0077,5,0,4.4614,0.1093,5,0
3880,310.3151254,0.524842845,0.0302,0.0075,5,0,0.0139,0.0006,5,0,0.0249,0.0066,5,0,0.353,0.0523,5,0
3881,310.3221619,0.29873545,0.1466,0.0064,5,0,0.0931,0.0034,5,0,0.1622,0.0052,5,0,1.1306,0.0233,5,0
3882,310.3221663,-0.216454865,0.2336,0.04,5,0,0.1098,0.0064,5,0,0.1284,0.0137,5,0,7.4778,0.2623,5,0
3883,310.3429525,-0.074278349,0.4542,0.061,5,0,0.1483,0.0351,5,0,0.6726,0.1251,5,0,19.8466,5.7698,5,0
3884,310.3721007,-0.198634725,0.2565,0.039,5,0,0.1377,0.0109,5,0,0.2713,0.0203,5,0,9.9382,0.4141,5,0
3885,310.3748055,-0.297736591,2.3809,0.1201,5,0,0.7938,0.0612,5,0,4.818,0.0424,5,0,38.5672,2.9,5,0
3886,310.3828092,-0.387055849,0.0347,0.0059,5,0,0.0127,0.0033,5,0,0.0362,0.0113,5,0,1.7768,0.624,5,0
3887,310.4003001,0.115058105,0.2503,0.0138,5,0,0.0561,0.0072,5,0,0.1631,0.0072,5,0,4.3452,0.1879,5,0
3888,310.404942,0.111527961,0.2134,0.0297,5,0,0.0279,0.0038,5,0,0.0566,0.0111,5,0,2.3028,0.2794,5,0
3889,310.4186198,0.309083948,0.3084,0.0199,5,0,0.1497,0.0089,5,0,1.291,0.0333,5,0,9.5632,0.3423,5,0
3890,310.4670898,-0.430934391,0.3908,0.0301,5,0,0.1914,0.0127,5,0,0.3119,0.0289,5,0,19.959,1.1746,5,0
3891,310.4880772,0.719311933,0.4165,0.0327,5,0,0.1405,0.0088,5,0,0.2116,0.0113,5,0,3.7339,0.1802,5,0
3892,310.4911103,0.761689154,0.1395,0.0769,5,0,0.0736,0.0066,5,0,0.1009,0.0103,5,0,3.0349,0.263,5,0
3893,310.5086819,0.682686143,1.276,0.1098,5,0,0.4075,0.0305,5,0,0.4796,0.052,5,0,18.101,1.7677,5,0
3894,310.5142284,-0.380407968,0.0771,0.0103,5,0,0.0339,0.0047,5,0,0.083,0.0051,5,0,0.7074,0.1899,5,0
3895,310.5174227,-0.217819193,2.1447,0.2556,5,0,1.7814,0.0999,5,0,12.5054,0.5943,5,0,163.1857,10.052,5,0
3896,310.5230057,-0.217861717,0.5273,0.129,5,0,-0.1064,0.0989,5,0,-0.7781,0.6823,5,0,14.6632,4.7503,5,0
3897,310.5771581,-0.454650519,2.0288,0.3252,5,0,0.7554,0.0815,5,0,0.9055,0.0878,5,0,35.1228,3.2888,5,0
3898,310.601484,-0.172913417,0.2996,0.0241,5,0,0.1079,0.0038,5,0,0.3697,0.0091,5,0,2.2015,0.1103,5,0
3899,310.6076359,0.549275816,0.4959,0.029,5,0,0.1106,0.008,5,0,0.2596,0.0232,5,0,3.5149,0.4765,5,0
3900,310.6425734,-0.428651559,0.5654,0.1148,5,0,0.1614,0.024,5,0,2.6989,0.2319,5,0,31.3994,2.7847,5,0
3901,310.6558081,-0.116483223,0.0682,0.0317,5,0,0.0532,0.0066,5,0,0.2069,0.0069,5,0,2.7536,0.1608,5,0
3902,310.6814537,-0.229653457,0.0803,0.0073,5,0,0.0249,0.0013,5,0,0.0954,0.0062,5,0,2.6699,0.1018,5,0
3903,310.6883467,0.379939995,0.1121,0.1173,5,0,0.0798,0.0058,5,0,0.1349,0.0123,5,0,2.0985,0.2893,5,0
3904,310.7042871,-0.061847567,0.159,0.0064,5,0,0.0369,0.0065,5,0,0.1872,0.024,5,0,7.4823,0.3,5,0
3905,310.7051646,0.27598942,0.1243,0.0166,5,0,0.0622,0.008,5,0,0.0714,0.0071,5,0,1.463,0.128,5,0
3906,310.719178,0.017125859,0.2056,0.0144,5,0,0.0755,0.0033,5,0,0.1313,0.0056,5,0,2.8326,0.1157,5,0
3907,310.7258014,-0.11433943,0.1056,0.0073,5,0,0.0333,0.0058,5,0,0.0471,0.0023,5,0,2.0007,0.1041,5,0
3908,310.746136,0.250441476,0.7623,0.5773,5,0,0.2665,0.2277,5,0,0.6773,0.6261,5,0,12.1693,10.34,5,0
3909,310.7516414,0.247601109,2.8735,0.289,5,0,0.9093,0.1437,5,0,2.9783,0.3149,5,0,51.5859,6.1642,5,0
3910,310.7519752,0.33037866,1.4709,0.0597,5,0,0.4744,0.0298,5,0,1.1899,0.0288,5,0,29.9762,1.0132,5,0
3911,310.7523793,-0.587356838,0.5603,0.0421,5,0,0.2688,0.0334,5,0,2.0523,0.1454,5,0,60.6332,2.7593,5,0
3912,310.7634228,-0.400515228,0.8127,0.0808,5,0,0.2793,0.0396,5,0,1.7512,0.1424,5,0,48.2785,3.5382,5,0
3913,310.768707,-0.391978179,0.2001,0.0514,5,0,0.0656,0.0122,5,0,0.3916,0.022,5,0,3.2576,0.1864,5,0
3914,310.7762091,-0.573303657,0.1566,0.0076,5,0,0.0563,0.0025,5,0,0.4601,0.0119,5,0,7.0358,0.1763,5,0
3915,310.7785599,-0.242627783,0.0642,0.007,5,0,0.0185,0.0015,5,0,0.0348,0.0046,5,0,0.6255,0.0583,5,0
3916,310.7884877,-0.48823759,0.4179,0.0251,5,0,0.1919,0.0101,5,0,3.3651,0.0586,5,0,36.2309,0.6708,5,0
3917,310.7948971,-0.606633923,0.0755,0.0045,5,0,0.0374,0.0022,5,0,0.4638,0.0159,5,0,4.7098,0.1532,5,0
3918,310.8050147,-0.010720482,0.5837,0.0253,5,0,0.1967,0.0102,5,0,0.195,0.0084,5,0,4.2653,0.242,5,0
3919,310.8495218,-0.174648087,0.1837,0.0248,5,0,0.1573,0.0057,5,0,2.0444,0.0813,5,0,5.3164,0.2594,5,0
3920,310.8803309,-0.561200577,0.1541,0.0089,5,0,0.0495,0.0085,5,0,0.119,0.0244,5,0,5.1356,0.5172,5,0
3921,310.8846822,-0.512583618,0.058,0.003,5,0,0.0241,0.0033,5,0,0.1631,0.0082,5,0,5.746,0.0978,5,0
3922,310.8895931,0.009385025,2.9639,1.3876,5,0,1.8452,0.4029,5,0,11.9867,2.0549,5,0,153.4772,52.3662,5,0
3923,310.9018075,-0.381235198,3.0627,0.2654,5,0,2.0302,0.189,5,0,20.0642,1.1955,5,0,312.3011,15.3919,5,0
3924,310.9171727,-0.722454326,0.0796,0.0171,5,0,0.0368,0.004,5,0,0.0683,0.0088,5,0,1.2625,0.0669,5,0
3925,310.9194174,-0.608633775,0.2325,0.0154,5,0,0.086,0.0045,5,0,0.2889,0.0064,5,0,8.1178,0.1456,5,0
3926,310.9322418,0.190144113,0.1875,0.0275,5,0,0.0447,0.007,5,0,0.094,0.0235,5,0,3.1399,0.9633,5,0
3927,310.9428057,-0.532300541,0.1145,0.0135,5,0,0.05,0.0063,5,0,0.0499,0.005,5,0,3.0521,0.5055,5,0
3928,310.9467558,0.946879943,0.0695,0.0019,5,0,0.0186,0.0027,5,0,0.0367,0.003,5,0,0.7535,0.058,5,0
3929,311.0045542,-0.360051622,0.3759,0.0522,5,0,0.1383,0.0278,5,0,1.4604,0.2382,5,0,24.7021,0.9631,5,0
3930,311.0256909,0.213117563,0.2226,0.025,5,0,0.0643,0.0054,5,0,0.1856,0.0027,5,0,5.8367,0.1733,5,0
3931,311.0338184,0.378946313,1.8825,0.125,5,0,0.8855,0.0776,5,0,,,,,31.2289,1.6197,5,0
3932,311.0391572,0.075913796,0.6541,0.0563,5,0,0.1945,0.0195,5,0,1.1769,0.018,5,0,27.6236,1.3624,5,0
3933,311.0444611,0.694740753,0.6877,0.0257,5,0,0.1731,0.0113,5,0,0.5995,0.0155,5,0,7.003,0.3293,5,0
3934,311.0491482,0.190267377,0.1081,0.0106,5,0,0.018,0.0026,5,0,0.0737,0.0065,5,0,2.2552,0.1221,5,0
3935,311.0593682,-0.334906749,1.4222,0.0409,5,0,0.7576,0.0907,5,0,3.673,0.0738,5,0,9.2978,0.4844,5,0
3936,311.059604,0.173582621,0.1445,0.0239,5,0,0.0255,0.0041,5,0,0.0398,0.0014,5,0,2.0021,0.1128,5,0
3937,311.0919633,-0.126346158,0.1041,0.0156,5,0,0.0544,0.0054,5,0,0.0628,0.0081,5,0,1.4824,0.1698,5,0
3938,311.1205829,0.156038081,0.0582,0.0019,5,0,0.0077,0.0008,5,0,0.0277,0.0023,5,0,1.4087,0.0813,5,0
3939,311.1375926,-0.234795324,1.2597,0.0707,5,0,0.8711,0.1028,5,0,,,,,80.8277,9.8957,5,0
3940,311.1564147,-0.038136371,1.2759,0.0358,5,0,0.3689,0.0326,5,0,1.8146,0.0875,5,0,47.6188,1.7449,5,0
3941,311.1767529,-0.400089263,3.7716,0.1797,5,0,1.3446,0.1705,5,0,9.9871,0.9497,5,0,86.5846,6.4215,5,0
3942,311.1808608,-0.072331516,3.9296,0.0682,5,0,1.0183,0.124,5,0,,,,,143.4031,9.9801,5,0
3943,311.1831607,-0.908300368,0.2342,0.0146,5,0,0.0981,0.0061,5,0,,,,,4.0757,0.1855,5,0
3944,311.1879044,0.743997793,0.8454,0.1719,5,0,0.1468,0.0319,5,0,0.2778,0.077,5,0,20.3632,2.9984,5,0
3945,311.2042257,-0.451176255,0.1417,0.0186,5,0,0.0496,0.0034,5,0,0.3254,0.0113,5,0,6.8897,0.1701,5,0
3946,311.2054594,0.647087783,0.3823,0.0327,5,0,0.2366,0.0169,5,0,3.1021,0.1755,5,0,18.1317,1.3573,5,0
3947,311.2082004,0.513404181,0.3548,0.0168,5,0,0.11,0.0131,5,0,0.1663,0.0061,5,0,5.5425,0.5016,5,0
3948,311.2553344,-0.495682107,0.2035,0.0208,5,0,0.0573,0.0068,5,0,0.1161,0.008,5,0,2.4248,0.1406,5,0
3949,311.2672298,0.235261996,0.6096,0.0141,5,0,0.1525,0.0198,5,0,0.4342,0.0376,5,0,12.9792,0.9781,5,0
3950,311.31211,-0.487660922,1.4362,0.1533,5,0,0.5086,0.05,5,0,5.9384,0.2299,5,0,86.6373,4.6326,5,0
3951,311.3211939,-0.435480623,0.1827,0.0337,5,0,0.0561,0.0106,5,0,0.2069,0.0354,5,0,5.0881,1.3721,5,0
3952,311.3863431,-0.481062634,0.3646,0.075,5,0,0.126,0.0629,5,0,0.7694,0.2397,5,0,18.1076,6.3642,5,0
3953,311.3868079,0.648739917,2.2417,0.0997,5,0,0.5158,0.0256,5,0,6.1728,0.0631,5,0,122.5217,2.8265,5,0
3954,311.3894089,-0.483924496,0.5175,0.1697,5,0,0.171,0.0694,5,0,1.0095,0.3297,5,0,22.2171,8.2431,5,0
3955,311.3906541,0.651052773,0.4356,0.0246,5,0,0.0235,0.0009,5,0,0.1551,0.0176,5,0,2.2575,0.4202,5,0
3956,311.4165756,-0.15759159,0.2167,0.0334,5,0,0.0551,0.0089,5,0,0.1074,0.0206,5,0,0.8946,0.1887,5,0
3957,311.4242758,0.596848524,7.6441,0.3207,5,0,2.0566,0.1736,5,0,,,,,248.6074,11.9737,5,0
3958,311.4269179,0.621249726,0.4363,0.0141,5,0,0.137,0.0095,5,0,0.9398,0.0304,5,0,11.3675,0.4427,5,0
3959,311.4723356,-0.203475506,0.708,0.0924,5,0,0.2881,0.015,5,0,1.3414,0.0204,5,0,41.4082,1.1615,5,0
3960,311.4817931,0.116872868,0.2515,0.0477,5,0,0.0697,0.0119,5,0,0.1216,0.021,5,0,5.6876,0.6446,5,0
3961,311.4827204,0.365324077,1.0812,0.135,5,0,0.1235,0.0216,5,0,2.1416,0.1091,5,0,29.7152,5.5364,5,0
3962,311.4829179,0.35925551,3.1376,0.7139,5,0,1.4391,0.2417,5,0,14.7167,1.951,5,0,101.8031,33.4746,5,0
3963,311.4941173,0.730127798,0.171,0.0177,5,0,0.0673,0.0077,5,0,0.1187,0.0162,5,0,4.0562,0.6284,5,0
3964,311.5050516,0.418345032,0.3425,0.0285,5,0,0.0954,0.0067,5,0,0.591,0.0284,5,0,13.7758,0.483,5,0
3965,311.5381449,0.318758346,3.4713,0.6719,5,0,1.2034,0.2179,5,0,7.4985,1.3507,5,0,122.4782,17.0105,5,0
3966,311.5402519,-0.828836994,0.0643,0.0046,5,0,0.031,0.0034,5,0,0.0779,0.0052,5,0,1.0852,0.0425,5,0
3967,311.5530009,-0.050240528,0.1451,0.032,5,0,0.0545,0.008,5,0,0.1953,0.0131,5,0,9.3432,0.2654,5,0
3968,311.5646342,0.230538732,0.1485,0.0369,5,0,0.0648,0.0044,5,0,1.3502,0.0442,5,0,43.9579,1.4368,5,0
3969,311.5933654,-0.493277109,1.7499,0.039,5,0,0.5187,0.027,5,0,4.227,0.0814,5,0,41.966,0.7085,5,0
3970,311.5946777,0.041997146,0.5552,0.0402,5,0,0.1759,0.0209,5,0,0.3444,0.0327,5,0,16.6361,2.1177,5,0
3971,311.6057744,-0.636905041,1.4633,0.0828,5,0,0.6617,0.0186,5,0,5.1913,0.0681,5,0,80.0457,1.4326,5,0
3972,311.6215709,0.294646927,2.4948,0.1636,5,0,0.764,0.0481,5,0,,,,,191.473,42.5239,5,0
3973,311.6248257,0.180397764,0.1191,0.0293,5,0,0.0328,0.0041,5,0,0.0949,0.0095,5,0,1.3284,0.162,5,0
3974,311.6256542,-0.513998901,0.319,0.0127,5,0,0.1394,0.0128,5,0,1.5243,0.0873,5,0,16.4087,0.8243,5,0
3975,311.6259141,-0.501990149,0.111,0.012,5,0,0.035,0.0038,5,0,0.3265,0.0219,5,0,4.4951,0.1763,5,0
3976,311.6272943,0.289607294,3.2322,0.725,5,0,0.6161,0.1236,5,0,,,,,1580.0448,31.3751,5,0
3977,311.6285659,-0.260805755,0.3605,0.0449,5,0,0.1162,0.0135,5,0,0.3039,0.0243,5,0,11.4321,0.8633,5,0
3978,311.6384327,0.301122707,3.6341,0.0739,5,0,1.2257,0.1661,5,0,,,,,189.4955,9.3023,5,0
3979,311.6390163,-0.793086801,0.1113,0.0049,5,0,0.0464,0.0051,5,0,0.1449,0.0097,5,0,2.3381,0.2071,5,0
3980,311.6445693,-0.380592616,0.2712,0.0358,5,0,0.2291,0.023,5,0,,,,,561.5238,12.7221,5,0
3981,311.6459226,0.207837701,1.2894,0.0667,5,0,0.493,0.056,5,0,1.7113,0.156,5,0,20.2086,1.3096,5,0
3982,311.6506416,-0.371861285,0.1162,0.0109,5,0,0.0328,0.0045,5,0,0.097,0.0052,4,0,2.6851,0.0774,5,0
3983,311.6656301,-0.108230554,0.3524,0.0368,5,0,0.1172,0.0161,5,0,0.36,0.0388,5,0,18.181,1.2225,5,0
3984,311.674006,-0.321703781,0.2531,0.0244,5,0,0.0893,0.0055,5,0,0.2392,0.0118,5,0,7.679,0.2844,5,0
3985,311.6922677,-0.269141243,0.516,0.0327,5,0,0.205,0.014,5,0,1.7832,0.037,5,0,31.8664,0.7273,5,0
3986,311.7585914,0.087947229,6.0672,0.541,5,0,1.9973,0.3303,5,0,5.1998,0.5393,5,0,142.5532,16.3889,5,0
3987,311.7944122,0.08342072,1.7359,0.111,5,0,0.7018,0.0591,5,0,3.5177,0.2231,5,0,80.1716,3.7272,5,0
3988,311.8391448,-0.749605627,0.3378,0.0313,5,0,0.1028,0.0094,5,0,0.2787,0.0173,5,0,11.2803,0.1888,5,0
3989,311.8441132,0.857789438,1.5093,0.1117,5,0,0.5264,0.0202,5,0,0.9326,0.0492,5,0,22.5077,1.5702,5,0
3990,311.8487778,-0.184285232,0.0853,0.0161,5,0,0.0483,0.0044,5,0,0.0866,0.0084,5,0,1.5112,0.0874,5,0
3991,311.8648771,-0.503636593,0.4522,0.0326,5,0,0.1153,0.0076,5,0,0.3049,0.0118,5,0,10.7771,0.5922,5,0
3992,311.8671733,-0.23620076,0.6287,0.0933,5,0,0.4172,0.0544,5,0,2.7477,0.3359,5,0,57.2724,5.574,5,0
3993,311.8768522,-0.51251032,0.0415,0.0059,5,0,0.0244,0.0022,5,0,0.0484,0.0045,5,0,0.5457,0.0499,5,0
3994,311.8860319,-0.211901221,0.6883,0.0581,5,0,0.2635,0.0248,5,0,1.2296,0.0555,5,0,35.5162,1.4165,5,0
3995,311.8910876,-0.255999107,0.2431,0.0094,5,0,0.0883,0.0085,5,0,1.6856,0.0837,5,0,16.6029,0.6708,5,0
3996,311.899498,0.070275099,0.9177,0.1863,5,0,0.1711,0.0829,2,0,,,,,19.1623,2.6999,5,0
3997,311.9002705,0.081436142,6.9604,0.6155,5,0,,,,,,,,,210.4734,23.893,5,0
3998,311.9320664,-0.106220794,0.2166,0.0596,5,0,0.0358,0.0037,5,0,0.6611,0.0302,5,0,9.4276,0.193,5,0
3999,311.936195,0.204819402,5.067,0.6372,5,0,1.4101,0.048,5,0,8.699,1.1912,5,0,191.9524,27.8564,5,0
4000,312.0425032,0.062874926,1.3736,0.0676,5,0,0.3734,0.0267,5,0,2.8583,0.0618,5,0,39.1838,1.3913,5,0
4001,312.0488091,-0.001473051,1.0115,0.0448,5,0,0.244,0.0151,5,0,0.7646,0.0174,5,0,27.8322,1.576,5,0
4002,312.0886098,0.0738077,1.7304,0.2042,5,0,0.4238,0.0283,5,0,4.827,0.3458,5,0,37.3492,6.7075,5,0
4003,312.09478,0.074895538,0.5389,0.042,5,0,0.1054,0.0117,5,0,1.3046,0.1541,5,0,49.0905,1.6451,5,0
4004,312.0997351,0.283354701,0.2575,0.0159,5,0,0.0594,0.0072,5,0,0.3795,0.0233,5,0,9.1504,1.1443,5,0
4005,312.1090014,0.309133839,15.6791,1.9071,5,0,,,,,,,,,1293.9039,25.9919,5,0
4006,312.1321339,0.199210767,0.2027,0.0297,5,0,0.1748,0.0147,5,0,2.7587,0.1718,5,0,9.9866,1.0675,5,0
4007,312.2611656,0.267166477,0.2004,0.0189,5,0,0.0676,0.0081,5,0,0.0796,0.0061,5,0,6.2156,0.8247,5,0
4008,312.2705839,0.220523471,0.0606,0.0022,5,0,0.0139,0.0017,5,0,0.0456,0.0056,5,0,1.1516,0.1044,5,0
4009,312.293896,0.097988001,0.1409,0.0071,5,0,0.0658,0.003,5,0,0.133,0.0063,5,0,1.7447,0.1136,5,0
4010,312.2948628,-0.328776466,0.2492,0.0223,5,0,0.0615,0.0078,5,0,0.063,0.0061,5,0,3.7116,0.3042,5,0
4011,312.3070937,0.662007389,0.7276,0.0237,5,0,0.6945,0.0248,5,0,,,,,216.9805,2.9895,5,0
4012,312.307578,0.672442939,0.1919,0.0619,5,0,0.029,0.0065,5,0,0.1811,0.0146,4,0,4.7389,0.4687,5,0
4013,312.3175093,-0.427923827,2.2061,0.1384,5,0,0.7932,0.0149,5,0,7.5008,0.0429,5,0,94.5366,1.5877,5,0
4014,312.3300358,-0.278891878,0.0888,0.0114,5,0,0.0338,0.004,5,0,0.0763,0.0228,5,0,1.6787,0.183,5,0
4015,312.3405095,0.487732675,0.7106,0.0594,5,0,0.14,0.0146,5,0,0.3051,0.0194,5,0,6.3296,0.7401,5,0
4016,312.3422665,0.483647404,0.1644,0.0313,5,0,0.0243,0.007,5,0,0.0531,0.008,5,0,1.0566,0.1516,5,0
4017,312.3640428,-0.39662587,0.8567,0.1524,5,0,0.2609,0.0231,5,0,1.0626,0.0552,5,0,37.1821,5.6128,5,0
4018,312.383455,-0.414164037,3.948,0.2267,5,0,1.5563,0.085,5,0,,,,,211.2597,4.5083,5,0
4019,312.3929135,-0.791733322,0.0741,0.0079,5,0,0.022,0.0042,5,0,0.0298,0.0022,5,0,0.5089,0.0152,5,0
4020,312.4350722,0.509448513,0.7044,0.1076,5,0,0.2297,0.0313,5,0,0.2945,0.0509,5,0,10.0478,1.3458,5,0
4021,312.4640633,-0.153759094,0.0567,0.004,5,0,0.0194,0.004,5,0,0.0417,0.0101,5,0,2.383,0.1819,5,0
4022,312.4978067,-0.021451668,0.2676,0.0695,5,0,0.4712,0.0469,5,0,6.0236,0.6146,5,0,9.3115,1.192,5,0
4023,312.5010647,-0.084724211,0.8752,0.4043,5,0,0.4181,0.014,5,0,4.3925,0.0649,5,0,149.0196,3.0601,5,0
4024,312.511552,-0.32055072,0.0626,0.0029,5,0,0.0279,0.0029,5,0,0.1201,0.0093,5,0,2.0089,0.1236,5,0
4025,312.5270999,-0.263503647,1.781,0.0961,5,0,0.6267,0.0252,5,0,2.422,0.0404,5,0,44.8631,1.4663,5,0
4026,312.5392206,0.058918911,0.1693,0.0246,5,0,0.0661,0.0059,5,0,0.2971,0.0177,5,0,8.3269,1.3789,5,0
4027,312.5467345,-0.280583657,1.0968,0.0678,5,0,0.3402,0.0195,5,0,7.4635,0.0392,5,0,119.1556,2.4297,5,0
4028,312.5910519,-0.50347058,2.5664,0.2533,5,0,0.7798,0.0881,5,0,7.1938,0.3417,5,0,119.4726,6.9133,5,0
4029,312.5930563,0.217694184,0.2145,0.0228,5,0,0.0703,0.0041,5,0,0.9863,0.0652,5,0,2.6634,0.1271,5,0
4030,312.5972331,0.048556205,4.7945,0.1299,5,0,1.2812,0.1195,5,0,,,,,948.8251,17.751,5,0
4031,312.6206311,0.279168238,2.0901,0.1153,5,0,0.6953,0.0451,5,0,1.6628,0.0572,5,0,75.6531,2.978,5,0
4032,312.6895968,-0.168573256,0.3058,0.0081,5,0,0.1142,0.003,5,0,0.1893,0.0008,5,0,4.3169,0.0479,5,0
4033,312.7391656,-0.716153707,4.7672,0.156,5,0,1.4861,0.1356,5,0,2.753,0.062,5,0,82.2179,3.1627,5,0
4034,312.7555753,0.062687457,1.0652,0.0781,5,0,0.349,0.0235,5,0,2.6283,0.0653,5,0,42.9269,2.2051,5,0
4035,312.7574343,-0.217002152,0.1424,0.0109,5,0,0.0326,0.0046,5,0,0.0727,0.0045,5,0,2.2006,0.0432,5,0
4036,312.813349,-0.014039747,0.2312,0.0175,5,0,0.1253,0.0215,5,0,0.6601,0.0399,5,0,9.5401,1.0671,5,0
4037,312.8366212,0.003465021,0.2952,0.0118,5,0,0.0942,0.0044,5,0,0.2842,0.0042,5,0,5.1806,0.1,5,0
4038,312.847297,-0.035113152,0.07,0.0156,5,0,0.0292,0.0013,5,0,0.0645,0.005,5,0,0.9456,0.0423,5,0
4039,312.8490198,-0.372012029,0.1537,0.0262,5,0,0.0517,0.0061,5,0,0.0782,0.008,5,0,3.1838,0.2802,5,0
4040,312.8735879,-0.460833145,1.3363,0.0938,5,0,0.4596,0.0362,5,0,1.9965,0.0971,5,0,36.808,2.2816,5,0
4041,312.9307891,0.434467559,0.6545,0.0522,5,0,0.3131,0.0128,5,0,0.5231,0.0233,5,0,12.6197,0.4258,5,0
4042,312.9449982,0.269059746,0.1795,0.0386,5,0,0.0832,0.004,5,0,0.1047,0.009,5,0,4.609,0.2122,5,0
4043,312.9514503,0.336484775,0.071,0.0134,5,0,0.0373,0.0052,5,0,0.0765,0.0092,5,0,1.1222,0.1507,5,0
4044,312.9825644,-0.110644746,0.1086,0.0559,5,0,0.0287,0.0229,5,0,0.1403,0.1025,5,0,2.529,2.1876,5,0
4045,312.9854714,-0.107152958,0.3256,0.0097,5,0,0.079,0.0155,5,0,0.502,0.0345,5,0,9.1001,0.8447,5,0
4046,313.0159318,-0.383058673,0.3849,0.0448,5,0,0.1888,0.0093,5,0,0.561,0.0144,5,0,16.8768,0.4965,5,0
4047,313.0303721,-0.553850007,0.0679,0.0123,5,0,0.0249,0.0033,5,0,0.0847,0.0069,5,0,0.4586,0.0491,5,0
4048,313.0517734,-0.274522219,0.04,0.0033,5,0,0.0163,0.0015,5,0,0.0602,0.0036,5,0,0.3154,0.0251,5,0
4049,313.0573473,0.135591329,0.1157,0.0121,5,0,0.0371,0.0024,5,0,0.12,0.0034,5,0,3.6073,0.0571,5,0
4050,313.0776131,0.043283479,0.2883,0.0151,5,0,0.1227,0.0037,5,0,0.403,0.0092,5,0,11.2774,0.1038,5,0
4051,313.0888262,0.013796479,0.1227,0.0224,5,0,0.0489,0.0038,5,0,0.1494,0.0087,5,0,4.2743,0.0921,5,0
4052,313.089456,0.346538123,0.0494,0.0074,5,0,0.0135,0.0024,5,0,0.0434,0.0042,5,0,1.1487,0.0925,5,0
4053,313.1199911,-0.029709589,0.2426,0.0562,5,0,0.0679,0.0073,5,0,0.2336,0.0366,5,0,11.4231,0.687,5,0
4054,313.1251495,-0.028862148,0.0984,0.0063,5,0,0.0289,0.0019,5,0,0.4691,0.0095,5,0,4.7459,0.2107,5,0
4055,313.1653715,-0.318249366,0.0968,0.012,5,0,0.0274,0.0016,5,0,0.143,0.0071,5,0,4.4142,0.1331,5,0
4056,313.1859621,-0.344541398,0.0635,0.0069,5,0,0.0282,0.002,5,0,0.1234,0.0053,5,0,4.032,0.1549,5,0
4057,313.2123674,-0.385810026,0.0415,0.0075,5,0,0.0136,0.0011,5,0,0.025,0.0029,5,0,0.5206,0.0258,5,0
4058,313.2556502,0.656306396,0.3483,0.0422,5,0,0.1238,0.0333,5,0,0.1215,0.0349,5,0,0.5141,0.1092,5,0
4059,313.2655578,0.08704733,0.0658,0.0107,5,0,0.0137,0.0047,5,0,0.0223,0.0103,5,0,1.2903,0.1458,5,0
4060,313.2740119,-0.07796271,0.0704,0.0143,5,0,0.0272,0.0026,5,0,0.0727,0.0061,5,0,1.4712,0.0932,5,0
4061,313.2743421,-0.007991843,0.1051,0.0095,5,0,0.0482,0.0017,5,0,0.2241,0.0066,5,0,3.6468,0.0791,5,0
4062,313.2888224,-0.062722783,0.0536,0.0121,5,0,0.0377,0.0021,5,0,0.1011,0.0068,5,0,3.2292,0.1343,5,0
4063,313.3057966,-0.180021605,0.1056,0.0024,5,0,0.0307,0.0019,5,0,0.0444,0.0028,5,0,2.127,0.111,5,0
4064,313.3066089,-0.263289082,0.031,0.0068,5,0,0.0182,0.0037,5,0,0.0295,0.0051,5,0,0.4059,0.0439,5,0
4065,313.3166304,-0.463971667,1.9784,1.7957,5,0,2.0153,0.1951,5,0,13.2065,0.6707,5,0,177.1367,17.2531,5,0
4066,313.3235062,-0.157277523,0.0566,0.0097,5,0,0.0237,0.0018,5,0,0.0702,0.0029,5,0,3.0455,0.0694,5,0
4067,313.3330713,-0.170169249,0.2083,0.0121,5,0,0.0573,0.0056,5,0,0.4634,0.0247,5,0,10.0218,0.3425,5,0
4068,313.3541393,0.312208576,0.1227,0.0085,5,0,0.0948,0.0123,5,0,0.5963,0.0535,5,0,0.6204,0.1555,5,0
4069,313.4101922,-0.541008382,0.0822,0.0085,5,0,0.026,0.0017,5,0,0.0943,0.0035,5,0,0.3442,0.018,5,0
4070,313.4450386,-0.385535449,0.11,0.0144,5,0,0.0276,0.0022,5,0,0.0776,0.0046,5,0,1.3752,0.0771,5,0
4071,313.458268,0.193891168,6.4934,0.4261,5,0,1.8311,0.2551,5,0,,,,,647.6508,14.6962,5,0
4072,313.4649162,0.069456797,0.3502,0.0609,5,0,0.0786,0.0167,5,0,0.2743,0.0309,5,0,9.4386,1.4658,5,0
4073,313.468104,0.060284396,0.1026,0.0172,5,0,0.0384,0.0051,5,0,0.1575,0.0086,5,0,2.9969,0.4096,5,0
4074,313.471092,0.713947729,0.0417,0.0014,5,0,0.01,0.001,5,0,0.0222,0.0017,5,0,,,,
4075,313.4816359,0.709488357,0.0849,0.0115,5,0,0.0475,0.0054,5,0,0.077,0.005,5,0,,,,
4076,313.4827597,-0.138975686,0.1946,0.013,5,0,0.0499,0.0017,5,0,0.317,0.0021,5,0,3.8995,0.0671,5,0
4077,313.5096558,-0.501580775,0.4009,0.0234,5,0,0.1196,0.0082,5,0,0.4373,0.0154,5,0,10.2133,0.6031,5,0
4078,313.5631662,0.128855205,0.298,0.06,5,0,0.152,0.0275,5,0,0.391,0.0724,5,0,7.0991,2.0156,5,0
4079,313.5776641,-0.057126363,0.1676,0.0261,5,0,0.0486,0.0026,5,0,0.0741,0.0016,5,0,2.696,0.0734,5,0
4080,313.578546,0.328005604,1.4984,0.1008,5,0,0.8458,0.0725,5,0,,,,,344.7311,8.9992,5,0
4081,313.5955013,-0.069185857,0.2361,0.0061,5,0,0.0868,0.018,5,0,0.3525,0.0726,5,0,6.5103,0.2545,5,0
4082,313.6678827,-0.102676656,0.8746,0.1228,5,0,0.5701,0.0221,5,0,4.6805,0.491,5,0,22.1071,1.8812,5,0
4083,313.6723892,-0.395410573,0.0174,0.0009,5,0,0.0024,0.0002,5,0,0.007,0.0001,5,0,0.267,0.0211,5,0
4084,313.6788696,-0.394312872,0.1153,0.0121,5,0,0.0448,0.0048,5,0,0.0961,0.0072,5,0,3.0085,0.3293,5,0
4085,313.6805653,0.317961105,0.3298,0.0463,5,0,0.1311,0.0056,5,0,0.4234,0.0222,5,0,14.3955,0.5341,5,0
4086,313.6819599,0.096445259,0.6313,0.1052,5,0,0.2296,0.0192,5,0,0.313,0.0287,5,0,13.2096,0.6196,5,0
4087,313.6893527,-0.19987174,0.5801,0.022,5,0,0.1897,0.0228,5,0,0.2907,0.0381,5,0,8.2351,0.9103,5,0
4088,313.6893875,-0.211658831,0.2923,0.0071,5,0,0.0925,0.0049,5,0,0.2189,0.0061,5,0,3.5744,0.0716,5,0
4089,313.6959964,-0.548662119,2.6931,0.5315,5,0,1.452,0.2549,5,0,6.9374,0.9955,5,0,33.272,6.9232,5,0
4090,313.7003414,-0.614103784,0.4025,0.1442,5,0,0.1521,0.0356,5,0,0.4051,0.0432,5,0,0.5047,0.085,5,0
4091,313.7018511,-0.187531642,1.1945,0.2126,5,0,0.4621,0.1728,5,0,4.1194,1.2597,5,0,161.6967,53.8335,5,0
4092,313.7101049,-0.091163686,0.3197,0.0089,5,0,0.127,0.0034,5,0,0.3042,0.0021,5,0,3.1278,0.036,5,0
4093,313.713558,-0.177506335,0.494,0.0197,5,0,0.1383,0.017,5,0,0.3014,0.0264,5,0,13.4685,1.3549,5,0
4094,313.7348585,-0.503446518,1.4006,0.0564,5,0,0.3852,0.0325,5,0,0.7683,0.05,5,0,28.0633,1.5533,5,0
4095,313.7429411,0.114744005,1.9976,0.1305,5,0,0.5503,0.038,5,0,1.7418,0.0869,5,0,61.8231,3.0614,5,0
4096,313.7473126,0.571118171,1.5767,0.0248,5,0,0.5395,0.1075,5,0,0.4892,0.0291,5,0,0.6304,0.2448,5,0
4097,313.7497074,0.118789754,0.2856,0.0779,5,0,0.0555,0.0118,5,0,0.247,0.0853,5,0,3.5923,1.1584,5,0
4098,313.7573951,-0.856197326,1.4215,0.1223,5,0,0.4106,0.0263,5,0,1.9113,0.154,4,0,19.2631,1.3675,5,0
4099,313.7601748,-0.508734491,0.0684,0.0195,5,0,0.0215,0.0049,5,0,0.0353,0.0093,5,0,2.1986,0.2029,5,0
4100,313.7828572,0.707888878,1.604,0.244,5,0,0.8929,0.2133,5,0,3.852,2.0447,5,0,59.4907,9.0417,5,0
4101,313.8235691,-0.75476418,0.2754,0.0354,5,0,0.208,0.0092,5,0,1.1482,0.034,5,0,1.181,0.1213,5,0
4102,313.8577244,-0.242883332,0.3239,0.037,5,0,0.082,0.0153,5,0,0.3789,0.1103,5,0,13.638,1.055,5,0
4103,313.8965571,-0.433284159,0.1034,0.0081,5,0,0.0433,0.004,5,0,0.0883,0.0088,5,0,1.1047,0.152,5,0
4104,313.9152045,-0.074667178,2.4338,0.0883,5,0,0.7064,0.0119,5,0,5.2784,0.0294,5,0,50.5441,0.8865,5,0
4105,313.9183509,-0.080075753,0.3268,0.0264,5,0,0.0514,0.0047,5,0,0.269,0.0334,5,0,3.385,0.5422,5,0
4106,313.9224021,-0.320341239,0.4578,0.0157,5,0,0.1716,0.0097,5,0,0.45,0.0125,5,0,12.3563,0.5079,5,0
4107,313.9653043,0.007504272,0.0609,0.0126,5,0,0.0418,0.0053,5,0,0.1776,0.0159,5,0,1.5833,0.163,5,0
4108,313.9682696,0.139620523,0.1466,0.0616,5,0,0.0387,0.0141,5,0,0.0969,0.0178,5,0,5.1237,1.1837,5,0
4109,313.9750989,0.199765909,0.3145,0.0182,5,0,0.0578,0.0067,5,0,0.1403,0.0169,5,0,6.0045,0.3411,5,0
4110,313.9764738,-0.130380248,0.1107,0.0108,5,0,0.0165,0.0015,5,0,0.0384,0.0033,5,0,2.5466,0.0766,5,0
4111,314.0718616,0.823418154,0.0306,0.0027,5,0,0.0155,0.0027,5,0,0.0276,0.0039,5,0,0.4464,0.0702,5,0
4112,314.0758362,0.000967544,0.4884,0.0617,5,0,0.186,0.0196,5,0,0.2385,0.0236,5,0,10.7206,0.2287,5,0
4113,314.106702,0.596383286,0.2009,0.0129,5,0,0.0732,0.003,5,0,0.0971,0.0063,5,0,1.4766,0.1146,5,0
4114,314.1133603,0.063922947,0.1885,0.0477,5,0,0.018,0.0037,5,0,0.092,0.0097,5,0,2.6045,0.4893,5,0
4115,314.1321495,-0.210711081,0.1468,0.0848,5,0,0.0143,0.0077,5,0,0.0214,0.0085,5,0,0.5247,0.0891,5,0
4116,314.13284,-0.216343027,0.1293,0.022,5,0,0.0267,0.0047,5,0,0.0801,0.0117,5,0,4.2794,0.23,5,0
4117,314.1689138,0.451742625,1.2609,0.0275,5,0,0.4093,0.0268,5,0,3.0048,0.0678,5,0,35.1835,1.5051,5,0
4118,314.1743995,0.498696374,0.7284,0.1802,5,0,0.5989,0.0233,5,0,4.726,0.0405,5,0,31.183,1.9957,5,0
4119,314.1960268,0.218269615,0.8836,0.4122,5,0,0.1869,0.1067,5,0,1.0715,0.5761,5,0,25.8406,14.1296,5,0
4120,314.1963015,0.212440889,0.0933,0.0034,5,0,0.01,0.0004,5,0,0.0551,0.0012,5,0,1.0347,0.2135,5,0
4121,314.1984712,0.220583756,1.361,0.0218,5,0,0.2418,0.0279,5,0,1.764,0.1085,5,0,43.189,4.9545,5,0
4122,314.2674549,0.091214721,1.3259,0.0225,5,0,0.3953,0.0447,5,0,,,,,99.8266,6.893,5,0
4123,314.2745543,0.09704741,3.5094,0.105,5,0,0.7628,0.0525,5,0,7.4975,0.3819,4,0,126.618,4.6862,5,0
4124,314.2854221,0.428615474,0.5826,0.1088,5,0,0.9171,0.2171,5,0,,,,,16.1933,5.011,5,0
4125,314.3102886,0.116733865,1.6189,0.0264,5,0,0.4267,0.0486,5,0,3.4908,0.3987,4,0,39.8737,2.3356,5,0
4126,314.312722,-0.57010419,0.0561,0.0269,5,0,0.0412,0.0042,5,0,0.1017,0.0101,5,0,1.1093,0.1087,5,0
4127,314.3211051,0.067277163,0.0954,0.0099,5,0,0.0458,0.0036,5,0,0.1246,0.0043,5,0,2.4126,0.2163,5,0
4128,314.3238144,0.381594412,1.2483,0.1898,5,0,0.4415,0.0624,5,0,1.0916,0.1409,5,0,33.6302,7.0389,5,0
4129,314.3724886,0.261490864,0.0382,0.0019,5,0,0.0089,0.0018,5,0,0.0232,0.0041,5,0,0.674,0.0709,5,0
4130,314.394395,0.562488205,0.0673,0.0055,5,0,0.027,0.003,5,0,0.1083,0.0065,5,0,1.5667,0.1792,5,0
4131,314.4116719,-0.714568568,0.0642,0.0545,5,0,0.0354,0.0041,5,0,0.1749,0.021,5,0,0.8684,0.1337,5,0
4132,314.5685561,-0.35867376,0.3553,0.065,5,0,0.1741,0.0148,5,0,0.1755,0.0212,5,0,5.3836,0.1707,5,0
4133,314.5744247,-0.510542006,0.2292,0.0208,5,0,0.0872,0.0062,5,0,0.2157,0.0074,5,0,1.0107,0.0776,5,0
4134,314.5779711,-0.349062366,0.1766,0.0117,5,0,0.0635,0.0034,5,0,0.0812,0.0044,5,0,1.2477,0.0819,5,0
4135,314.5894841,0.3377403,0.1801,0.0347,5,0,0.0563,0.01,5,0,0.0422,0.011,5,0,3.007,0.1689,5,0
4136,314.5939038,0.323931595,0.5534,0.0335,5,0,0.2006,0.0226,5,0,0.3599,0.0384,5,0,14.4617,1.9718,5,0
4137,314.6255348,0.294797387,0.0833,0.029,5,0,0.0198,0.0084,5,0,0.0157,0.0023,5,0,2.3246,0.0895,5,0
4138,314.6454645,-0.841333186,3.8185,0.0564,5,0,1.1274,0.1998,5,0,1.9582,0.134,5,0,0.4075,0.0592,5,0
4139,314.6579813,0.26311969,0.2757,0.03,5,0,0.0825,0.0101,5,0,0.0756,0.0092,5,0,3.6587,0.4011,5,0
4140,314.7137781,-0.464844709,0.0699,0.0251,5,0,0.0191,0.0078,5,0,0.0694,0.026,5,0,0.8596,0.461,5,0
4141,314.7792888,0.090670134,0.1164,0.0245,5,0,0.0442,0.0089,5,0,0.0768,0.0128,5,0,1.2628,0.156,5,0
4142,314.7861578,0.082734943,0.0754,0.0124,5,0,0.0239,0.0044,5,0,0.0221,0.0051,5,0,0.4784,0.0639,5,0
4143,314.8353345,-0.041083632,0.0743,0.0055,5,0,0.0357,0.0029,5,0,0.0793,0.0051,5,0,2.5468,0.2279,5,0
4144,314.860879,-0.210609934,0.7146,0.0839,5,0,0.0954,0.0267,5,0,0.153,0.0332,5,0,4.1421,0.5044,5,0
4145,314.8992146,-0.218028805,0.1894,0.0384,5,0,0.1302,0.0183,5,0,0.5021,0.0275,5,0,14.3642,0.589,5,0
4146,314.9938787,0.094241178,0.5396,0.0165,5,0,0.1683,0.0064,5,0,1.7071,0.03,5,0,26.8179,0.357,5,0
4147,315.0647797,-0.125340211,0.3247,0.0277,5,0,0.1509,0.0078,5,0,0.3697,0.0235,5,0,1.9613,0.1405,5,0
4148,315.0724282,-0.131490145,0.622,0.0962,5,0,0.1675,0.0254,5,0,0.0875,0.0168,5,0,7.693,1.0913,5,0
4149,315.1052592,-0.449872547,0.1,0.0165,5,0,0.0596,0.008,5,0,0.1676,0.0199,5,0,6.8197,0.7705,5,0
4150,315.1057387,-0.445584815,0.0346,0.0038,5,0,0.0068,0.0014,5,0,0.0094,0.0006,5,0,1.4102,1.0206,5,0
4151,315.1990212,0.52960845,0.0253,0.0005,5,0,0.0179,0.0024,5,0,0.0163,0.001,5,0,0.1877,0.0475,5,0
4152,315.284818,-0.270111288,0.0785,0.0082,5,0,0.0202,0.0026,5,0,0.092,0.0086,5,0,1.489,0.1025,5,0
4153,315.2959562,-0.319162764,0.4659,0.1925,5,0,0.2793,0.0137,5,0,1.5395,0.0369,5,0,20.3378,0.2218,5,0
4154,315.3205042,-0.174856201,0.1067,0.003,5,0,0.0475,0.0032,5,0,0.0897,0.0023,5,0,2.2535,0.0558,5,0
4155,315.3273194,-0.225175685,0.3312,0.0849,5,0,0.0864,0.0415,5,0,1.8504,0.8843,5,0,18.2411,7.6505,5,0
4156,315.3801117,-0.459452304,0.1153,0.0136,5,0,0.0262,0.0043,5,0,0.0369,0.0057,5,0,1.2304,0.0959,5,0
4157,315.3889182,-0.610142371,0.1917,0.0274,5,0,0.0909,0.0088,5,0,0.5251,0.0176,5,0,2.2267,0.3372,5,0
4158,315.4109972,-0.454775989,0.4883,0.0449,5,0,0.1036,0.0099,5,0,0.2041,0.0057,5,0,11.0004,0.745,5,0
4159,315.4224632,0.06787151,0.128,0.0207,5,0,0.1054,0.0123,5,0,0.7732,0.0227,5,0,3.3896,0.3932,5,0
4160,315.5725928,0.040739809,0.1797,0.0191,5,0,0.0592,0.0055,5,0,1.0,0.0398,5,0,12.4831,0.4296,5,0
4161,315.5780387,0.033556836,0.6404,0.0368,5,0,0.2112,0.0131,5,0,1.9975,0.0502,5,0,24.4301,0.5514,5,0
4162,315.5810126,0.0878244,0.0328,0.0053,5,0,0.0175,0.0012,5,0,0.0421,0.0021,5,0,0.4446,0.0367,5,0
4163,315.6354475,0.334210115,0.0976,0.0158,5,0,0.0904,0.0049,5,0,1.1309,0.0093,5,0,8.2073,0.201,5,0
4164,315.6435511,0.323149466,0.0415,0.0025,5,0,0.0181,0.0009,5,0,0.1303,0.0055,5,0,1.1058,0.0857,5,0
4165,315.7530253,0.010884361,0.1148,0.0122,5,0,0.0503,0.0038,5,0,0.1774,0.0034,5,0,1.2583,0.0884,5,0
4166,315.7596028,-0.08556373,0.0581,0.009,5,0,0.0101,0.0016,5,0,0.0213,0.0029,5,0,0.8459,0.0699,5,0
4167,315.8008917,-0.367044113,0.4244,0.0076,5,0,0.1153,0.0096,5,0,0.295,0.009,4,0,7.2558,0.3404,5,0
4168,315.8216246,-0.501252901,0.0318,0.0059,5,0,0.0134,0.0008,5,0,0.0367,0.0015,5,0,0.2013,0.0162,5,0
4169,315.8353001,-0.391209427,0.2361,0.0348,5,0,0.0963,0.0175,5,0,0.2616,0.024,5,0,5.6999,0.8994,5,0
4170,315.8702108,0.220419411,0.082,0.0069,5,0,0.0204,0.0011,5,0,0.0291,0.0028,5,0,0.8297,0.0551,5,0
4171,315.8709069,-0.319326884,0.3861,0.0599,5,0,0.181,0.0175,5,0,0.7326,0.0336,5,0,19.7842,1.1744,5,0
4172,315.8744961,0.243238288,0.0734,0.0097,5,0,0.0279,0.0046,5,0,0.0581,0.0058,5,0,1.6548,0.0686,5,0
4173,315.9043639,0.36354747,0.0173,0.0021,5,0,0.0094,0.0007,5,0,0.0523,0.0025,5,0,0.1988,0.0241,5,0
4174,315.9366268,-0.125647318,0.1342,0.0119,5,0,0.0465,0.004,5,0,0.0436,0.0039,5,0,1.6154,0.0995,5,0
4175,315.9826952,-0.184433342,0.5396,0.0487,5,0,0.2493,0.0162,5,0,2.8847,0.0914,5,0,28.2727,0.7805,5,0
4176,315.9936799,-0.599726922,0.4509,0.0196,6,0,0.2165,0.0096,6,0,0.5274,0.0172,6,0,6.9253,0.2573,6,0
4177,316.0564357,-0.100895173,0.0335,0.0058,6,0,0.0191,0.0016,6,0,0.096,0.0056,6,0,0.5514,0.0828,6,0
4178,316.1030924,-0.709496857,0.2973,0.0407,5,0,0.1089,0.0121,5,0,0.1894,0.0202,5,0,3.6132,0.568,5,0
4179,316.1386444,-0.501504671,23.7046,3.0782,5,0,,,,,,,,,1132.3073,199.5439,5,0
4180,316.2003574,-0.409816466,0.0512,0.0112,5,0,0.0182,0.0012,5,0,0.1136,0.005,5,0,0.5221,0.1147,5,0
4181,316.2034729,-0.425533148,0.2096,0.0337,5,0,0.0953,0.0143,5,0,0.491,0.0346,5,0,13.3328,2.0787,5,0
4182,316.2080564,-0.311630612,0.0189,0.0025,5,0,0.0031,0.0007,5,0,0.0089,0.0008,5,0,0.2894,0.0281,5,0
4183,316.2571954,0.492656452,0.0429,0.013,5,0,0.0385,0.0054,5,0,0.1365,0.0145,5,0,0.6486,0.1185,5,0
4184,316.2863334,-0.266948785,0.5006,0.0209,5,0,0.1054,0.0067,5,0,0.7888,0.0386,5,0,12.3084,0.7309,5,0
4185,316.2902129,-0.263238183,1.8195,0.5515,5,0,0.4727,0.1839,5,0,1.3886,0.5507,5,0,51.1687,16.0983,5,0
4186,316.306827,0.13194,0.045,0.0056,5,0,0.008,0.0016,5,0,0.0193,0.0028,5,0,0.5369,0.0588,5,0
4187,316.336804,-0.453058041,1.1275,0.2347,5,0,0.3338,0.0636,5,0,1.3732,0.1129,5,0,37.9733,4.5437,5,0
4188,316.3524373,-0.402473503,0.4234,0.0231,5,0,0.1428,0.0107,5,0,0.3193,0.0192,5,0,13.9016,0.3995,5,0
4189,316.3609894,-0.363378943,2.323,0.3123,5,0,0.7907,0.0779,5,0,9.8368,1.2368,5,0,295.5588,11.9743,5,0
4190,316.4265111,-0.261856691,0.2791,0.0101,5,0,0.1082,0.0154,5,0,0.1513,0.0123,5,0,3.3595,0.3701,5,0
4191,316.4634082,-0.089240308,0.6555,0.038,5,0,0.2111,0.0182,5,0,1.6805,0.0413,5,0,42.6097,1.1757,5,0
4192,316.4644966,-0.05920423,0.5647,0.0724,5,0,0.2178,0.0343,5,0,0.9028,0.1365,5,0,28.828,2.8547,5,0
4193,316.490151,-0.238434677,0.0808,0.0144,5,0,0.0381,0.004,5,0,0.0627,0.0098,5,0,1.6092,0.1069,5,0
4194,316.5033515,0.215910998,0.6801,0.0198,5,0,0.2049,0.0165,5,0,1.4024,0.0395,5,0,27.3627,1.6247,5,0
4195,316.503763,0.003526876,0.2184,0.0272,5,0,0.1117,0.0081,5,0,0.2506,0.013,5,0,2.8853,0.2135,5,0
4196,316.5114851,-0.598837837,0.4678,0.1419,5,0,0.3234,0.0648,5,0,2.3649,0.6063,5,0,2.8519,0.9771,5,0
4197,316.5187136,-0.147705825,0.1821,0.0107,5,0,0.0409,0.0018,5,0,0.2008,0.0072,5,0,3.5816,0.1499,5,0
4198,316.5321174,0.101746537,0.6024,0.0224,5,0,0.2301,0.0151,5,0,1.5857,0.0338,5,0,49.1102,1.8028,5,0
4199,316.5434834,-0.019560441,0.9988,0.1039,5,0,0.288,0.0358,5,0,1.0451,0.0914,5,0,21.75,1.6127,5,0
4200,316.5725586,-0.142940966,0.28,0.0516,5,0,0.0865,0.0042,5,0,0.1853,0.0185,5,0,5.7917,0.19,5,0
4201,316.6244613,-0.200249672,0.2055,0.0313,5,0,0.0951,0.0211,5,0,0.125,0.0343,5,0,10.3835,1.0413,5,0
4202,316.6516387,-0.31333064,0.0629,0.0072,5,0,0.0308,0.0042,5,0,0.0513,0.0039,5,0,3.2772,0.1911,5,0
4203,316.6607337,-0.221065903,0.1688,0.0204,5,0,0.0611,0.0023,5,0,0.6327,0.0064,5,0,3.6614,0.2138,5,0
4204,316.6674173,-0.143351922,0.485,0.0408,5,0,0.134,0.0102,5,0,0.6264,0.0235,5,0,16.0982,0.5885,5,0
4205,316.6725216,0.366483898,1.0223,0.1018,5,0,0.3157,0.0188,5,0,1.013,0.0525,5,0,22.8972,1.8454,5,0
4206,316.6729285,0.374646092,0.1397,0.0364,5,0,0.0234,0.0048,5,0,0.0344,0.0056,5,0,1.3616,0.3098,5,0
4207,316.6781837,-0.196494127,0.7475,0.1546,5,0,0.2262,0.0398,5,0,0.7473,0.1455,5,0,34.1301,6.6805,5,0
4208,316.6866701,-0.339197932,0.104,0.0148,5,0,0.0421,0.0059,5,0,0.1237,0.0121,5,0,6.3599,0.2382,5,0
4209,316.7255681,-0.236894874,0.2644,0.008,5,0,0.0602,0.0093,5,0,0.1998,0.0134,5,0,7.796,0.2862,5,0
4210,316.7499411,-0.036197225,12.5119,0.9478,5,0,,,,,,,,,340.4604,20.8147,5,0
4211,316.8118772,-0.058332614,12.9206,2.4483,5,0,,,,,,,,,1492.048,38.5092,5,0
4212,316.8797115,-0.499939287,0.0824,0.0216,5,0,0.048,0.0038,5,0,0.0629,0.0099,5,0,1.5744,0.1322,5,0
4213,316.9080009,0.7160409,0.0232,0.0026,5,0,0.0104,0.0018,5,0,0.0189,0.0021,5,0,0.157,0.0282,5,0
4214,316.9201405,-0.968085279,0.041,0.0051,5,0,0.0152,0.0009,5,0,,,,,0.5246,0.0826,5,0
4215,316.95772,0.300778804,6.3825,0.3834,5,0,0.8091,0.0418,5,0,,,,,98.9074,1.9289,5,0
4216,316.9989846,-0.381417387,0.0772,0.0112,5,0,0.0298,0.0039,5,0,0.0253,0.0043,5,0,0.1596,0.0591,5,0
4217,317.0073583,0.048832876,0.8759,0.0332,5,0,0.3121,0.0331,5,0,0.7487,0.0909,5,0,18.8711,0.4791,5,0
4218,317.0138327,0.372057381,2.0072,0.1019,5,0,0.6628,0.0707,5,0,2.226,0.1444,5,0,34.6006,2.8484,5,0
4219,317.0285478,0.360972165,0.9458,0.1038,5,0,0.4884,0.0275,5,0,5.9706,0.1239,5,0,100.5157,1.6706,5,0
4220,317.0560623,-0.937411226,0.3171,0.0326,5,0,0.2295,0.0346,5,0,1.1794,0.1752,4,0,12.0551,1.7994,5,0
4221,317.0570845,-0.942500054,0.0474,0.0036,5,0,0.0025,0.0011,5,0,0.0041,0.0152,4,0,0.2007,0.1087,5,0
4222,317.0677612,-0.485539856,0.0817,0.0216,5,0,0.0309,0.0081,5,0,0.4308,0.0299,5,0,2.1593,0.2548,5,0
4223,317.0729998,0.030947138,0.3734,0.0581,5,0,0.1121,0.0057,5,0,0.2785,0.028,5,0,8.0111,0.939,5,0
4224,317.1567579,-0.371690711,0.23,0.0207,5,0,0.101,0.0099,5,0,0.11,0.0089,5,0,2.781,0.1623,5,0
4225,317.1655256,-0.169281971,0.0486,0.0053,5,0,0.121,0.0066,5,0,1.3356,0.0351,5,0,1.8759,0.0492,5,0
4226,317.1787701,-0.511963396,0.2133,0.0098,5,0,0.1444,0.0038,5,0,0.8281,0.0157,5,0,5.0758,0.1601,5,0
4227,317.2042576,-0.758286418,0.4046,0.0372,5,0,0.4342,0.0173,5,0,7.1717,0.0865,5,0,49.247,0.6271,5,0
4228,317.2183492,-0.150606174,0.1148,0.0023,5,0,0.0454,0.0025,5,0,0.0822,0.0046,5,0,2.0715,0.0613,5,0
4229,317.2636511,0.12373312,2.1351,0.0657,5,0,0.8587,0.04,5,0,3.4119,0.078,5,0,31.4369,0.8797,5,0
4230,317.2915658,-1.040538374,0.4459,0.1165,5,0,0.2002,0.0375,5,0,,,,,16.3937,1.7909,5,0
4231,317.4098312,0.106660832,9.7589,0.6183,5,0,,,,,,,,,412.5705,32.618,5,0
4232,317.4288262,-0.561330402,9.7327,0.4436,5,0,,,,,,,,,776.4207,15.4414,5,0
4233,317.4659126,-0.525123343,1.3358,0.1792,5,0,0.7787,0.0747,5,0,5.9037,0.1931,5,0,87.8112,6.5146,5,0
4234,317.4732335,-0.258229493,0.7789,0.0306,5,0,0.2876,0.0242,5,0,0.9114,0.0421,5,0,14.5197,0.8752,5,0
4235,317.4758472,-0.584517339,0.7189,0.0601,5,0,0.2867,0.008,5,0,4.124,0.0342,5,0,46.5569,0.4208,5,0
4236,317.5278774,-0.534154605,0.2658,0.0369,5,0,0.1345,0.0101,5,0,0.3163,0.0182,5,0,8.8857,0.3592,5,0
4237,317.534433,-0.387658206,2.7687,0.0902,5,0,0.9121,0.0929,5,0,,,,,74.7927,4.5286,5,0
4238,317.5396217,0.096818179,0.2946,0.0285,5,0,0.1003,0.0057,5,0,0.0924,0.0131,5,0,2.1254,0.1992,5,0
4239,317.544059,0.36508743,0.1041,0.0059,5,0,0.0341,0.0036,5,0,0.0742,0.0062,5,0,0.9861,0.1132,5,0
4240,317.5733696,0.070544648,1.2369,0.0346,5,0,0.5037,0.038,5,0,2.5688,0.0442,5,0,23.0352,0.7253,5,0
4241,317.6748372,0.431512087,0.0458,0.0101,5,0,0.0225,0.0037,5,0,0.0291,0.0048,5,0,0.3581,0.0912,5,0
4242,317.6936474,-0.139352203,0.4025,0.078,5,0,0.1054,0.005,5,0,0.5325,0.0231,5,0,5.3945,0.3107,5,0
4243,317.7015357,0.112415767,2.8348,0.0895,5,0,0.9099,0.0445,5,0,8.0909,0.3283,5,0,225.6229,3.337,5,0
4244,317.7121341,-0.24472166,0.1013,0.0177,5,0,0.06,0.005,5,0,0.0764,0.0095,5,0,1.2265,0.2366,5,0
4245,317.7280005,-0.854648148,0.1386,0.0047,5,0,0.0798,0.004,5,0,0.4356,0.0107,5,0,1.9268,0.054,5,0
4246,317.7474152,0.011448147,0.871,0.1456,5,0,0.5376,0.0226,5,0,3.9396,0.0491,5,0,77.3086,1.3577,5,0
4247,317.7525891,-0.640126858,0.0889,0.0161,5,0,0.0473,0.003,5,0,0.4926,0.0136,5,0,1.5716,0.1862,5,0
4248,317.7674988,-0.762342331,0.1482,0.0051,5,0,0.0552,0.0076,5,0,0.1612,0.0065,5,0,2.7379,0.4464,5,0
4249,317.7983259,-0.049701313,0.7315,0.039,5,0,0.3199,0.036,5,0,0.7195,0.0622,5,0,15.8742,2.1905,5,0
4250,317.7996755,-0.764934512,0.1159,0.0258,5,0,0.0426,0.0036,5,0,0.2799,0.0076,5,0,2.7476,0.1267,5,0
4251,317.8172202,-0.057980761,0.5308,0.0536,5,0,0.1436,0.0072,5,0,0.5306,0.0154,5,0,13.8618,0.2228,5,0
4252,317.8183347,-0.368723459,0.1824,0.008,5,0,0.0669,0.0046,5,0,0.0929,0.0044,5,0,4.9348,0.2989,5,0
4253,317.8386314,0.106806335,0.0829,0.0021,5,0,0.0215,0.0016,5,0,0.184,0.0109,5,0,2.5227,0.0832,5,0
4254,317.8425052,-0.58100464,0.1171,0.0074,5,0,0.0475,0.0028,5,0,0.1192,0.0055,5,0,2.062,0.0902,5,0
4255,317.8513152,0.199877443,2.3878,0.0784,5,0,0.8337,0.0746,5,0,4.0641,0.0634,5,0,72.4247,1.9026,5,0
4256,317.8543569,0.16157393,1.6987,0.3001,5,0,1.0606,0.1023,5,0,7.7491,0.2803,5,0,92.4973,8.2408,5,0
4257,317.8660919,-0.659937693,0.1521,0.0106,5,0,0.0441,0.0034,5,0,0.2406,0.009,5,0,4.0431,0.3103,5,0
4258,317.8786636,-1.048044628,0.9267,0.083,5,0,0.2651,0.0229,5,0,,,,,8.8565,1.2095,5,0
4259,317.8800741,0.127875921,0.1637,0.0052,5,0,0.0509,0.0024,5,0,0.4184,0.0226,5,0,16.5758,0.3621,5,0
4260,317.8887725,-0.064513818,0.3953,0.0304,5,0,0.0558,0.0056,5,0,1.2769,0.0612,4,0,18.9381,0.6699,5,0
4261,317.8903399,-0.056716418,1.0798,0.223,5,0,0.7186,0.0603,5,0,,,,,208.7357,4.7863,5,0
4262,317.9017004,-0.58474637,0.1012,0.0123,5,0,0.0529,0.0054,5,0,0.1143,0.008,5,0,2.004,0.1278,5,0
4263,317.9046885,-0.252060461,1.9268,0.1065,5,0,0.6557,0.0626,5,0,0.8566,0.0122,5,0,30.5122,1.6673,5,0
4264,317.9207414,-0.343069308,0.0836,0.015,5,0,0.0509,0.0031,5,0,0.0997,0.0035,5,0,1.8009,0.1375,5,0
4265,317.9398845,-0.413535296,0.0862,0.0124,5,0,0.0239,0.0015,5,0,0.0603,0.0026,5,0,1.9481,0.0544,5,0
4266,317.9575647,-0.229877407,0.1218,0.008,5,0,0.0403,0.0016,5,0,0.0781,0.0026,5,0,2.2863,0.0614,5,0
4267,317.960895,-0.150220851,0.1049,0.0127,5,0,0.0329,0.003,5,0,0.0705,0.0068,5,0,3.2121,0.1063,5,0
4268,317.9639815,-0.290975965,0.0659,0.0243,5,0,0.0146,0.0015,5,0,0.034,0.0034,5,0,0.3009,0.0588,5,0
4269,317.9763502,-0.010826114,1.1779,0.089,5,0,0.3749,0.0155,5,0,0.6714,0.0565,5,0,31.8422,0.7711,5,0
4270,317.9828894,-0.486359662,0.1184,0.046,5,0,0.0441,0.0164,5,0,0.064,0.0162,5,0,1.6568,0.3223,5,0
4271,318.0091375,-0.033483313,0.0771,0.0063,5,0,0.0366,0.0025,5,0,0.0966,0.0031,5,0,2.1445,0.0321,5,0
4272,318.0169382,-0.937236293,0.1912,0.0389,5,0,0.0554,0.0196,5,0,0.1552,0.0519,5,0,3.7415,1.2565,5,0
4273,318.0180005,-0.931752404,0.106,0.0145,5,0,0.0334,0.0017,5,0,0.1599,0.004,5,0,2.8356,0.108,5,0
4274,318.0406306,-0.095996466,0.1839,0.0107,5,0,0.0826,0.0047,5,0,0.1835,0.0081,5,0,4.5625,0.0843,5,0
4275,318.0471909,0.085149011,2.4363,0.0592,5,0,1.5721,0.0388,5,0,,,,,1576.8388,18.3995,5,0
4276,318.0588776,-0.324956413,0.0192,0.0008,5,0,0.0078,0.0008,5,0,0.0169,0.0013,5,0,0.3126,0.0099,5,0
4277,318.0608866,-0.447405449,0.5829,0.0826,5,0,0.7422,0.0672,5,0,4.0395,0.2377,5,0,53.2274,4.0234,5,0
4278,318.0629262,-0.083159603,2.4542,0.1821,5,0,0.7775,0.0808,5,0,0.8999,0.0755,5,0,44.1533,3.1098,5,0
4279,318.0675769,-0.194955577,0.0866,0.0154,5,0,0.0531,0.0046,5,0,0.087,0.0076,5,0,3.203,0.2014,5,0
4280,318.0840661,-0.139300839,0.051,0.0163,5,0,0.0269,0.0016,5,0,0.0439,0.0017,5,0,1.9028,0.0885,5,0
4281,318.092952,-0.13358896,0.3108,0.0265,5,0,0.0841,0.0085,5,0,0.1333,0.02,5,0,5.8021,0.646,5,0
4282,318.1336952,-0.370008492,0.084,0.0057,5,0,0.0132,0.0004,5,0,0.0301,0.0017,5,0,1.1498,0.0407,5,0
4283,318.135335,-0.365516156,0.0592,0.0096,5,0,0.0087,0.001,5,0,0.0421,0.0029,5,0,1.1683,0.1125,5,0
4284,318.2003435,-0.198185969,0.0616,0.0062,5,0,0.0218,0.0016,5,0,0.0629,0.0052,5,0,1.8803,0.0578,5,0
4285,318.2026189,-0.396649343,1.2692,0.1369,5,0,0.4706,0.024,5,0,1.4417,0.0917,5,0,32.7312,1.2022,5,0
4286,318.206911,-0.169771067,0.1741,0.0089,5,0,0.0576,0.0026,5,0,0.1177,0.0021,5,0,2.5634,0.0836,5,0
4287,318.219209,-0.460956835,0.078,0.009,5,0,0.0487,0.0075,5,0,0.1666,0.0128,5,0,2.1395,0.1975,5,0
4288,318.3079464,1.079706807,2.0796,0.184,5,0,0.9185,0.1119,5,0,,,,,16.1226,1.7835,5,0
4289,318.3220559,-0.445723551,0.1611,0.0056,5,0,0.0644,0.0019,5,0,0.3209,0.0077,5,0,5.6971,0.0914,5,0
4290,318.3294724,0.253033188,0.0822,0.0163,5,0,0.0516,0.0032,5,0,0.1939,0.006,5,0,1.7233,0.1211,5,0
4291,318.3497298,-0.397097456,2.5075,0.2071,5,0,1.0972,0.083,5,0,6.4271,0.2453,5,0,134.2992,7.2639,5,0
4292,318.382346,-0.147918806,0.1258,0.0221,5,0,0.044,0.0091,5,0,0.0438,0.0111,5,0,1.6532,0.1417,5,0
4293,318.391986,-0.73041258,0.1534,0.0096,5,0,0.0417,0.0017,5,0,0.0424,0.0031,5,0,0.8639,0.089,5,0
4294,318.3950907,-0.719565157,0.0557,0.0088,5,0,0.0296,0.0017,5,0,0.0417,0.003,5,0,0.5394,0.0452,5,0
4295,318.4119254,-0.374806125,0.0571,0.0085,5,0,0.0176,0.0022,5,0,0.0434,0.005,5,0,0.8582,0.0353,5,0
4296,318.4214234,-0.338176936,0.134,0.0162,5,0,0.0577,0.0033,5,0,0.1019,0.0045,5,0,2.5588,0.1478,5,0
4297,318.4667694,-0.481398599,0.157,0.0202,5,0,0.0679,0.0038,5,0,0.0911,0.0067,5,0,0.6162,0.101,5,0
4298,318.4914951,-0.475926908,0.0635,0.0109,5,0,0.0284,0.0023,5,0,0.0561,0.0048,5,0,1.997,0.0746,5,0
4299,318.507363,0.008659276,0.3492,0.0662,5,0,0.1375,0.0213,5,0,0.1753,0.0297,5,0,2.6648,0.3628,5,0
4300,318.5180056,-0.405432303,0.3298,0.005,5,0,0.1272,0.0075,5,0,0.1936,0.0081,5,0,4.7105,0.1401,5,0
4301,318.5564417,-0.564057829,0.233,0.0059,5,0,0.1078,0.0021,5,0,0.509,0.0078,5,0,10.4164,0.197,5,0
4302,318.6020379,-0.652327271,0.035,0.0018,5,0,0.0119,0.001,5,0,0.0184,0.0025,5,0,0.2778,0.0547,5,0
4303,318.6888075,-0.642552358,0.222,0.0116,5,0,0.0738,0.0153,5,0,0.0857,0.0215,5,0,3.1434,0.1815,5,0
4304,318.6982616,-0.374723197,0.387,0.0623,5,0,0.157,0.0131,5,0,0.3643,0.0294,5,0,8.3128,0.3404,5,0
4305,318.7179598,-0.79505483,0.2033,0.0097,5,0,0.0879,0.0048,5,0,0.1593,0.0254,5,0,3.1909,0.4132,5,0
4306,318.7238158,-0.752893914,3.1389,0.1762,5,0,1.085,0.0553,5,0,7.2822,0.0722,5,0,93.6885,2.3461,5,0
4307,318.7246083,-0.22381135,3.0925,0.2444,5,0,1.3241,0.0245,5,0,10.7063,0.0489,5,0,196.8242,3.2125,5,0
4308,318.7695831,-0.393638708,1.0968,0.0241,5,0,0.332,0.0099,5,0,1.2891,0.0137,5,0,34.7336,0.2685,5,0
4309,318.7732126,-0.150469253,7.9045,0.7007,5,0,2.7742,0.1467,5,0,,,,,358.9177,14.3804,5,0
4310,318.9141731,-0.164947787,12.9404,0.5025,5,0,,,,,,,,,1482.844,21.1681,5,0
4311,318.9227498,-0.452213141,0.8334,0.1024,5,0,0.3191,0.0152,5,0,0.5222,0.0167,5,0,20.8734,0.1213,5,0
4312,318.9320325,0.695719549,0.1377,0.0026,5,0,0.3096,0.0237,5,0,1.5418,0.0491,5,0,5.0536,0.4315,5,0
4313,318.9336775,-0.456519512,0.1586,0.0102,5,0,0.0447,0.0035,5,0,0.0681,0.0065,5,0,2.7174,0.167,5,0
4314,318.9395512,-0.457556525,0.0534,0.0034,5,0,0.0099,0.0008,5,0,0.0255,0.0018,5,0,0.543,0.0335,5,0
4315,318.9453587,-0.199526429,8.0514,0.4719,5,0,1.9403,0.3739,5,0,,,,,1048.214,54.9395,5,0
4316,319.0285273,-0.766096581,0.0098,0.0127,5,0,0.0022,0.0004,5,0,0.0034,0.0034,5,0,0.1503,0.027,5,0
4317,319.0545918,-0.011836695,0.1193,0.0255,5,0,0.0461,0.0039,5,0,0.06,0.0022,5,0,2.0574,0.1165,5,0
4318,319.088679,0.459291317,5.6768,0.1754,5,0,2.0587,0.1126,5,0,,,,,167.4724,5.2167,5,0
4319,319.1637677,-0.421600073,6.8209,0.308,5,0,,,,,,,,,878.8403,13.8137,5,0
4320,319.2405401,-0.331220512,0.5628,0.0712,5,0,0.1859,0.0096,5,0,0.6897,0.0441,5,0,11.3389,0.4425,5,0
4321,319.3041372,0.236831888,0.0564,0.0152,5,0,0.0198,0.0053,5,0,0.0309,0.0071,5,0,0.9596,0.0719,5,0
4322,319.3492636,-0.341430952,1.1213,0.0543,5,0,0.1768,0.0263,5,0,1.802,0.0765,5,0,34.8394,0.1601,5,0
4323,319.3624438,0.013077216,4.0789,0.257,5,0,1.1476,0.052,5,0,,,,,226.2462,3.5799,5,0
4324,319.379885,-0.298144443,0.3941,0.0474,5,0,0.1209,0.0232,5,0,0.1895,0.0227,5,0,9.1526,0.6742,5,0
4325,319.3935705,-0.001570039,2.4663,0.2801,5,0,0.6656,0.0732,4,0,,,,,73.3967,8.1867,5,0
4326,319.3954037,-0.455112537,2.7237,0.0344,5,0,1.1029,0.1271,5,0,2.7102,0.0848,5,0,0.8607,0.0563,5,0
4327,319.3986154,-0.01344547,4.7142,0.8393,5,0,,,,,,,,,1406.173,41.9432,5,0
4328,319.4039565,-0.018721601,0.9184,0.1096,5,0,0.236,0.101,2,0,,,,,28.7199,11.8036,5,0
4329,319.4518272,-0.021979144,2.7036,0.0677,5,0,1.2054,0.1814,5,0,,,,,185.448,3.4799,5,0
4330,319.4707167,-0.430481951,0.176,0.0433,5,0,0.0978,0.0096,5,0,0.2839,0.0207,5,0,4.4284,0.3293,5,0
4331,319.4886663,0.618611541,0.9044,0.0459,5,0,0.2963,0.0134,5,0,0.5279,0.0223,5,0,13.5406,0.5132,5,0
4332,319.4893362,0.041812368,0.4114,0.042,5,0,0.1566,0.0155,5,0,0.3636,0.0186,5,0,7.79,0.4042,5,0
4333,319.5530693,-0.502998191,0.5527,0.1502,5,0,0.2467,0.0287,5,0,1.0856,0.0438,5,0,23.5557,1.143,5,0
4334,319.5625099,-0.516306997,0.1764,0.012,5,0,0.0669,0.0055,5,0,0.1056,0.0107,5,0,3.5319,0.3793,5,0
4335,319.6956627,-0.361873834,0.0716,0.0058,5,0,0.0166,0.0012,5,0,0.0568,0.0025,5,0,1.8461,0.0631,5,0
4336,319.7367552,-0.12055671,0.0717,0.0038,5,0,0.039,0.0042,5,0,0.0714,0.008,5,0,0.9592,0.1101,5,0
4337,319.7919778,-0.161038847,0.0689,0.0064,5,0,0.0242,0.0016,5,0,0.17,0.004,5,0,2.0056,0.1556,5,0
4338,319.8125426,-0.58672275,0.0363,0.0138,5,0,0.0299,0.0039,5,0,0.0421,0.0065,5,0,0.9009,0.1506,5,0
4339,319.8526492,0.16325816,0.2155,0.0172,5,0,0.0773,0.0034,5,0,0.2608,0.0091,5,0,4.9522,0.0546,5,0
4340,319.8564579,-0.680445452,0.0882,0.0019,5,0,0.0354,0.0012,5,0,0.1913,0.0102,5,0,3.2313,0.0344,5,0
4341,319.8727781,-0.352916229,3.4127,0.3803,5,0,1.3916,0.1358,5,0,5.7041,0.1677,5,0,105.3839,6.0548,5,0
4342,319.893597,-0.216456796,0.0785,0.011,5,0,0.0323,0.0032,5,0,0.0818,0.0053,5,0,1.1897,0.0627,5,0
4343,319.909594,-0.558957273,0.2742,0.062,5,0,0.1071,0.0109,5,0,0.1422,0.0156,5,0,6.093,0.4113,5,0
4344,319.9184656,-0.514091689,0.1993,0.0304,5,0,0.1188,0.0128,5,0,0.267,0.0225,5,0,8.2409,0.3973,5,0
4345,319.9381822,-0.515997872,0.1096,0.0115,5,0,0.033,0.0019,5,0,0.1582,0.0085,5,0,2.6084,0.2566,5,0
4346,319.9393022,-0.16881168,1.1821,0.1252,5,0,0.4756,0.0534,5,0,0.897,0.0599,5,0,25.0624,1.6458,5,0
4347,319.9424704,-0.509540151,0.2237,0.0188,5,0,0.0877,0.0192,5,0,0.2474,0.0556,5,0,6.5832,1.0799,5,0
4348,319.9644099,-0.22491356,0.2888,0.0531,5,0,0.0571,0.0038,5,0,0.1611,0.0041,5,0,4.1449,0.1888,5,0
4349,319.985227,-0.135460797,0.1485,0.0123,5,0,0.0546,0.0023,5,0,0.2732,0.0046,5,0,3.0167,0.0416,5,0
4350,319.9891345,0.367145846,0.5624,0.0648,5,0,0.2367,0.0128,5,0,1.3999,0.0308,5,0,13.0102,0.4672,5,0
4351,319.9901878,-0.214906393,0.0879,0.0122,5,0,0.0513,0.0045,5,0,0.1649,0.0052,5,0,2.9054,0.4235,5,0
4352,320.0255293,-0.95579713,0.6616,0.054,5,0,0.1283,0.0364,5,0,1.6698,0.4671,5,0,30.3206,14.1998,5,0
4353,320.0295215,-0.948714516,0.9081,0.1003,5,0,0.3654,0.0206,5,0,0.9263,0.0336,5,0,10.5281,0.8038,5,0
4354,320.0329431,0.638164578,0.0417,0.008,5,0,0.0227,0.0038,5,0,0.0738,0.0053,5,0,0.4194,0.0754,5,0
4355,320.0406729,-0.018924806,0.3595,0.0251,5,0,0.0697,0.0035,5,0,0.129,0.0105,5,0,4.7416,0.1673,5,0
4356,320.0432475,-0.554014725,0.534,0.1408,5,0,0.216,0.0259,5,0,1.2214,0.1135,5,0,15.4918,1.514,5,0
4357,320.084421,0.494217182,0.2184,0.0305,5,0,0.0955,0.0101,5,0,0.1194,0.0131,5,0,2.3157,0.2413,5,0
4358,320.0854444,-0.517049259,0.61,0.0235,5,0,0.2563,0.0179,5,0,1.7834,0.0783,5,0,23.3034,0.5659,5,0
4359,320.1121883,-0.384904431,0.4097,0.0564,5,0,0.1527,0.0152,5,0,0.2113,0.0228,5,0,6.6564,0.6801,5,0
4360,320.1231896,-0.50327202,1.0575,0.0317,5,0,0.3807,0.0231,5,0,4.3104,0.2185,5,0,85.2655,3.8843,5,0
4361,320.1252782,-0.50795253,1.8928,0.1535,5,0,0.2811,0.0246,5,0,4.158,0.1448,5,0,68.3381,6.4553,5,0
4362,320.1939107,-0.294310291,0.8717,0.3637,5,0,0.3785,0.0651,5,0,0.4574,0.0393,5,0,6.9232,0.592,5,0
4363,320.2056354,0.863299145,16.5262,1.2908,5,0,,,,,,,,,434.5965,26.1288,5,0
4364,320.2387457,-0.132569433,1.1577,0.0383,5,0,0.4113,0.029,5,0,3.6035,0.0856,5,0,35.1014,1.2011,5,0
4365,320.2467115,0.173215176,0.8029,0.0114,5,0,0.3414,0.0286,5,0,0.7457,0.0515,5,0,26.007,1.5642,5,0
4366,320.2738558,-0.462875797,0.0794,0.0073,5,0,0.0311,0.0018,5,0,0.1032,0.0021,5,0,1.3659,0.0941,5,0
4367,320.2874149,-0.306590545,2.2428,0.174,5,0,0.8327,0.0771,5,0,,,,,191.8911,9.7406,5,0
4368,320.2969142,-0.100556119,0.5559,0.14,5,0,0.1122,0.0445,5,0,0.2725,0.1559,5,0,8.1045,1.3367,5,0
4369,320.2987499,-0.442508702,0.2067,0.0084,5,0,0.0687,0.0051,5,0,0.1935,0.0076,5,0,4.4253,0.1679,5,0
4370,320.3135636,-0.183396762,3.6975,0.3751,5,0,,,,,,,,,118.433,10.5981,5,0
4371,320.3156209,-0.175363381,7.6994,0.7101,5,0,,,,,,,,,390.2984,22.9014,5,0
4372,320.3167084,-0.187413265,1.7749,0.168,5,0,,,,,,,,,71.538,10.5298,5,0
4373,320.3290278,-0.011711893,0.087,0.0038,5,0,0.0126,0.0017,5,0,0.0643,0.0075,5,0,1.5377,0.0893,5,0
4374,320.3312537,-0.307471677,6.803,1.0086,5,0,1.6002,0.3274,5,0,,,,,356.1598,22.9972,5,0
4375,320.3341891,-0.178645726,2.3657,0.5451,5,0,1.1192,0.094,4,0,,,,,146.1065,9.914,5,0
4376,320.3535003,0.114046804,0.7063,0.0624,5,0,0.3776,0.0072,5,0,3.4207,0.0425,5,0,23.9734,0.1301,5,0
4377,320.412232,-0.907148264,0.402,0.0254,5,0,0.2391,0.0151,5,0,1.2855,0.0337,5,0,14.1753,0.417,5,0
4378,320.4154478,0.115910691,3.4563,0.2663,5,0,1.5412,0.1107,5,0,,,,,175.2086,9.2101,5,0
4379,320.4203448,0.104499866,1.8018,0.2289,5,0,0.7803,0.2393,5,0,5.2553,2.915,4,0,75.9112,62.4514,5,0
4380,320.4242094,-0.9351877,0.4192,0.0415,5,0,0.1952,0.0135,5,0,0.3016,0.0208,5,0,4.1397,0.2928,5,0
4381,320.4252099,0.102936441,1.2944,0.1744,5,0,0.5471,0.0992,5,0,8.9922,1.2439,4,0,167.675,5.158,5,0
4382,320.4565763,-0.779661623,0.7779,0.0678,5,0,0.3155,0.0119,5,0,1.313,0.0158,5,0,24.9236,0.3567,5,0
4383,320.4690625,-0.761938853,0.0522,0.0016,5,0,0.0195,0.001,5,0,0.0607,0.0027,5,0,0.716,0.0222,5,0
4384,320.5100342,0.271520784,0.2173,0.0172,5,0,0.0567,0.0052,5,0,0.1111,0.0074,5,0,6.175,0.2831,5,0
4385,320.5167765,-0.339114649,0.2909,0.0107,5,0,0.0889,0.0034,5,0,0.462,0.0147,5,0,7.2982,0.1703,5,0
4386,320.5539535,-0.330040206,0.2991,0.0182,5,0,0.1083,0.0051,5,0,0.3406,0.0093,5,0,6.2962,0.2224,5,0
4387,320.575648,-0.023527939,0.6631,0.1375,5,0,0.2277,0.0197,5,0,0.2222,0.0304,5,0,14.1843,0.8793,5,0
4388,320.5889493,-0.294908604,0.0743,0.0041,5,0,0.0196,0.0024,5,0,0.0522,0.003,5,0,2.2048,0.0545,5,0
4389,320.6670365,-0.10163364,0.0746,0.0105,5,0,0.0445,0.0025,5,0,0.0833,0.0076,5,0,1.7422,0.0399,5,0
4390,320.6689174,0.152507016,1.1652,0.0525,5,0,0.4559,0.0084,5,0,3.3798,0.0458,5,0,34.0093,0.4156,5,0
4391,320.6742864,0.245051913,4.3919,0.0724,5,0,1.1597,0.0901,5,0,,,,,217.3004,2.2578,5,0
4392,320.6751662,-0.159662581,0.0421,0.0174,5,0,0.0052,0.0008,5,0,0.0161,0.0016,5,0,0.4362,0.0456,5,0
4393,320.6978496,-0.939017359,0.09,0.0075,5,0,0.0624,0.0042,5,0,0.4648,0.0097,5,0,4.2136,0.117,5,0
4394,320.7016809,0.192729785,0.8312,0.0137,5,0,0.2693,0.026,5,0,1.1012,0.0732,5,0,18.3151,1.0832,5,0
4395,320.7117039,0.21992466,0.3339,0.0184,5,0,0.2927,0.0147,5,0,4.8589,0.1809,5,0,15.5152,0.9459,5,0
4396,320.7176432,0.423991319,0.2951,0.1295,5,0,0.1207,0.0139,5,0,0.1981,0.0063,5,0,7.2767,0.7075,5,0
4397,320.7377739,-0.382950624,1.1623,0.0892,5,0,0.371,0.0546,5,0,0.7422,0.0867,5,0,24.4435,1.9549,5,0
4398,320.7652458,-0.275523981,0.7099,0.1059,5,0,0.2885,0.0571,5,0,0.6862,0.1098,5,0,15.8303,0.5906,5,0
4399,320.7777559,0.240794539,2.1819,0.216,5,0,0.8164,0.0358,5,0,,,,,117.0507,3.922,5,0
4400,320.7795798,-0.294292254,-0.0985,0.1284,5,0,0.0032,0.0013,5,0,0.0204,0.0046,5,0,0.7041,0.0623,5,0
4401,320.7877049,0.267741916,0.527,0.0781,5,0,0.3978,0.0078,5,0,3.601,0.1008,5,0,17.2537,1.3094,5,0
4402,320.8796607,-0.647063395,0.4912,0.0342,5,0,0.1811,0.0119,5,0,0.9139,0.0342,5,0,20.6773,0.8007,5,0
4403,320.8866572,-0.641540942,0.2109,0.0125,5,0,0.102,0.0076,5,0,0.6474,0.0407,5,0,8.4802,0.4334,5,0
4404,321.0140026,-0.522939279,2.6975,0.3393,5,0,0.8185,0.0656,5,0,2.6925,0.1435,5,0,51.0799,3.011,5,0
4405,321.0528193,-0.506983146,9.3973,0.4084,5,0,0.7799,0.115,5,0,,,,,313.7488,9.036,5,0
4406,321.1253839,-0.264717644,1.4136,0.0784,5,0,0.6039,0.0219,5,0,,,,,127.4972,1.909,5,0
4407,321.1530202,-0.000478768,0.2927,0.0508,5,0,0.1001,0.0063,5,0,0.366,0.0122,5,0,6.1385,0.4416,5,0
4408,321.2640291,-0.281757869,0.1501,0.0207,5,0,0.0639,0.0069,5,0,0.1683,0.0085,5,0,3.5716,0.1173,5,0
4409,321.266934,0.318989741,1.2372,0.5122,5,0,0.6141,0.1464,5,0,0.445,0.1388,5,0,12.1254,3.6464,5,0
4410,321.3690714,-0.310934797,0.9029,0.0149,5,0,0.1351,0.0063,5,0,1.1458,0.0138,4,0,12.7093,0.3588,5,0
4411,321.3738564,-0.309167156,1.1457,0.1189,5,0,0.1938,0.007,5,0,0.9355,0.2549,4,0,14.1831,1.0082,5,0
4412,321.380928,-0.304600002,2.7157,0.1156,5,0,1.3928,0.1199,5,0,,,,,126.5308,7.4494,5,0
4413,321.4659255,-0.084373926,0.0445,0.0015,5,0,0.0197,0.0027,5,0,0.0381,0.003,5,0,0.501,0.0599,5,0
4414,321.5005724,-0.252606586,0.3271,0.023,5,0,0.1328,0.0093,5,0,0.1514,0.0123,5,0,7.4445,0.2235,5,0
4415,321.5368499,-0.625629092,0.1727,0.0221,5,0,0.1016,0.0082,5,0,0.3521,0.0163,5,0,3.5763,0.189,5,0
4416,321.56221,-0.494961444,0.0606,0.0059,5,0,0.0296,0.0053,5,0,0.0646,0.0034,5,0,1.0753,0.1647,5,0
4417,321.5658142,-0.815904377,0.0637,0.0078,5,0,0.004,0.0009,5,0,0.0129,0.0043,5,0,0.289,0.0899,5,0
4418,321.569753,-0.819351321,0.499,0.0466,5,0,0.1725,0.0333,5,0,0.225,0.0451,5,0,3.6608,0.6147,5,0
4419,321.57132,-0.306084078,0.0915,0.0051,5,0,0.032,0.0026,5,0,0.0918,0.0035,5,0,2.0378,0.0793,5,0
4420,321.6335864,-0.000195195,0.1284,0.025,5,0,0.0723,0.0106,5,0,0.1073,0.0152,5,0,3.6331,0.2775,5,0
4421,321.6378996,-0.210688339,0.6555,0.0667,5,0,0.2421,0.0232,4,0,0.7405,0.026,5,0,14.2039,0.6477,5,0
4422,321.6492275,-0.390607605,0.0376,0.0039,5,0,0.0113,0.0015,5,0,0.0216,0.002,5,0,0.3656,0.0567,5,0
4423,321.6493161,-0.01808201,0.2437,0.3087,5,0,0.1053,0.0921,5,0,0.632,0.6679,5,0,14.5548,12.3422,5,0
4424,321.6504016,-0.026437635,0.4544,0.2562,5,0,0.1172,0.0967,5,0,0.7978,0.6271,5,0,15.6625,11.5161,5,0
4425,321.6504436,-0.022556792,1.2378,0.0826,5,0,0.2851,0.0625,5,0,2.6169,0.2381,5,0,44.2471,4.9115,5,0
4426,321.6848696,0.741740807,0.4075,0.062,5,0,0.1525,0.0443,5,0,0.2269,0.0494,5,0,7.7659,1.145,5,0
4427,321.711344,0.237447819,0.0223,0.0022,5,0,0.003,0.0009,5,0,0.0054,0.0002,5,0,0.2578,0.0484,5,0
4428,321.72904,-0.125234203,0.3859,0.0209,5,0,0.1505,0.0041,5,0,0.4725,0.0152,5,0,11.5261,0.1967,5,0
4429,321.7290533,-0.43288214,0.133,0.0268,5,0,0.0396,0.0132,5,0,0.0694,0.02,5,0,3.3153,0.1485,5,0
4430,321.7354455,-0.664893371,0.9279,0.5946,5,0,0.2651,0.2347,5,0,1.1435,0.8823,5,0,22.6818,19.3404,5,0
4431,321.7379318,-0.659832552,3.4886,0.1029,5,0,0.9426,0.0787,5,0,4.7057,0.0991,5,0,93.2247,7.1478,5,0
4432,321.7488063,-0.429651613,0.0426,0.0035,5,0,0.014,0.0021,5,0,0.0265,0.0025,5,0,0.4865,0.0443,5,0
4433,321.7522795,-0.476191618,1.1123,0.1404,5,0,0.4439,0.0432,5,0,2.9257,0.0604,5,0,40.0659,1.4276,5,0
4434,321.761813,-0.545784153,0.7098,0.035,5,0,0.1654,0.0051,5,0,0.3863,0.0311,5,0,12.4031,1.1071,5,0
4435,321.7684574,-0.549488841,0.658,0.0246,5,0,0.157,0.009,5,0,1.246,0.0738,5,0,18.7935,0.5416,5,0
4436,321.7815256,-0.690423707,0.1888,0.0201,5,0,0.0335,0.0038,5,0,0.0462,0.0026,5,0,3.0995,0.2886,5,0
4437,321.7845939,-0.688427815,1.4067,0.2016,5,0,0.434,0.0752,5,0,0.6552,0.0769,5,0,23.0991,2.7423,5,0
4438,321.7862529,-0.535974777,0.11,0.0081,5,0,0.0426,0.0042,5,0,0.0693,0.0042,5,0,1.4753,0.127,5,0
4439,321.7959196,0.391851996,0.0265,0.0157,5,0,0.017,0.0004,5,0,0.0426,0.0011,5,0,0.3283,0.0538,5,0
4440,321.9128276,-0.113137492,0.2064,0.0319,5,0,0.1219,0.0089,5,0,0.2115,0.015,5,0,2.6306,0.1679,5,0
4441,321.9223669,-0.212343505,0.0963,0.0377,5,0,0.0428,0.0033,5,0,0.1249,0.0064,5,0,3.6581,0.118,5,0
4442,321.9249319,0.018779478,1.045,0.0513,5,0,0.4424,0.0092,5,0,0.9569,0.03,5,0,8.6216,0.4141,5,0
4443,321.9257692,-0.001320592,0.577,0.095,5,0,0.1661,0.0231,5,0,0.2257,0.0575,5,0,13.0936,2.3642,5,0
4444,321.9354073,-0.014867752,1.4713,0.0864,5,0,0.3271,0.0287,5,0,1.4421,0.0924,5,0,9.6872,2.0723,5,0
4445,321.9355932,-0.009020733,0.8724,0.0595,5,0,0.1248,0.0128,5,0,3.7458,0.6437,5,0,211.7282,6.4741,5,0
4446,321.987605,0.312144367,0.2865,0.0133,5,0,0.1092,0.0085,5,0,0.1727,0.0152,5,0,3.774,0.1144,5,0
4447,322.0329704,-0.062495409,1.2423,0.1387,5,0,0.5661,0.0912,5,0,0.7428,0.112,5,0,11.1711,1.6941,5,0
4448,322.0866395,-0.452913611,0.1442,0.0222,5,0,0.0933,0.0066,5,0,0.6027,0.0264,5,0,13.9329,0.4452,5,0
4449,322.0963375,0.710504796,1.27,0.0866,5,0,0.5752,0.0177,5,0,1.2641,0.0463,5,0,17.8643,0.7084,5,0
4450,322.1267437,-0.280594748,0.0453,0.0145,5,0,0.0242,0.0022,5,0,0.0411,0.0038,5,0,0.5118,0.0459,5,0
4451,322.1553545,0.184609902,0.5708,0.0682,5,0,0.1968,0.0229,5,0,0.3352,0.0385,5,0,8.2338,0.7196,5,0
4452,322.1986961,0.270779174,3.8894,0.0677,5,0,1.0389,0.1182,5,0,2.04,0.0343,5,0,0.2882,0.0394,5,0
4453,322.358687,0.02894209,0.219,0.0551,5,0,0.0655,0.0035,5,0,0.1459,0.0076,5,0,2.3137,0.1689,5,0
4454,322.4324714,-0.049908444,0.1219,0.0217,5,0,0.0328,0.0036,5,0,0.0436,0.003,5,0,1.6639,0.1068,5,0
4455,322.4433851,0.959504081,0.5361,0.2011,5,0,0.1536,0.0681,5,0,0.1538,0.0497,5,0,4.251,0.99,5,0
4456,322.4880708,-0.541384167,1.0117,0.0539,5,0,0.3523,0.016,5,0,3.2657,0.0209,5,0,39.9104,0.6963,5,0
4457,322.4938313,0.094811303,1.5743,0.1071,5,0,0.5554,0.0242,5,0,2.5263,0.0629,5,0,59.7778,1.347,5,0
4458,322.557603,0.258440423,0.5037,0.0367,5,0,0.1937,0.0133,5,0,0.2857,0.0249,5,0,12.94,0.3238,5,0
4459,322.6182482,0.223920374,0.0911,0.0031,5,0,0.036,0.0016,5,0,0.2187,0.0038,5,0,4.4885,0.0817,5,0
4460,322.6399579,-0.173652233,0.0333,0.0147,5,0,0.0149,0.0024,5,0,0.0691,0.0047,5,0,0.8267,0.1322,5,0
4461,322.6440464,-0.459176232,0.5509,0.0284,5,0,0.2235,0.0078,5,0,0.7996,0.015,5,0,8.6594,0.2435,5,0
4462,322.7074109,-0.328955801,2.7698,0.6094,5,0,2.2475,0.2558,5,0,12.4717,0.5596,5,0,143.3708,8.0173,5,0
4463,322.7139105,-0.55595251,0.0769,0.0162,5,0,0.0243,0.0038,5,0,0.1049,0.0061,5,0,0.7484,0.1131,5,0
4464,322.747632,-0.774171161,0.0307,0.0068,5,0,0.0134,0.0008,5,0,0.0192,0.001,5,0,0.3453,0.0443,5,0
4465,322.751839,-1.074248248,0.1253,0.0093,5,0,0.0545,0.0075,5,0,,,,,1.4939,0.0781,5,0
4466,322.7731383,0.286049373,1.9963,0.3473,6,0,1.0205,0.1884,6,0,5.248,0.0437,5,0,5.3872,0.7176,6,0
4467,322.8434782,-0.935837493,1.1321,0.0518,5,0,0.4466,0.0086,5,0,2.6555,0.0143,5,0,36.3573,0.2761,5,0
4468,323.0687209,0.111021971,0.2998,0.0701,5,0,0.0987,0.0168,5,0,0.1435,0.0242,5,0,5.6544,0.5253,5,0
4469,323.1023637,-0.339917032,0.3758,0.0333,5,0,0.1552,0.0102,5,0,0.2784,0.0125,5,0,8.3488,0.1772,5,0
4470,323.1052074,0.025386381,1.9139,0.0534,5,0,0.7533,0.0374,5,0,4.9295,0.056,5,0,60.0185,1.1024,5,0
4471,323.1672305,0.376625093,0.4261,0.0376,5,0,0.1607,0.0164,5,0,0.2593,0.0157,5,0,5.1995,0.2249,5,0
4472,323.19827,0.14215094,0.0985,0.009,5,0,0.0497,0.0081,5,0,0.1411,0.017,5,0,0.7145,0.1686,5,0
4473,323.2199396,0.187763611,4.9726,0.1834,5,0,1.9941,0.0826,5,0,2.6788,0.0955,5,0,60.3706,0.8875,5,0
4474,323.2423678,-0.268617668,0.7667,0.1396,5,0,0.2499,0.0467,5,0,0.3897,0.0575,5,0,11.5261,1.2548,5,0
4475,323.3300814,-0.403122742,0.3854,0.1119,5,0,0.1028,0.0255,5,0,0.1851,0.0247,5,0,6.6787,0.3663,5,0
4476,323.372201,0.165996972,0.425,0.0851,5,0,0.03,0.0058,5,0,0.091,0.0193,5,0,3.4834,0.3114,5,0
4477,323.3748404,0.145889816,0.169,0.0137,5,0,0.0344,0.004,5,0,0.1869,0.0108,5,0,4.7553,0.3834,5,0
4478,323.3766103,0.168736078,0.238,0.0315,5,0,0.0184,0.0061,5,0,0.1417,0.0085,5,0,1.7789,0.0831,5,0
4479,323.3979301,-0.065017404,1.9072,0.1912,5,0,0.7079,0.0477,5,0,3.6453,0.1228,5,0,50.1014,3.2872,5,0
4480,323.448173,0.097463962,5.8748,0.2872,5,0,2.5183,0.2861,5,0,,,,,156.7013,14.5694,5,0
4481,323.4882157,0.319393844,0.2111,0.1529,5,0,-0.0068,0.0072,5,0,0.1387,0.0857,5,0,0.2108,0.0597,5,0
4482,323.5036042,0.299613302,0.0706,0.007,5,0,0.0217,0.0025,5,0,0.0685,0.0047,5,0,1.3973,0.0911,5,0
4483,323.5225291,-0.317008064,0.6774,0.0269,5,0,0.2138,0.0042,5,0,0.6116,0.0158,5,0,16.4989,0.0957,5,0
4484,323.5229954,-0.348632553,0.8939,0.1143,5,0,0.2205,0.0292,5,0,0.5666,0.0624,5,0,13.308,0.9008,5,0
4485,323.5355515,-0.55995964,0.0734,0.0104,5,0,0.0363,0.0017,5,0,0.1412,0.0043,5,0,1.4958,0.1199,5,0
4486,323.597236,-0.695366696,0.4697,0.0383,5,0,0.222,0.0095,5,0,0.8545,0.0227,5,0,6.3289,0.2156,5,0
4487,323.6025494,0.001354316,0.4723,0.0653,5,0,0.1806,0.0392,5,0,0.2799,0.0196,5,0,21.0913,1.9648,5,0
4488,323.6323144,0.261775296,0.082,0.0099,5,0,0.0198,0.0025,5,0,0.0255,0.0026,5,0,0.7451,0.0649,5,0
4489,323.6930947,0.622764686,2.7513,0.227,5,0,0.5907,0.0555,5,0,5.2869,0.2683,5,0,66.0587,3.5215,5,0
4490,323.7420993,-0.253647644,5.7618,2.4597,5,0,,,,,,,,,154.4499,39.7434,5,0
4491,323.7502591,0.437890951,3.177,0.2526,5,0,1.2237,0.0427,5,0,7.6761,0.133,5,0,101.261,3.4146,5,0
4492,323.7539014,-0.052631398,0.4551,0.1271,5,0,0.1493,0.0288,5,0,0.7486,0.0732,5,0,16.9167,2.4211,5,0
4493,323.8539066,0.039097978,0.22,0.0576,5,0,0.0333,0.0191,5,0,0.2326,0.12,5,0,3.3027,1.5962,5,0
4494,323.8947131,0.116973176,2.2995,0.3937,5,0,0.8434,0.0813,5,0,3.0655,0.1684,5,0,65.0442,4.1972,5,0
4495,323.9111221,0.420066208,0.5421,0.0472,5,0,0.1544,0.0099,5,0,0.5283,0.0161,5,0,12.993,0.5794,5,0
4496,323.9162839,0.033592191,3.2557,0.235,5,0,1.4933,0.0219,5,0,,,,,119.3449,1.0951,5,0
4497,323.9184442,0.398932838,4.152,0.7422,5,0,1.3273,0.2361,5,0,1.8227,0.1932,5,0,63.562,6.6116,5,0
4498,323.941791,0.042368804,0.46,0.0292,5,0,0.1158,0.0052,5,0,0.6366,0.0321,5,0,10.4801,0.2508,5,0
4499,323.958702,0.054308139,0.4549,0.0323,5,0,0.1647,0.0047,5,0,1.0869,0.0049,5,0,14.8678,0.0724,5,0
4500,323.9952118,-0.066653889,0.1212,0.006,5,0,0.059,0.0089,5,0,0.0968,0.008,5,0,0.0743,0.0374,5,0
4501,324.0166516,-0.399337981,1.4673,0.0893,5,0,0.3415,0.0212,5,0,0.552,0.0356,5,0,25.4516,0.9755,5,0
4502,324.0248832,-0.401221443,0.0775,0.0665,5,0,0.0279,0.0116,5,0,0.0282,0.0209,5,0,0.3904,0.582,5,0
4503,324.1064334,-0.887784262,0.696,0.0889,5,0,0.1704,0.029,5,0,0.204,0.0238,5,0,9.7547,0.7468,5,0
4504,324.13936,-0.746863458,1.3582,0.0575,5,0,0.4527,0.0294,5,0,0.6525,0.0358,5,0,15.565,0.8286,5,0
4505,324.1579903,0.443277226,0.7296,0.0542,5,0,0.2567,0.0178,5,0,1.0208,0.0249,5,0,15.0928,1.3222,5,0
4506,324.1596211,0.227135947,2.5187,1.4144,5,0,1.7027,0.6486,5,0,,,,,44.3121,23.7596,5,0
4507,324.1597272,0.262814647,4.4848,0.1343,5,0,1.3081,0.1123,5,0,7.5177,0.1288,5,0,65.9649,1.2743,5,0
4508,324.1693431,0.427928465,1.7385,0.0583,5,0,0.5994,0.0254,5,0,4.6901,0.0414,5,0,30.8717,0.5017,5,0
4509,324.1728296,0.437801859,0.7667,0.0733,5,0,0.1788,0.0049,5,0,1.1747,0.0197,5,0,21.1993,0.6221,5,0
4510,324.1800477,0.403584633,3.768,0.1662,5,0,0.8255,0.074,5,0,5.5202,0.1029,5,0,74.4306,4.5974,5,0
4511,324.1907755,-0.125527925,1.1557,0.077,5,0,0.3793,0.0251,5,0,1.1521,0.0368,5,0,36.3716,1.6794,5,0
4512,324.2001102,0.11826359,17.806,1.9774,5,0,,,,,,,,,3406.9389,175.8608,5,0
4513,324.2648252,-0.236220388,0.3685,0.0304,5,0,0.1212,0.0114,5,0,0.1858,0.0124,5,0,5.9539,0.2775,5,0
4514,324.317843,-0.083393318,0.0594,0.0108,5,0,0.0281,0.0019,5,0,0.0314,0.0026,5,0,0.6601,0.0402,5,0
4515,324.3382713,-0.352101337,0.2062,0.1373,5,0,0.0018,0.0126,5,0,0.0593,0.0233,5,0,0.0136,0.0116,5,0
4516,324.3491122,-0.345702124,0.0173,0.047,5,0,0.0288,0.004,5,0,0.0553,0.0068,5,0,0.6744,0.1042,5,0
4517,324.3716005,0.028920286,0.308,0.0112,5,0,0.1244,0.013,5,0,0.1517,0.0149,5,0,4.7669,0.2085,5,0
4518,324.4795749,-0.225114759,0.7858,0.0995,5,0,0.2176,0.0294,5,0,0.894,0.0755,5,0,23.5598,1.7193,5,0
4519,324.6030647,-0.372909143,0.1315,0.0075,5,0,0.0459,0.0074,5,0,0.0904,0.0095,5,0,2.4079,0.3776,5,0
4520,324.6044447,0.369144648,0.2312,0.0446,5,0,0.0951,0.0135,5,0,0.1576,0.0249,5,0,2.9443,0.2207,5,0
4521,324.6053493,0.225958201,0.1139,0.0153,5,0,0.0496,0.0019,5,0,0.0654,0.0043,5,0,3.3716,0.1167,5,0
4522,324.6081422,0.220657567,0.0424,0.0044,5,0,0.0102,0.001,5,0,0.0108,0.0017,5,0,0.6854,0.0514,5,0
4523,324.6361981,0.179003251,0.0952,0.0073,5,0,0.0347,0.0017,5,0,0.0573,0.0044,5,0,2.0288,0.1133,5,0
4524,324.6571695,-0.326279732,3.2647,0.3958,5,0,1.7821,0.3166,5,0,11.6031,1.2578,5,0,102.3833,19.6704,5,0
4525,324.6625671,0.513282297,0.0933,0.0091,5,0,0.0585,0.0032,5,0,0.2624,0.0093,5,0,1.392,0.1442,5,0
4526,324.6930123,0.211884968,0.1212,0.035,5,0,0.054,0.0068,5,0,0.0541,0.0071,5,0,3.1708,0.1392,5,0
4527,324.7234392,-0.364954468,0.0871,0.0163,5,0,0.0309,0.0063,5,0,0.0747,0.0105,5,0,1.5964,0.1279,5,0
4528,324.7700929,0.105814381,0.7117,0.0881,5,0,0.3015,0.0152,5,0,0.9827,0.0371,5,0,21.546,1.0204,5,0
4529,324.7723071,-0.641954801,0.437,0.0205,5,0,0.1965,0.0073,5,0,1.0394,0.0111,5,0,8.7087,0.0569,5,0
4530,324.8704998,-0.860086518,0.0492,0.0103,5,0,0.0146,0.0034,5,0,0.0295,0.0041,5,0,1.137,0.0885,5,0
4531,324.9137428,0.157576498,0.1591,0.0099,5,0,0.0705,0.0053,5,0,1.3785,0.0153,5,0,38.6145,1.2999,5,0
4532,324.9211838,-0.625443737,0.2068,0.0279,5,0,0.0586,0.0038,5,0,0.1735,0.008,5,0,4.2828,0.1672,5,0
4533,324.9310291,-0.614533957,0.1467,0.0442,5,0,0.0665,0.0193,5,0,0.4301,0.0877,5,0,3.2533,0.7904,5,0
4534,324.9353947,-0.626211665,0.1607,0.007,5,0,0.0477,0.0021,5,0,0.1628,0.0034,5,0,3.2445,0.0892,5,0
4535,324.9381013,0.14944237,0.0792,0.0116,5,0,0.0332,0.0083,5,0,0.0912,0.0193,5,0,2.8229,0.2837,5,0
4536,324.9674178,-0.350719552,0.4713,0.0523,5,0,0.1911,0.0137,5,0,0.4647,0.0237,5,0,14.9579,0.5742,5,0
4537,324.9772703,-0.333242159,0.1739,0.0165,5,0,0.0527,0.0052,5,0,0.0547,0.0096,5,0,2.1405,0.0853,5,0
4538,324.9780244,0.191865558,0.183,0.0128,5,0,0.0803,0.009,5,0,0.1382,0.0115,5,0,4.6385,0.1326,5,0
4539,324.9876568,0.298919594,0.2141,0.0058,5,0,0.0694,0.0036,5,0,0.1867,0.0044,5,0,2.6936,0.0612,5,0
4540,325.0029696,-0.407456747,0.8594,0.1284,5,0,0.3136,0.0263,5,0,0.2924,0.0398,5,0,8.6604,0.6384,5,0
4541,325.061861,-0.186392594,0.233,0.024,5,0,0.0857,0.006,5,0,0.1052,0.0072,5,0,3.0315,0.1018,5,0
4542,325.1252655,0.029871076,6.314,0.5788,5,0,2.1699,0.1144,5,0,11.8748,0.4198,5,0,175.4288,28.6308,5,0
4543,325.1403823,0.264257317,0.0303,0.0051,5,0,0.0148,0.0017,5,0,0.0365,0.003,5,0,0.5079,0.0345,5,0
4544,325.1524541,0.083163167,0.4902,0.053,5,0,0.1621,0.013,5,0,0.7476,0.0263,5,0,14.683,0.4952,5,0
4545,325.1866794,-0.079913836,0.9351,0.0518,5,0,0.1852,0.0136,5,0,0.2269,0.0309,5,0,12.4809,0.2148,5,0
4546,325.1943376,-0.081440694,0.131,0.0138,5,0,0.0182,0.0016,5,0,0.1104,0.0097,5,0,2.404,0.1527,5,0
4547,325.2009716,-0.911555603,0.0823,0.0113,5,0,0.0264,0.0032,5,0,0.0318,0.0026,5,0,0.6106,0.0678,5,0
4548,325.2065437,0.186160208,0.0303,0.003,5,0,0.0084,0.0005,5,0,0.0153,0.0007,5,0,0.3395,0.0362,5,0
4549,325.2129261,0.238406172,0.1072,0.0093,5,0,0.0586,0.0043,5,0,0.1746,0.0107,5,0,3.2702,0.1179,5,0
4550,325.2230337,-0.44090875,0.1388,0.0079,5,0,0.0603,0.0032,5,0,0.0943,0.0043,5,0,-0.022,0.0224,5,0
4551,325.2338481,0.155242523,0.1854,0.0263,5,0,0.0683,0.007,5,0,0.0885,0.0093,5,0,1.7939,0.1872,5,0
4552,325.3302193,0.329021207,0.1579,0.0112,5,0,0.0462,0.006,5,0,0.1154,0.0078,5,0,5.0495,0.1356,5,0
4553,325.33169,0.20289295,0.291,0.026,5,0,0.1235,0.0085,5,0,0.3001,0.0161,5,0,10.5563,0.2856,5,0
4554,325.3562387,-0.04367057,0.7692,0.15,5,0,0.2173,0.0433,5,0,0.6738,0.1335,5,0,19.684,0.6474,5,0
4555,325.3594596,-0.036246775,0.4705,0.0648,5,0,0.158,0.0187,5,0,0.8323,0.0482,5,0,15.3224,1.3545,5,0
4556,325.4549105,0.109262832,0.1873,0.0229,5,0,0.0949,0.0107,5,0,0.2141,0.0095,5,0,12.0166,0.4562,5,0
4557,325.5586504,0.099507305,0.2998,0.0087,5,0,0.0901,0.0152,5,0,0.4419,0.0171,5,0,13.2769,0.2375,5,0
4558,325.595751,0.09232966,0.8682,0.0864,5,0,0.5717,0.0417,5,0,3.0784,0.1497,5,0,43.8679,2.3225,5,0
4559,325.6667784,0.216035456,0.0391,0.0013,5,0,0.0152,0.0021,5,0,0.0163,0.0022,5,0,0.4971,0.0212,5,0
4560,325.7236659,0.370821985,0.315,0.0555,5,0,0.0772,0.0102,5,0,0.1027,0.0088,5,0,5.1168,0.5361,5,0
4561,325.7332883,-0.543586969,0.1827,0.0084,5,0,0.1427,0.0066,5,0,0.3422,0.0085,5,0,1.7895,0.0983,5,0
4562,325.7612161,0.215474318,3.2927,0.0635,5,0,1.278,0.0405,5,0,7.648,0.0669,5,0,86.253,1.0458,5,0
4563,325.7745004,-0.129395531,0.4703,0.031,5,0,0.2071,0.0131,5,0,0.937,0.0272,5,0,13.9355,0.4779,5,0
4564,325.8137171,-0.523557587,0.091,0.0184,5,0,0.0793,0.0067,5,0,0.706,0.0686,5,0,1.1189,0.1113,5,0
4565,325.9126145,0.014528909,0.2062,0.0181,5,0,0.0803,0.0062,5,0,0.1589,0.0108,5,0,5.3965,0.2751,5,0
4566,325.9142932,0.051471388,0.0719,0.032,5,0,0.0537,0.0093,5,0,0.0682,0.0103,5,0,4.1669,0.167,5,0
4567,326.2519217,-0.693850349,0.1382,0.0352,5,0,0.0569,0.0068,5,0,0.1522,0.0067,5,0,3.2506,0.0621,5,0
4568,326.2529068,0.469657655,0.2593,0.0099,5,0,0.0891,0.0055,5,0,0.2176,0.009,5,0,5.1738,0.1922,5,0
4569,326.3209507,-0.389098836,0.6418,0.0145,5,0,0.1798,0.0174,5,0,0.3495,0.0129,5,0,4.0546,0.8771,5,0
4570,326.3763502,0.702101266,1.6168,0.1553,5,0,0.6348,0.0438,5,0,5.8902,0.1263,5,0,40.6242,1.8719,5,0
4571,326.408933,0.019285566,0.393,0.0349,5,0,0.1341,0.0123,5,0,0.9415,0.0174,5,0,18.1692,1.159,5,0
4572,326.4472284,0.907032276,18.2675,1.2215,5,0,,,,,,,,,786.4121,40.5429,5,0
4573,326.4474336,-0.762879014,0.1305,0.0164,5,0,0.0465,0.0058,5,0,0.2465,0.0297,4,0,6.3173,0.6828,5,0
4574,326.4588198,-0.238712976,0.1952,0.0381,5,0,0.1015,0.0102,5,0,0.2943,0.024,5,0,3.7207,0.3065,5,0
4575,326.4667424,-0.38200278,4.3546,0.3727,5,0,,,,,,,,,197.3117,28.2284,5,0
4576,326.4715702,-0.37684847,9.9569,0.1393,5,0,,,,,,,,,848.6658,10.179,5,0
4577,326.4874068,-0.223680599,0.7196,0.0881,5,0,0.1333,0.0147,5,0,0.3572,0.067,5,0,11.7337,0.6968,5,0
4578,326.5434676,0.167218972,1.5672,0.0894,5,0,0.5709,0.0569,5,0,4.6337,0.1411,5,0,116.7625,3.6216,5,0
4579,326.5748808,0.384070569,0.8328,0.0587,5,0,0.36,0.0132,5,0,1.0277,0.0402,5,0,14.3925,0.4879,5,0
4580,326.6427773,0.144199087,1.7413,0.1621,4,0,0.544,0.0381,5,0,1.6936,0.1067,5,0,59.1439,3.4119,5,0
4581,326.6603544,0.242370805,0.3578,0.0752,5,0,0.1182,0.0079,5,0,0.1168,0.0107,5,0,4.4223,0.3992,5,0
4582,326.6603656,0.520457924,16.0705,0.8146,5,0,,,,,,,,,593.197,9.4805,5,0
4583,326.6621523,0.257991742,0.8076,0.3153,5,0,0.2805,0.105,5,0,1.9974,0.8771,5,0,35.158,14.3507,5,0
4584,326.6630074,0.263195181,1.2584,0.1942,5,0,0.4379,0.0378,5,0,3.5558,0.1016,5,0,58.2886,3.768,5,0
4585,326.7251596,0.775472021,0.2753,0.0295,5,0,0.9098,0.1223,5,0,9.7897,1.3215,5,0,9.481,1.7643,5,0
4586,326.7705571,-0.322299169,0.2431,0.0166,5,0,0.0472,0.0068,5,0,0.1332,0.0056,5,0,2.8914,0.4164,5,0
4587,326.7727268,-0.32646082,0.9499,0.1582,5,0,0.16,0.033,5,0,0.4189,0.0603,5,0,18.0136,3.9374,5,0
4588,326.7755213,-0.238296749,0.7554,0.0254,5,0,0.0545,0.007,5,0,0.4203,0.0694,2,0,5.1167,4.2257,5,0
4589,326.7881814,-0.553463629,2.744,2.0402,5,0,2.7048,0.6531,5,0,22.1584,3.8114,5,0,108.1083,36.9994,5,0
4590,326.8393465,0.657740093,0.4617,0.0928,5,0,0.1247,0.0237,5,0,0.2125,0.0404,5,0,7.7818,0.2888,5,0
4591,326.8571928,-0.680254916,0.1143,0.0073,5,0,0.019,0.0035,5,0,0.1679,0.0445,5,0,28.1778,9.9966,5,0
4592,326.8783153,-0.514030995,6.0107,0.239,5,0,1.8046,0.1196,5,0,,,,,152.9477,5.2987,5,0
4593,326.8852722,-0.27664886,10.1364,1.3162,5,0,2.6468,0.3071,5,0,,,,,278.7643,24.8505,5,0
4594,326.9167533,-0.510185534,5.6121,0.2431,5,0,1.6383,0.1792,5,0,7.9913,0.4356,5,0,131.0813,10.3479,5,0
4595,326.9248764,0.290375764,0.061,0.0033,5,0,0.018,0.001,5,0,0.0433,0.0031,5,0,1.131,0.0686,5,0
4596,326.9314359,0.78221054,2.8129,0.2681,5,0,0.7618,0.0944,5,0,2.2209,0.1415,5,0,41.4814,3.8896,5,0
4597,326.9560266,-0.574921513,1.3404,0.2514,5,0,0.4086,0.0509,5,0,0.7417,0.1035,5,0,21.2987,1.9393,5,0
4598,326.9742398,-0.079721406,3.0372,0.1374,5,0,0.9771,0.0358,5,0,4.2386,0.0582,5,0,63.2835,1.4055,5,0
4599,326.9901146,-0.058592217,2.4037,0.0522,5,0,0.62,0.0634,5,0,,,,,73.5674,3.6325,5,0
4600,327.0420882,0.479691876,0.0837,0.0072,5,0,0.0358,0.0028,5,0,0.152,0.0066,5,0,2.1964,0.1017,5,0
4601,327.0525929,0.036976235,5.3227,0.4195,5,0,1.1345,0.0877,5,0,5.0905,0.2768,5,0,203.4117,10.7554,5,0
4602,327.1060354,0.542396317,0.7708,0.0405,5,0,0.2434,0.0078,5,0,1.8558,0.0119,5,0,23.7328,0.4846,5,0
4603,327.1310307,-0.263772885,5.3983,1.0023,5,0,2.5074,0.3818,5,0,15.2518,1.6371,5,0,155.8227,18.0166,5,0
4604,327.1314757,-0.378931098,0.2319,0.055,5,0,0.729,0.0656,5,0,8.6212,0.7865,5,0,6.8943,1.1058,5,0
4605,327.1610696,0.515133757,0.6736,0.0295,5,0,0.2041,0.0176,5,0,0.3447,0.0197,5,0,13.7731,0.3376,5,0
4606,327.1993289,-0.295354502,0.5968,0.0441,5,0,0.2068,0.0162,5,0,0.4224,0.0338,5,0,12.6915,0.5696,5,0
4607,327.2098862,-0.200116006,0.7298,0.0364,5,0,0.2542,0.0094,5,0,0.7083,0.0183,5,0,9.6304,0.1762,5,0
4608,327.2371567,0.449128443,0.1391,0.0249,5,0,0.0692,0.0054,5,0,0.2041,0.0167,5,0,3.6881,0.2155,5,0
4609,327.2624034,-0.499082433,2.4889,0.5415,5,0,1.7456,0.1599,5,0,,,,,65.99,9.845,5,0
4610,327.3025487,-0.074475679,0.168,0.031,5,0,0.0542,0.0046,5,0,0.0759,0.0051,5,0,2.7362,0.1697,5,0
4611,327.3236002,0.176029327,0.125,0.0076,5,0,0.0457,0.0046,5,0,0.0893,0.0073,5,0,2.935,0.186,5,0
4612,327.3291391,-0.229112131,2.5843,0.0474,5,0,0.6287,0.0142,5,0,3.2745,0.0802,5,0,0.7521,0.0893,5,0
4613,327.3396483,-0.202484208,0.1409,0.024,5,0,0.06,0.0017,5,0,0.3055,0.0097,5,0,1.7484,0.0798,5,0
4614,327.3561359,-0.100821876,1.3712,0.1498,5,0,0.5758,0.0598,5,0,3.9521,0.1609,5,0,91.185,4.085,5,0
4615,327.3579627,0.13982033,0.0721,0.0737,5,0,0.015,0.0008,5,0,0.0012,0.0241,5,0,1.0641,0.0968,5,0
4616,327.3752377,0.268799692,0.1701,0.0413,5,0,0.0477,0.0123,5,0,0.0886,0.0182,5,0,2.6909,0.0676,5,0
4617,327.42706,0.683621872,0.5326,0.0366,5,0,0.1973,0.0125,5,0,0.293,0.0203,5,0,8.1443,0.2892,5,0
4618,327.4792155,0.06902479,0.2122,0.023,5,0,0.0418,0.009,5,0,0.1729,0.0188,5,0,5.0716,0.5642,5,0
4619,327.587564,-0.124345999,0.2263,0.0277,5,0,0.0261,0.0041,5,0,0.0905,0.0076,5,0,6.1329,0.4481,5,0
4620,327.6197251,-0.350221425,0.5724,0.0759,5,0,0.121,0.0112,5,0,0.6228,0.0736,4,0,12.5072,1.0137,5,0
4621,327.6264691,-0.137421078,0.7693,0.0408,5,0,0.2276,0.0231,5,0,1.4466,0.0795,5,0,36.5615,1.9255,5,0
4622,327.6302707,0.852300651,0.087,0.0103,5,0,0.0156,0.0007,5,0,0.0481,0.0031,5,0,1.1342,0.1017,5,0
4623,327.6307377,-0.3578862,2.5414,0.557,5,0,1.1195,0.1983,5,0,,,,,147.5123,15.7215,5,0
4624,327.6362143,-0.389849633,0.7204,0.0349,5,0,0.1796,0.0055,5,0,0.7611,0.0346,5,0,14.5026,0.6939,5,0
4625,327.6407639,-0.385177978,0.3492,0.0469,5,0,0.0713,0.0054,5,0,0.7678,0.0389,5,0,15.0704,1.0953,5,0
4626,327.6413139,0.857407938,0.4013,0.0496,5,0,0.064,0.0095,5,0,0.0866,0.008,5,0,10.3839,1.0476,5,0
4627,327.6536321,0.12580949,0.8209,0.0269,5,0,0.2783,0.0237,5,0,2.7824,0.1047,5,0,41.5273,1.4712,5,0
4628,327.7133283,-0.141269141,0.083,0.0247,5,0,0.0469,0.007,5,0,0.3535,0.0147,5,0,3.9118,0.2404,5,0
4629,327.7251864,-0.189279058,0.0763,0.0372,5,0,0.0247,0.0064,5,0,0.1634,0.0208,5,0,0.4532,0.0913,5,0
4630,327.7338829,-0.393664312,5.9896,0.8013,5,0,,,,,,,,,153.4462,51.9329,5,0
4631,327.7497338,-0.684091667,1.6149,0.1659,5,0,0.332,0.0395,5,0,0.4114,0.0358,5,0,25.0992,1.5101,5,0
4632,327.755871,-0.331811599,1.8059,0.1882,5,0,0.4526,0.1052,4,0,3.3173,0.1529,4,0,46.4162,6.8012,5,0
4633,327.7573692,-0.35200467,10.9709,2.4438,5,0,,,,,,,,,401.6491,81.9081,5,0
4634,327.7685432,0.930809285,0.1048,0.0121,5,0,0.0641,0.0066,5,0,0.066,0.0085,5,0,1.2711,0.1086,5,0
4635,327.7812468,0.118950718,1.5352,0.2994,5,0,0.637,0.0685,5,0,2.4985,0.2232,5,0,40.9117,4.7214,5,0
4636,327.7815015,0.131102377,0.1447,0.0072,5,0,0.0156,0.0006,5,0,0.2608,0.023,5,0,1.7723,0.3913,5,0
4637,327.782654,-0.656626227,3.6401,0.4642,5,0,0.9848,0.1429,5,0,2.305,0.2389,5,0,51.1613,5.7961,5,0
4638,327.8076061,-0.62957472,0.8387,0.0528,5,0,0.0711,0.0094,5,0,0.7229,0.0314,4,0,3.3401,1.8193,5,0
4639,327.8101939,-0.633721594,6.2559,0.407,5,0,0.5929,0.0795,5,0,,,,,164.6641,7.0146,5,0
4640,327.8195121,-0.661992243,0.3848,0.0153,5,0,0.1082,0.0097,5,0,0.5929,0.0114,5,0,6.5628,0.2446,5,0
4641,327.8225371,0.92195272,-0.0264,0.088,5,0,0.0114,0.0009,5,0,0.0195,0.0027,5,0,0.9863,0.0466,5,0
4642,327.8483656,0.017283336,2.1104,0.0694,5,0,0.9856,0.0853,5,0,6.6413,0.162,5,0,98.5095,4.7381,5,0
4643,327.8517842,0.189660985,0.5764,0.0452,5,0,0.1159,0.0068,5,0,2.1164,0.0581,5,0,38.519,1.3634,5,0
4644,327.8568271,0.189071875,0.1555,0.0308,5,0,0.0094,0.0022,5,0,0.0432,0.0193,5,0,2.265,0.6516,5,0
4645,327.8771603,-0.617768143,2.0855,0.155,5,0,0.8358,0.0522,5,0,,,,,62.8505,1.7687,5,0
4646,327.8956067,0.697448692,0.0912,0.0353,5,0,0.0221,0.0017,5,0,0.0312,0.0034,5,0,0.7866,0.1233,5,0
4647,327.8961092,-0.333443721,0.0881,0.0158,5,0,0.0256,0.0018,5,0,0.0582,0.0039,5,0,0.4412,0.0665,5,0
4648,327.9014995,0.152808142,0.9078,0.055,5,0,0.2483,0.049,5,0,5.3773,0.7361,5,0,69.8629,1.0139,5,0
4649,327.9075159,-0.15314324,0.9802,0.076,5,0,0.369,0.0335,5,0,0.7535,0.126,5,0,14.2382,1.2647,5,0
4650,327.9152694,-0.515221964,0.4,0.172,5,0,0.1218,0.0374,5,0,0.1915,0.0389,5,0,5.8607,2.856,5,0
4651,327.9465083,-0.032408914,0.2767,0.0483,5,0,0.1111,0.0151,5,0,0.2838,0.0288,5,0,9.9544,0.9619,5,0
4652,327.9490545,-0.370277391,0.0286,0.0092,5,0,0.0085,0.0018,5,0,0.0229,0.0018,5,0,0.1223,0.0525,5,0
4653,327.9704257,-0.715166375,2.3206,0.03,5,0,0.9109,0.0128,5,0,1.8941,0.0546,5,0,27.7354,0.5234,5,0
4654,327.978778,-0.00084041,0.3604,0.0436,5,0,0.1302,0.018,5,0,1.4512,0.1173,5,0,20.4394,0.4646,5,0
4655,328.0097427,0.152044076,0.0599,0.003,5,0,0.0182,0.0017,5,0,0.1054,0.0074,5,0,2.5442,0.1452,5,0
4656,328.0525426,-0.954070858,0.0164,0.0024,5,0,0.0048,0.0004,5,0,,,,,0.0736,0.0284,5,0
4657,328.0563696,0.300023031,0.8127,0.0427,5,0,0.2818,0.0202,5,0,1.9566,0.0528,5,0,28.6147,0.5703,5,0
4658,328.0587924,0.382024144,0.9873,0.1076,5,0,0.2508,0.0499,5,0,0.803,0.0926,5,0,55.912,5.9093,5,0
4659,328.0728173,0.581069927,2.1144,0.1466,5,0,0.5458,0.0616,5,0,6.2157,0.4979,5,0,127.6306,15.7214,5,0
4660,328.0737896,0.588092982,1.0495,0.1624,5,0,0.1273,0.0254,5,0,1.402,0.1378,5,0,51.7884,8.7794,5,0
4661,328.0865549,-0.524767228,0.8674,0.1472,5,0,0.1996,0.0433,5,0,0.4922,0.0557,5,0,10.5154,1.0472,5,0
4662,328.13685,0.653795758,0.584,0.033,5,0,0.133,0.0109,5,0,0.2216,0.0162,5,0,11.9394,0.2871,5,0
4663,328.1414591,-0.913946287,0.0205,0.0042,5,0,0.0138,0.0022,5,0,,,,,0.2112,0.0272,5,0
4664,328.1457205,0.295825953,0.3054,0.0348,5,0,0.0688,0.0048,5,0,0.1588,0.0068,5,0,5.0989,0.3713,5,0
4665,328.1467952,0.185505001,0.7152,0.0882,5,0,0.5519,0.0462,5,0,7.4459,0.3628,5,0,33.3344,3.1032,5,0
4666,328.1674469,-0.200574967,0.611,0.0725,5,0,0.1634,0.0168,5,0,0.6995,0.0747,5,0,18.4855,0.3573,5,0
4667,328.1708304,0.220593269,0.0934,0.0148,5,0,0.0268,0.0032,5,0,0.298,0.0115,5,0,2.6618,0.1262,5,0
4668,328.1755955,0.351326754,1.099,0.0525,5,0,0.2955,0.0256,5,0,0.6325,0.0102,5,0,31.3857,0.9809,5,0
4669,328.1763755,0.229497853,0.4238,0.0285,5,0,0.1567,0.0048,5,0,0.7901,0.0172,5,0,14.5132,0.2101,5,0
4670,328.191852,-0.570156365,21.6869,10.283,5,0,,,,,,,,,487.8356,271.9067,5,0
4671,328.1928383,-0.57610229,13.2744,2.7445,5,0,,,,,,,,,341.367,29.9852,5,0
4672,328.1997384,-0.476883882,3.6028,0.4477,5,0,1.4178,0.0792,5,0,6.2209,0.2842,5,0,57.049,3.065,5,0
4673,328.2354144,0.998973767,0.1358,0.0358,5,0,0.057,0.0068,5,0,0.526,0.0306,5,0,5.2234,1.3929,5,0
4674,328.2356145,0.270123764,0.2017,0.0114,5,0,0.074,0.009,5,0,0.1697,0.0087,5,0,5.9765,0.3419,5,0
4675,328.2400637,-0.54522913,1.1693,0.0625,5,0,0.1835,0.0317,5,0,4.1498,0.9992,4,0,191.0635,104.2327,5,0
4676,328.247299,-0.050705679,0.1194,0.0415,5,0,0.0849,0.0117,5,0,0.4946,0.0326,5,0,3.8941,0.3682,5,0
4677,328.2485921,-0.531285917,2.2151,0.421,5,0,0.4428,0.2512,5,0,,,,,664.5907,616.9316,5,0
4678,328.3038078,0.425592327,2.5697,0.5571,5,0,,,,,,,,,37.3193,21.7774,5,0
4679,328.3071724,0.431410889,18.8026,1.4259,5,0,,,,,,,,,4949.0812,175.724,5,0
4680,328.3083954,0.421408596,3.5342,0.3716,5,0,,,,,,,,,66.2125,22.2085,5,0
4681,328.3136436,0.362888588,0.7141,0.1682,5,0,0.6256,0.0624,5,0,6.9941,0.3542,5,0,33.913,6.5602,5,0
4682,328.3148115,0.424559837,2.3836,0.4493,5,0,,,,,,,,,66.0234,13.483,5,0
4683,328.3178033,0.652668112,1.254,0.1417,5,0,0.3352,0.0556,5,0,1.2411,0.2538,5,0,33.1681,5.4165,5,0
4684,328.3207866,0.384484104,0.2655,0.0425,5,0,0.2847,0.0134,5,0,3.95,0.0829,5,0,12.1524,0.5011,5,0
4685,328.3315837,-0.036102168,0.0409,0.0079,5,0,0.0162,0.0009,5,0,0.0539,0.0042,5,0,1.5347,0.085,5,0
4686,328.3753758,-0.258910625,0.4708,0.0337,5,0,0.0604,0.0061,5,0,0.1913,0.0215,5,0,9.2637,0.5624,5,0
4687,328.4239775,-0.089463174,0.3908,0.0466,5,0,0.2399,0.0182,5,0,2.4342,0.0815,5,0,53.0941,3.0496,5,0
4688,328.4778852,0.095136261,0.1506,0.0339,5,0,0.0151,0.0065,5,0,0.0548,0.01,5,0,2.0139,0.1314,5,0
4689,328.5018314,0.115897361,0.0502,0.0309,5,0,0.0336,0.0051,5,0,0.0972,0.0059,5,0,1.4273,0.1474,5,0
4690,328.524694,-0.093048151,0.2371,0.0105,5,0,0.0733,0.0068,5,0,0.6375,0.013,5,0,12.2943,0.2683,5,0
4691,328.5536528,0.266789598,0.9469,0.018,5,0,0.2471,0.0173,5,0,0.7298,0.0541,5,0,9.8938,1.1878,5,0
4692,328.5636002,0.371786262,0.4469,0.0376,5,0,0.1245,0.0131,5,0,0.2617,0.0174,5,0,10.1461,0.4302,5,0
4693,328.5662136,-0.533459007,23.9263,2.7026,5,0,,,,,,,,,963.1455,28.3335,5,0
4694,328.5725635,-0.532689711,20.9869,10.3826,5,0,,,,,,,,,1533.6465,430.5647,5,0
4695,328.5733558,0.576785016,0.244,0.0203,5,0,0.0797,0.0079,5,0,0.2523,0.0168,5,0,5.7406,0.332,5,0
4696,328.5760739,-0.143161906,0.5429,0.0912,5,0,0.2606,0.0126,5,0,1.3549,0.0229,5,0,30.2711,1.7647,5,0
4697,328.5766766,-0.52733835,46.84,3.9383,5,0,,,,,,,,,2146.1583,317.4448,5,0
4698,328.5789736,0.063314478,0.1808,0.0097,5,0,0.047,0.0028,5,0,0.3327,0.0093,5,0,17.5578,0.253,5,0
4699,328.5864207,0.514546598,0.2614,0.0258,5,0,0.0833,0.0042,5,0,0.1504,0.0068,5,0,5.181,0.2444,5,0
4700,328.5864652,-0.488224792,1.0331,0.2665,5,0,0.6514,0.0897,5,0,3.4362,0.4253,5,0,10.6581,0.562,5,0
4701,328.5868868,-0.527082531,16.8665,0.4604,5,0,,,,,,,,,198.5546,3.533,5,0
4702,328.5903206,0.095904119,0.144,0.019,5,0,0.0554,0.0046,5,0,0.1664,0.0089,5,0,4.9078,0.2668,5,0
4703,328.6436549,-0.099642789,0.6054,0.0186,5,0,0.212,0.0144,5,0,0.6253,0.016,5,0,13.0892,0.405,5,0
4704,328.645408,0.856561708,0.0077,0.0096,5,0,0.0008,0.0005,5,0,0.0119,0.0008,5,0,0.2553,0.0316,5,0
4705,328.6568303,0.133248199,2.1548,0.1046,5,0,0.5286,0.0167,5,0,1.3474,0.042,5,0,51.4091,1.3494,5,0
4706,328.6572692,0.859112797,0.289,0.0192,5,0,0.0933,0.0042,5,0,0.3124,0.0117,5,0,11.1376,0.0606,5,0
4707,328.6587649,0.852078018,0.0536,0.0036,5,0,0.013,0.0016,5,0,0.0399,0.0035,5,0,0.8141,0.0887,5,0
4708,328.6840721,0.313767737,0.2553,0.0386,5,0,0.0734,0.0138,5,0,0.0952,0.014,5,0,6.1837,0.1948,5,0
4709,328.6976533,-0.883179987,0.7245,0.0791,5,0,0.1649,0.0126,5,0,,,,,10.0541,0.5719,5,0
4710,328.6988368,0.475092511,1.4106,0.1154,5,0,0.439,0.0342,5,0,1.5766,0.0998,5,0,46.8954,1.6982,5,0
4711,328.7057081,-0.883809344,3.6248,0.2346,5,0,1.1255,0.0798,5,0,,,,,70.8121,2.7078,5,0
4712,328.7143694,0.414893924,0.3435,0.0459,5,0,0.0991,0.0064,5,0,0.1639,0.0097,5,0,7.4408,0.2644,5,0
4713,328.7145985,0.002462593,0.7999,0.0398,5,0,0.277,0.0071,5,0,1.3737,0.0156,5,0,11.9342,0.2535,5,0
4714,328.7430976,0.639699185,0.3862,0.0241,5,0,0.1503,0.0059,5,0,0.267,0.0143,5,0,8.0541,0.4551,5,0
4715,328.7502167,0.084256538,0.2028,0.0123,5,0,0.0555,0.0029,5,0,0.0966,0.0092,5,0,3.8114,0.1866,5,0
4716,328.7793258,0.460190394,0.2272,0.0416,5,0,0.0622,0.013,5,0,0.3533,0.0133,5,0,4.8355,0.6431,5,0
4717,328.7995422,0.336215886,0.1384,0.0258,5,0,0.0239,0.0014,5,0,0.0796,0.002,5,0,4.4872,0.3173,5,0
4718,328.8088932,0.638316585,2.2487,1.5195,5,0,0.0343,0.0058,2,0,,,,,1582.9411,1618.3533,5,0
4719,328.8091958,0.340645509,0.5192,0.0341,5,0,0.1506,0.0141,5,0,0.3657,0.0182,5,0,11.1001,0.6202,5,0
4720,328.8183607,-0.001016274,3.0241,1.333,5,0,0.636,0.0518,5,0,5.4223,0.1399,5,0,104.209,11.4103,5,0
4721,328.819777,-0.004227912,0.5528,0.1341,5,0,0.1435,0.0283,5,0,0.9539,0.1341,5,0,23.4254,1.6246,5,0
4722,328.82182,0.057241453,0.6509,0.022,5,0,0.1543,0.0102,5,0,0.7577,0.0309,5,0,29.2488,0.9586,5,0
4723,328.8235315,-0.078751823,5.0166,0.1973,5,0,2.2009,0.1631,5,0,,,,,279.8209,10.8176,5,0
4724,328.8269014,0.049303874,0.4854,0.0241,5,0,0.1338,0.0093,5,0,0.9401,0.0331,5,0,16.1885,0.5055,5,0
4725,328.8528526,0.304420205,0.1356,0.0164,5,0,0.0511,0.0024,5,0,0.1367,0.013,5,0,4.8746,0.0559,5,0
4726,328.8741098,0.523341516,0.7462,0.0826,5,0,0.1575,0.01,5,0,0.1486,0.0252,5,0,14.2405,3.0944,5,0
4727,328.874561,-0.401425016,0.2172,0.0422,5,0,0.0829,0.0181,5,0,0.1841,0.0371,5,0,3.3086,0.7044,5,0
4728,328.8810674,0.977904562,0.0823,0.0136,5,0,0.0238,0.0025,5,0,0.0266,0.0038,5,0,0.9916,0.0733,5,0
4729,328.8963626,0.228320904,0.4987,0.0158,5,0,0.2498,0.0155,5,0,1.2302,0.0222,5,0,19.2579,0.4946,5,0
4730,328.8984279,-0.896536997,0.1161,0.0017,5,0,0.035,0.0044,5,0,,,,,2.1818,0.1891,5,0
4731,328.9043631,-0.555947045,0.2046,0.0213,5,0,0.0869,0.0065,5,0,0.1079,0.0081,5,0,1.1743,0.144,5,0
4732,328.9333729,0.613978901,0.7504,0.1244,5,0,0.0862,0.0283,5,0,0.2778,0.0577,5,0,23.6333,2.9255,5,0
4733,328.9489319,0.551538584,1.0984,0.0594,5,0,0.288,0.0318,5,0,1.3513,0.0643,4,0,22.0803,2.2811,5,0
4734,328.9589631,0.56696041,7.5733,1.0011,5,0,0.9015,0.1611,5,0,,,,,397.7862,26.1739,5,0
4735,328.9603309,0.250656216,0.2743,0.0815,5,0,0.2876,0.0445,5,0,3.2283,0.3195,5,0,17.5325,2.0619,5,0
4736,328.9822481,0.573040044,0.9357,0.0407,5,0,0.2455,0.0226,5,0,4.4984,0.0829,5,0,138.9418,3.7572,5,0
4737,329.0295672,0.505378966,0.0507,0.1143,5,0,0.0418,0.0069,5,0,0.0427,0.0055,5,0,2.527,0.2139,5,0
4738,329.0738444,0.952637156,0.1627,0.0035,5,0,0.0324,0.0068,5,0,0.0477,0.0028,5,0,2.0162,0.0849,5,0
4739,329.0828351,0.440979555,0.0905,0.0105,5,0,0.0604,0.0059,5,0,0.4879,0.019,5,0,5.1111,0.3019,5,0
4740,329.0868119,0.287100479,0.6592,0.0132,5,0,0.2443,0.0121,5,0,2.6164,0.0302,5,0,29.5463,0.7194,5,0
4741,329.0934754,-0.303751088,1.5891,0.1069,5,0,0.5098,0.0444,5,0,1.3161,0.0535,5,0,29.7423,2.2254,5,0
4742,329.109221,-0.490749652,4.653,0.2913,5,0,1.8045,0.0443,5,0,4.9095,0.0857,5,0,107.816,1.8659,5,0
4743,329.1692281,0.210210615,0.0647,0.0118,5,0,0.0336,0.0037,5,0,0.0605,0.0076,5,0,1.6615,0.1123,5,0
4744,329.233256,-0.275228819,0.5337,0.0653,5,0,0.2239,0.0154,5,0,0.4579,0.0299,5,0,10.94,0.4583,5,0
4745,329.2712447,0.114526012,4.0569,0.1961,5,0,0.7193,0.0989,5,0,,,,,182.6132,5.9277,5,0
4746,329.2949864,-0.388384975,1.8849,0.1955,5,0,0.6271,0.0501,5,0,1.8662,0.1087,5,0,52.3437,5.9836,5,0
4747,329.3354388,0.362399031,0.155,0.0178,5,0,0.0505,0.0041,5,0,0.1361,0.0061,5,0,5.5542,0.1094,5,0
4748,329.3373144,0.14626821,24.4517,1.6293,5,0,,,,,,,,,5693.6225,58.822,5,0
4749,329.3731469,0.509766697,0.0871,0.0025,5,0,0.0114,0.0012,5,0,0.0314,0.0024,5,0,1.3546,0.0476,5,0
4750,329.3894236,-0.473620153,0.4632,0.0578,5,0,0.1366,0.0149,5,0,1.4198,0.1267,4,0,10.3224,1.0109,5,0
4751,329.3946523,-0.450416719,0.7926,0.4961,5,0,0.1488,0.0315,5,0,1.6188,0.2839,4,0,33.1348,8.7043,5,0
4752,329.4039671,0.364551019,0.462,0.036,5,0,0.1466,0.0093,5,0,1.3842,0.0376,5,0,20.1803,0.8557,5,0
4753,329.404705,-0.456750592,2.9383,0.3353,5,0,0.7858,0.1135,5,0,,,,,1089.1303,59.5528,5,0
4754,329.4206868,-0.163189616,12.4324,0.7008,5,0,,,,,,,,,383.0486,43.7138,5,0
4755,329.4233751,-0.15628842,1.3787,0.5208,5,0,0.2801,0.231,2,0,,,,,17.4203,2.414,5,0
4756,329.4567087,0.173116907,2.1081,0.8217,5,0,1.0776,0.4214,5,0,,,,,151.1882,7.5993,5,0
4757,329.4600895,0.50260755,0.4107,0.0266,5,0,0.0322,0.0049,5,0,0.9551,0.0679,5,0,4.805,0.839,5,0
4758,329.4638451,0.504030916,0.6721,0.1463,5,0,0.1176,0.0263,5,0,1.4413,0.1376,5,0,5.5014,1.7023,5,0
4759,329.466906,0.502751978,0.0007,0.0825,5,0,0.0043,0.0187,5,0,0.773,0.2959,5,0,153.2762,9.8357,5,0
4760,329.468002,0.303457358,0.4078,0.0339,5,0,0.0852,0.0051,5,0,0.2943,0.012,5,0,11.5735,0.8239,5,0
4761,329.4726713,0.214333009,9.4914,1.0656,5,0,,,,,,,,,446.1138,21.7005,5,0
4762,329.4741927,0.225541296,0.6624,0.0209,5,0,0.1969,0.0132,4,0,2.6311,0.0942,4,0,17.9278,0.7868,5,0
4763,329.4768205,0.841717009,11.5005,0.7981,5,0,2.7734,0.3927,5,0,,,,,334.0007,26.2011,5,0
4764,329.5031237,0.1911118,0.1692,0.0139,5,0,0.0366,0.0062,5,0,0.1152,0.0165,5,0,5.0867,0.3186,5,0
4765,329.5146723,0.085918671,0.3397,0.0278,5,0,0.1024,0.0118,5,0,2.5518,0.0753,5,0,33.2557,1.9084,5,0
4766,329.5210936,0.090868271,0.1065,0.033,5,0,0.0082,0.0012,5,0,0.2032,0.0109,5,0,2.3306,0.3326,5,0
4767,329.5378474,0.418221285,2.9642,0.0668,5,0,0.8192,0.0122,5,0,8.1981,0.0407,5,0,93.7512,0.5715,5,0
4768,329.5547076,0.702631493,0.1495,0.0362,5,0,0.0608,0.0068,5,0,0.1118,0.0091,5,0,3.1675,0.1831,5,0
4769,329.555572,0.17614574,0.9266,0.113,5,0,0.1779,0.0235,5,0,0.5441,0.1145,5,0,50.0671,3.9315,5,0
4770,329.5705206,0.350267189,0.1172,0.0239,5,0,0.0106,0.0041,5,0,0.0437,0.013,5,0,3.3184,0.3661,5,0
4771,329.5728788,0.351871734,0.0516,0.0549,5,0,0.0153,0.0097,5,0,0.0664,0.022,5,0,1.5799,0.8263,5,0
4772,329.5768496,0.331405536,0.213,0.0548,5,0,0.0402,0.0036,5,0,1.4509,0.0428,5,0,11.2059,1.6826,5,0
4773,329.5990139,0.056257087,7.8779,0.6482,5,0,3.3283,0.3163,5,0,,,,,314.1485,30.3175,5,0
4774,329.6064529,-0.520223926,0.9812,0.101,5,0,0.2853,0.0236,5,0,0.366,0.0224,5,0,8.6748,0.4197,5,0
4775,329.6632234,0.097373069,4.4691,0.4468,5,0,1.3991,0.1098,5,0,6.4275,0.2247,5,0,108.668,4.8268,5,0
4776,329.6790338,-0.066856199,0.6746,0.0306,5,0,0.2358,0.0241,5,0,0.3116,0.0326,5,0,11.03,0.2853,5,0
4777,329.6841299,0.143803538,0.2294,0.0105,5,0,0.0625,0.0059,5,0,0.4389,0.0203,5,0,12.4641,0.3675,5,0
4778,329.6975851,-0.002095888,0.1587,0.0239,5,0,0.0493,0.0014,5,0,0.109,0.0088,5,0,3.2849,0.0433,5,0
4779,329.7298247,1.004691463,1.2674,0.0102,2,0,0.278,0.012,5,0,1.0212,0.0358,5,0,23.1898,0.9082,5,0
4780,329.7733627,-0.497739419,0.1408,0.0322,5,0,0.0253,0.0002,5,0,0.0622,0.0016,5,0,1.7851,0.075,5,0
4781,329.8209837,0.127870286,2.3149,0.2919,5,0,0.9165,0.0713,5,0,2.6928,0.0972,4,0,53.9164,3.5156,5,0
4782,329.8435544,0.892023392,5.6782,0.032,5,0,,,,,,,,,5.2,0.0971,5,0
4783,330.0199417,0.922792837,0.3558,0.058,5,0,0.0334,0.0066,5,0,0.1584,0.0835,5,0,4.0487,0.6979,5,0
4784,330.0394324,-0.05755134,0.6726,0.0937,5,0,0.5462,0.0306,5,0,3.0674,0.3047,5,0,66.758,2.889,5,0
4785,330.0863064,0.458141938,0.4335,0.0392,5,0,0.1168,0.0108,5,0,0.2337,0.0114,5,0,11.011,0.6514,5,0
4786,330.1899664,-0.040534411,0.2722,0.0524,5,0,0.0353,0.0101,5,0,0.0454,0.0422,5,0,3.5349,0.8628,5,0
4787,330.2259967,0.295582449,1.5386,0.0748,5,0,0.5113,0.0782,5,0,0.7062,0.145,5,0,20.6551,3.9525,5,0
4788,330.2493699,-0.879955211,0.0396,0.0072,5,0,0.0074,0.001,5,0,0.0268,0.0038,4,0,0.1845,0.0584,5,0
4789,330.2724101,0.608044816,0.1269,0.1348,5,0,0.0935,0.0041,5,0,0.2088,0.0101,5,0,5.2023,0.1744,5,0
4790,330.2833039,0.352693887,0.0811,0.0064,5,0,0.0412,0.0022,5,0,0.0874,0.0036,5,0,1.1066,0.0369,5,0
4791,330.2841829,0.493090304,2.0254,0.0597,5,0,0.9699,0.0456,5,0,,,,,263.9241,4.1599,5,0
4792,330.2882031,0.314358682,0.3457,0.0339,5,0,0.1494,0.0098,5,0,0.1833,0.011,5,0,5.3738,0.4304,5,0
4793,330.2923695,-0.396307855,11.555,0.3768,5,0,,,,,,,,,1467.2059,19.1186,5,0
4794,330.2945423,0.50284009,1.5537,0.3324,5,0,0.6127,0.0545,5,0,6.4134,0.1637,4,0,52.6494,2.52,5,0
4795,330.3170723,0.655422916,0.1429,0.0193,5,0,0.0326,0.004,5,0,0.0869,0.0038,5,0,2.2372,0.1209,5,0
4796,330.3209093,0.950557712,0.8607,0.022,5,0,0.4066,0.0183,5,0,0.5868,0.0113,5,0,0.2125,0.0674,5,0
4797,330.3473011,-0.238079322,0.512,0.0823,5,0,0.2042,0.0193,5,0,0.505,0.0215,5,0,17.5705,0.9019,5,0
4798,330.3951075,0.33635024,0.1349,0.0542,5,0,0.0081,0.0016,5,0,0.0677,0.0284,5,0,0.8311,0.1512,5,0
4799,330.4491787,-0.209711777,0.4111,0.0367,5,0,0.1434,0.0135,5,0,0.2443,0.0189,5,0,11.2439,0.2925,5,0
4800,330.5044196,-0.113403445,0.1547,0.0206,5,0,0.0661,0.0148,5,0,0.5468,0.0602,5,0,7.3724,0.5092,5,0
4801,330.5160078,-0.242899219,0.2289,0.0099,5,0,0.09,0.0097,5,0,0.4779,0.0255,5,0,9.6078,0.6295,5,0
4802,330.5207436,0.147813177,0.3523,0.0792,5,0,0.0592,0.0223,5,0,0.1607,0.0532,5,0,10.0995,0.3715,5,0
4803,330.5640192,-0.111176428,0.9161,0.1356,5,0,0.4234,0.0548,5,0,1.2974,0.1213,5,0,60.7312,5.7166,5,0
4804,330.5762853,-0.249503359,0.0952,0.006,5,0,0.0323,0.0024,5,0,0.126,0.0063,5,0,3.7591,0.1602,5,0
4805,330.5798654,0.024993955,0.5912,0.0668,5,0,0.149,0.0247,5,0,0.2211,0.0216,5,0,0.9854,0.1801,5,0
4806,330.5805294,-0.304359881,0.142,0.0216,5,0,0.0334,0.0051,5,0,0.1718,0.0111,5,0,5.8848,0.1364,5,0
4807,330.5877085,0.172135703,0.0616,0.0037,5,0,0.0208,0.0014,5,0,0.0424,0.001,5,0,1.6556,0.0765,5,0
4808,330.6598947,0.578036413,2.4949,0.1122,5,0,0.911,0.091,5,0,4.054,0.1334,5,0,64.5006,6.0149,5,0
4809,330.6600881,0.363569187,0.1205,0.0112,5,0,0.0371,0.0055,5,0,0.06,0.0084,5,0,1.3147,0.108,5,0
4810,330.6660988,-0.287496912,0.9702,0.0546,5,0,0.2974,0.0157,5,0,4.1436,0.0544,5,0,44.3633,0.7962,5,0
4811,330.6762951,-0.405056589,1.1224,0.0953,5,0,0.072,0.008,4,0,3.2637,0.347,2,0,20.9516,2.4273,5,0
4812,330.6940747,0.087582762,0.3243,0.0347,5,0,0.1191,0.0068,5,0,0.1424,0.0085,5,0,7.0017,0.2276,5,0
4813,330.7338675,-0.248796793,0.2238,0.0085,5,0,0.0826,0.0085,5,0,0.3853,0.0147,5,0,16.9699,0.3574,5,0
4814,330.7341955,-0.237932953,0.4266,0.0764,5,0,0.1766,0.0183,5,0,0.4391,0.0261,5,0,19.8124,0.957,5,0
4815,330.7390555,-0.916243761,0.2806,0.0217,5,0,0.2304,0.0159,5,0,,,,,2.0408,0.1531,5,0
4816,330.7760119,0.393436856,0.2153,0.0285,5,0,0.0616,0.0162,5,0,0.2587,0.0794,5,0,12.2868,4.1368,5,0
4817,330.8514231,0.201803004,0.4097,0.0146,5,0,0.14,0.0093,5,0,0.306,0.01,5,0,6.0036,0.3391,5,0
4818,330.854151,-0.483217174,0.9686,0.1165,5,0,0.2835,0.0065,5,0,0.6632,0.0599,5,0,14.504,0.891,5,0
4819,330.8564475,0.507511028,0.0771,0.0183,5,0,0.0372,0.0029,5,0,0.0319,0.0043,5,0,0.4878,0.0641,5,0
4820,330.8571892,-0.289124562,0.4074,0.0194,5,0,0.1316,0.0079,5,0,0.9975,0.023,5,0,12.4971,0.5594,5,0
4821,330.8711603,-0.371740312,2.2598,0.1468,5,0,0.0461,0.0167,4,0,,,,,54.5205,6.8787,5,0
4822,330.8735199,-0.364679597,0.7518,0.1246,5,0,0.0155,0.0362,4,0,,,,,12.9096,13.0522,5,0
4823,330.8765186,-0.384237638,3.0718,0.2274,5,0,0.4208,0.1218,4,0,,,,,246.335,15.9385,5,0
4824,330.8778707,-0.363085497,0.5526,0.0418,5,0,0.0376,0.0102,4,0,,,,,597.0619,587.0024,5,0
4825,330.8787663,-0.369937373,1.0368,0.6415,5,0,0.0052,0.0237,2,0,,,,,2981.6245,570.3319,5,0
4826,330.8818289,-0.447917662,0.8965,0.1285,5,0,0.2137,0.0204,5,0,2.3608,0.111,5,0,15.3375,0.4223,5,0
4827,330.8846713,-0.3726546,5.3312,0.6125,5,0,,,,,,,,,254.2688,125.9976,5,0
4828,330.8887413,-0.379838678,1.2633,0.1186,5,0,,,,,,,,,27.678,5.0859,5,0
4829,330.9347208,0.197253091,0.7923,0.0523,5,0,0.2662,0.014,5,0,0.9454,0.0196,5,0,35.1308,1.2177,5,0
4830,330.9382,-0.255240551,1.8406,0.2286,5,0,0.543,0.051,5,0,3.9919,0.1438,5,0,101.6,3.3878,5,0
4831,330.9578022,-0.273956024,1.0396,0.0811,5,0,0.2455,0.0184,5,0,4.638,0.089,5,0,102.2655,1.5582,5,0
4832,330.965393,-0.189135241,0.9405,0.1706,5,0,0.4497,0.0571,5,0,6.294,0.2928,4,0,52.7793,25.2576,5,0
4833,330.9835183,0.322423238,0.3638,0.0409,5,0,0.0777,0.005,5,0,0.2402,0.0063,5,0,8.4425,0.3797,5,0
4834,331.0058272,-0.113240036,0.6715,0.0132,5,0,0.153,0.0101,5,0,1.7071,0.0907,5,0,15.1883,0.6077,5,0
4835,331.0265836,0.094292676,0.2799,0.045,5,0,0.0638,0.0061,5,0,0.2142,0.014,5,0,11.4253,0.6491,5,0
4836,331.0319056,0.061916318,0.096,0.0057,5,0,0.0359,0.0041,5,0,0.0943,0.0083,5,0,1.0386,0.1149,5,0
4837,331.034547,0.275178801,0.6693,0.1004,5,0,0.2545,0.0208,5,0,0.258,0.0219,5,0,8.4543,0.6668,5,0
4838,331.0571368,-0.431330199,0.7646,0.2383,5,0,0.4313,0.0454,5,0,6.3894,0.4506,5,0,18.634,4.722,5,0
4839,331.0726017,0.369595584,0.4135,0.0431,5,0,0.1125,0.0111,5,0,0.264,0.0138,5,0,10.0371,0.5643,5,0
4840,331.0812284,0.378763283,0.1161,0.0278,5,0,0.0214,0.0038,5,0,0.0524,0.0073,5,0,1.8033,0.0903,5,0
4841,331.087526,0.02875925,0.6118,0.0707,5,0,0.189,0.0605,5,0,0.2887,0.0394,5,0,12.0835,1.5,5,0
4842,331.0881418,0.015847155,0.8276,0.0827,5,0,0.3649,0.0293,5,0,5.2553,0.2276,5,0,32.3104,1.0722,5,0
4843,331.0892563,0.010958198,0.099,0.006,5,0,0.0044,0.0008,5,0,-0.0233,0.0534,5,0,2.0686,0.3487,5,0
4844,331.0926925,-0.130474538,2.1696,0.07,5,0,0.7401,0.048,5,0,,,,,83.0897,0.5234,5,0
4845,331.1274755,-0.481401533,10.9361,0.8769,5,0,2.4965,0.2645,5,0,,,,,376.7842,28.4295,5,0
4846,331.1277977,-0.2434619,3.2752,0.0633,5,0,1.5128,0.1485,5,0,,,,,701.8597,166.9697,5,0
4847,331.129707,-0.52110297,3.3573,0.4284,5,0,,,,,,,,,64.4312,6.6123,5,0
4848,331.134828,-0.525878614,2.7208,0.4996,5,0,,,,,,,,,61.0791,9.4342,5,0
4849,331.1456245,0.134982752,1.4692,0.1352,5,0,0.6857,0.0241,5,0,5.3509,0.2432,5,0,78.4477,0.6297,5,0
4850,331.1673247,-0.457104838,5.0699,1.3421,5,0,,,,,,,,,119.8075,35.1325,5,0
4851,331.1889237,-0.732937749,0.2556,0.0355,5,0,0.0971,0.0034,5,0,0.1386,0.0054,5,0,4.0981,0.1012,5,0
4852,331.1973527,0.025466283,0.2635,0.0258,5,0,0.0845,0.0072,5,0,0.2454,0.0102,5,0,1.2288,0.1102,5,0
4853,331.2244947,-0.254836986,0.5549,0.0685,5,0,0.2004,0.0089,5,0,0.8949,0.0378,5,0,13.1029,0.4326,5,0
4854,331.2661463,-0.186975363,0.8068,0.1144,5,0,0.2083,0.0502,4,0,1.5441,0.2915,2,0,26.1123,1.6989,5,0
4855,331.2751485,-0.182318887,0.4921,0.1026,5,0,,,,,,,,,26.2333,10.5822,5,0
4856,331.2916214,-0.282711424,0.3738,0.0313,5,0,0.2528,0.0144,5,0,0.4118,0.0279,5,0,1.117,0.1677,5,0
4857,331.3320392,-0.388821001,1.5706,0.4535,5,0,0.4333,0.0695,5,0,2.6451,0.2237,5,0,37.2383,4.5577,5,0
4858,331.3692842,-0.019955615,3.1268,0.3173,5,0,,,,,,,,,92.7326,5.2923,5,0
4859,331.3835336,0.002413403,2.7245,0.3318,5,0,0.9958,0.1161,5,0,6.8434,1.5956,4,0,79.9968,5.367,5,0
4860,331.3862053,-0.359507147,9.3912,0.8951,5,0,,,,,,,,,253.198,17.6787,5,0
4861,331.3873601,0.125968247,0.7734,0.1578,5,0,0.1669,0.0244,5,0,0.4622,0.0534,5,0,30.9201,1.8244,5,0
4862,331.3970675,0.178823482,0.6148,0.0344,5,0,0.2286,0.0174,5,0,0.8477,0.0366,5,0,14.2349,0.7748,5,0
4863,331.4071149,-0.112749075,0.268,0.0213,5,0,0.0445,0.0067,5,0,0.0671,0.0096,5,0,9.0493,0.7509,5,0
4864,331.4173445,-0.354621431,8.3216,0.3239,5,0,1.8428,0.1622,5,0,,,,,531.1077,17.1571,5,0
4865,331.4335992,-0.261493217,0.6131,0.0253,5,0,0.1949,0.0161,5,0,0.6765,0.054,5,0,26.2441,1.2064,5,0
4866,331.4510825,-0.514447144,0.1466,0.0123,5,0,0.0506,0.0027,5,0,0.1168,0.0084,5,0,3.2091,0.142,5,0
4867,331.4817044,0.305784508,5.413,0.0314,5,0,,,,,,,,,8.268,0.0978,5,0
4868,331.4991858,-0.4907105,0.9924,0.2416,5,0,0.6189,0.1142,5,0,2.8952,0.3311,5,0,54.5991,8.5073,5,0
4869,331.5086459,0.201287793,1.5546,0.1299,5,0,0.469,0.0373,5,0,1.7792,0.0473,5,0,41.6636,1.6625,5,0
4870,331.5346451,-0.64513531,0.1904,0.0068,5,0,0.0963,0.0065,5,0,0.1717,0.0204,5,0,3.6704,0.2546,5,0
4871,331.5377927,-0.307981061,2.828,0.5948,5,0,1.3045,0.1449,5,0,6.9782,0.3937,5,0,145.8816,17.9692,5,0
4872,331.540194,-0.652708204,0.1889,0.0047,5,0,0.0758,0.0093,5,0,0.1347,0.0136,5,0,2.2475,0.269,5,0
4873,331.5413906,-0.352980683,0.3345,0.0331,5,0,0.1675,0.0184,5,0,1.2068,0.1199,5,0,5.5593,0.3624,5,0
4874,331.5485399,-0.646320326,0.1037,0.0042,5,0,0.0459,0.0064,5,0,0.1349,0.0132,5,0,2.4405,0.315,5,0
4875,331.5579893,-0.119684668,3.649,0.2612,5,0,,,,,,,,,940.1287,32.8288,5,0
4876,331.5939055,0.306421976,0.2615,0.0285,5,0,0.0918,0.0079,5,0,0.3098,0.0125,5,0,2.0963,0.095,5,0
4877,331.6033567,-0.108788994,6.0615,0.2505,5,0,1.4701,0.1715,5,0,,,,,310.9749,10.9837,5,0
4878,331.6211436,0.520186922,2.346,0.2404,5,0,0.7327,0.0953,5,0,3.6457,0.2391,5,0,34.4637,5.9556,5,0
4879,331.6370559,-0.296486925,1.4254,0.1215,5,0,0.36,0.0235,5,0,0.8736,0.0311,5,0,26.4001,1.6034,5,0
4880,331.6615763,-0.160733513,0.6149,0.0258,5,0,0.1652,0.0159,5,0,0.4515,0.0202,5,0,10.7685,0.7421,5,0
4881,331.7037719,-0.163706751,0.3654,0.0398,5,0,0.1872,0.0047,5,0,0.2623,0.0089,5,0,1.1064,0.1132,5,0
4882,331.7432374,-0.071564458,0.9333,0.2261,5,0,1.1753,0.2041,5,0,12.4579,2.3877,5,0,49.021,8.021,5,0
4883,331.7898973,-0.132417152,3.8787,0.5084,5,0,1.1711,0.1934,5,0,2.3552,0.2088,5,0,48.0759,5.4857,5,0
4884,331.7906126,0.120720712,1.0065,0.1404,5,0,0.2749,0.047,5,0,0.575,0.1241,5,0,15.2996,0.8775,5,0
4885,331.8570183,-0.122190016,0.185,0.0784,5,0,0.0426,0.0037,5,0,0.5959,0.0259,5,0,12.4044,0.4265,5,0
4886,331.8612507,0.552901527,0.5063,0.0329,5,0,0.1664,0.0318,5,0,0.1792,0.0467,5,0,4.2126,1.1416,5,0
4887,331.861988,0.058884692,1.3089,0.1069,5,0,0.3083,0.016,5,0,1.4464,0.0574,5,0,45.976,1.4302,5,0
4888,331.8660335,-0.119425326,1.8232,0.1003,5,0,0.4905,0.0231,5,0,2.9656,0.1868,5,0,48.2344,2.5875,5,0
4889,331.8672066,0.060412476,0.4537,0.0891,5,0,0.0419,0.0085,5,0,0.1342,0.0339,5,0,8.6686,0.4054,5,0
4890,331.9368122,-0.240943711,0.5753,0.0844,5,0,0.2191,0.0198,5,0,0.4676,0.0427,5,0,24.1521,1.0907,5,0
4891,331.96718,-0.727597092,0.0695,0.0051,5,0,0.0242,0.0017,5,0,0.064,0.0027,5,0,1.0862,0.1112,5,0
4892,332.0021701,-0.122332347,0.9783,0.1411,5,0,0.2902,0.0292,5,0,1.1872,0.1504,5,0,32.9365,1.8772,5,0
4893,332.0617556,0.508581858,10.3479,2.5458,5,0,1.7033,0.7367,5,0,,,,,168.9105,28.0788,5,0
4894,332.1425891,0.043564744,3.499,0.286,5,0,1.2399,0.214,5,0,4.8824,0.3196,5,0,129.9487,13.4168,5,0
4895,332.1543799,-0.448797442,21.4096,2.556,5,0,,,,,,,,,1290.6928,88.1924,5,0
4896,332.1588323,-0.454512451,6.5518,0.6858,5,0,,,,,,,,,235.3482,10.6108,5,0
4897,332.159961,0.256694417,0.1911,0.0211,5,0,0.0606,0.0054,5,0,0.24,0.014,5,0,6.8331,0.3148,5,0
4898,332.16483,-0.034994084,0.0817,0.0213,5,0,0.0153,0.0024,5,0,0.3434,0.0269,5,0,1.1885,0.2064,5,0
4899,332.1962379,0.608368057,0.3578,0.0312,5,0,0.141,0.0193,5,0,0.7992,0.0466,5,0,12.0895,1.6078,5,0
4900,332.2076967,-0.014841957,1.3921,0.1484,5,0,0.4757,0.0654,5,0,1.3503,0.066,5,0,31.5052,2.3164,5,0
4901,332.2145949,0.452793671,0.3162,0.1269,5,0,0.0894,0.0324,5,0,0.2685,0.0363,5,0,9.4912,1.8498,5,0
4902,332.2256714,0.441100083,4.0703,0.1228,5,0,1.1815,0.0638,5,0,1.934,0.071,5,0,74.3564,3.7774,5,0
4903,332.2325053,-0.052981887,2.7779,0.2137,5,0,1.1829,0.1172,5,0,5.3194,0.2262,5,0,60.5209,6.6366,5,0
4904,332.233188,-0.53300833,1.4871,0.2593,5,0,0.3294,0.0669,5,0,0.7062,0.0531,5,0,16.5285,2.6711,5,0
4905,332.2916514,-0.090009204,1.809,0.3769,5,0,0.2357,0.0167,5,0,,,,,60.6606,15.5104,5,0
4906,332.2938367,-0.097573639,2.5286,2.24,5,0,0.5262,0.145,5,0,,,,,183.9289,73.6962,5,0
4907,332.300399,-0.093892991,0.6221,0.0284,5,0,0.0601,0.0039,5,0,,,,,12.7859,1.6444,5,0
4908,332.3143175,0.155530331,0.1566,0.0614,5,0,0.1071,0.0224,5,0,1.8486,0.2315,5,0,3.4449,0.5282,5,0
4909,332.315319,0.082583645,0.5276,0.1535,5,0,0.4987,0.0985,5,0,5.5817,0.4209,5,0,10.1043,2.668,5,0
4910,332.3212155,-0.562490445,4.2311,0.8616,5,0,3.1853,0.4219,5,0,25.4994,4.3434,5,0,83.8799,20.7327,5,0
4911,332.3345561,0.683924526,2.106,0.504,5,0,0.782,0.2262,5,0,2.1209,0.2527,5,0,40.4776,9.2394,5,0
4912,332.3431883,-0.117016575,1.5999,0.1244,5,0,0.5321,0.0284,5,0,3.4832,0.0907,5,0,30.4292,2.8577,5,0
4913,332.3468506,-0.426303247,7.5702,0.7317,5,0,2.5905,0.3088,5,0,4.6843,0.3776,5,0,116.4005,15.5172,5,0
4914,332.356195,-0.121447284,1.2722,0.1201,5,0,0.2487,0.0219,5,0,0.9536,0.0544,5,0,18.6119,2.468,5,0
4915,332.3641036,0.592951471,4.205,0.7217,5,0,1.3581,0.358,5,0,2.0604,0.3571,5,0,55.878,8.6138,5,0
4916,332.3825624,0.190991305,0.3711,0.2502,5,0,0.0029,0.0187,5,0,0.1188,0.0189,5,0,2.2034,0.2285,5,0
4917,332.3910812,-0.092893068,2.7037,0.0425,5,0,0.9538,0.0301,5,0,4.9359,0.0859,5,0,43.2787,0.843,5,0
4918,332.399176,-0.149353474,0.2651,0.0196,5,0,0.0614,0.0067,5,0,0.4146,0.0207,5,0,7.7754,0.2491,5,0
4919,332.4097234,-0.503443366,3.5568,0.5411,5,0,1.1059,0.0573,5,0,8.5937,0.2921,5,0,131.109,8.234,5,0
4920,332.4510782,0.076791362,0.5573,0.0614,5,0,0.2077,0.0105,5,0,2.9088,0.0426,5,0,79.0573,0.665,5,0
4921,332.4622678,0.072984504,0.3604,0.025,5,0,0.1051,0.0132,5,0,0.8148,0.064,5,0,27.2633,1.7255,5,0
4922,332.4695969,-0.131142763,3.077,0.1976,5,0,0.9349,0.0786,5,0,5.9733,0.2173,5,0,74.0306,3.3591,5,0
4923,332.4854851,0.229271037,0.2909,0.0715,5,0,0.0892,0.0186,5,0,0.7154,0.0378,5,0,7.7806,0.5458,5,0
4924,332.4938592,-0.337706675,0.8288,0.1346,5,0,0.2893,0.0419,5,0,0.3823,0.0623,5,0,6.5314,0.9322,5,0
4925,332.5289087,-0.114521644,3.0266,1.6802,5,0,,,,,6.7859,3.9764,4,0,42.2727,16.6,5,0
4926,332.5428132,0.879972702,0.7114,0.0609,5,0,0.2524,0.0109,5,0,,,,,5.7807,0.5494,5,0
4927,332.5434822,-0.127662991,20.9718,1.8372,5,0,,,,,,,,,506.2519,36.3189,5,0
4928,332.5552383,-0.60159275,0.8795,0.0733,5,0,0.2284,0.0088,5,0,0.5769,0.0737,5,0,13.865,0.6704,5,0
4929,332.5845036,-0.562051539,8.4947,2.7125,5,0,3.5204,0.8978,5,0,18.6386,3.5891,5,0,243.5346,63.7008,5,0
4930,332.5892655,0.033749851,0.5423,0.072,5,0,0.1327,0.0127,5,0,0.2951,0.0671,5,0,17.2298,4.3892,5,0
4931,332.6019804,0.301708698,0.2845,0.0145,5,0,0.1163,0.0044,5,0,0.1604,0.0131,5,0,3.9974,0.1195,5,0
4932,332.6327542,-0.679657345,1.1513,0.147,5,0,1.0553,0.1237,5,0,13.9884,2.0107,5,0,11.8816,0.5982,5,0
4933,332.63657,-0.768681046,0.641,0.0672,5,0,0.3008,0.0327,5,0,0.2937,0.0726,5,0,13.9242,1.5171,5,0
4934,332.6445191,-0.601289138,4.6882,1.427,5,0,,,,,,,,,134.2648,23.0723,5,0
4935,332.6697271,-0.331128134,0.5311,0.097,5,0,0.1372,0.0073,5,0,1.3818,0.0592,5,0,47.7118,2.7501,5,0
4936,332.6842095,0.850923595,0.2134,0.0304,5,0,0.0645,0.0112,5,0,0.0736,0.0157,5,0,3.9414,0.6226,5,0
4937,332.7062218,-0.180302355,0.2784,0.0226,5,0,0.0738,0.0072,5,0,0.4756,0.0264,5,0,9.1352,0.3609,5,0
4938,332.7116752,0.214272855,0.2026,0.0301,5,0,0.0361,0.0089,5,0,0.0978,0.0241,5,0,3.3818,0.2013,5,0
4939,332.7221518,-0.686249692,1.0029,0.3497,5,0,0.1527,0.0379,5,0,2.2102,0.201,5,0,21.4373,4.8652,5,0
4940,332.7427101,0.682245,0.4271,0.0989,5,0,0.1069,0.0127,5,0,0.2275,0.0263,5,0,8.8026,2.2587,5,0
4941,332.7496398,0.667396847,1.2918,0.071,5,0,0.2796,0.0365,5,0,1.1364,0.2115,5,0,20.8676,3.6302,5,0
4942,332.7531786,0.673533462,0.1976,0.0487,5,0,0.0197,0.0074,5,0,0.037,0.0009,5,0,5.1797,0.312,5,0
4943,332.7674665,-0.307226562,1.1452,0.1489,5,0,0.3662,0.037,5,0,2.8743,0.1584,5,0,49.5809,3.8974,5,0
4944,332.7676896,-0.006410086,10.9258,2.3959,5,0,3.0695,0.6759,5,0,,,,,408.1642,62.315,5,0
4945,332.7982658,-0.595249777,9.2819,0.6302,5,0,,,,,,,,,311.9313,19.1017,5,0
4946,332.8038117,0.575944875,0.0937,0.0094,5,0,0.0177,0.0049,5,0,0.0737,0.008,5,0,1.8319,0.3037,5,0
4947,332.8209784,-0.550761839,15.3245,1.9534,5,0,,,,,,,,,3104.3601,1780.717,5,0
4948,332.826018,-0.550096317,17.1831,4.7411,5,0,,,,,,,,,7576.0284,573.3667,5,0
4949,332.8483035,0.447209309,0.4931,0.066,5,0,0.1808,0.0133,5,0,0.2455,0.0184,5,0,7.8545,0.3008,5,0
4950,332.8493353,0.645275056,0.0616,0.0096,5,0,0.0273,0.0021,5,0,0.0401,0.0024,5,0,0.3272,0.0691,5,0
4951,332.8616607,0.019293051,0.194,0.0345,5,0,0.0519,0.0108,5,0,0.1454,0.0295,5,0,9.2021,0.4881,5,0
4952,332.8669339,0.162551415,0.0749,0.0035,5,0,0.0243,0.0015,5,0,0.0368,0.0034,5,0,1.6631,0.0204,5,0
4953,332.9298774,-0.109419843,0.4994,0.0767,5,0,0.1608,0.0266,5,0,1.033,0.0689,5,0,51.2164,3.4181,5,0
4954,332.9592572,-0.681959578,0.6643,0.0856,5,0,0.0583,0.0084,5,0,1.3548,0.0919,2,0,28.46,9.845,5,0
4955,332.9667418,-0.683421686,0.7616,0.0328,5,0,0.2221,0.0177,5,0,,,,,14.8474,5.4187,5,0
4956,332.9879569,0.907390503,0.6376,0.1284,5,0,0.4302,0.0877,5,0,7.5493,0.8452,4,0,17.9779,3.6989,5,0
4957,332.9924627,-0.702877332,0.4098,0.025,5,0,0.1603,0.0343,5,0,1.5258,0.0512,5,0,17.7364,0.8799,5,0
4958,333.003127,-0.287285851,0.8387,0.0613,5,0,0.2778,0.0255,5,0,1.8265,0.1069,5,0,3.6141,0.2772,5,0
4959,333.0158572,0.740161271,1.5075,0.0786,5,0,0.3469,0.0145,5,0,2.6122,0.0991,5,0,26.2102,1.2548,5,0
4960,333.0161384,0.761816947,12.526,1.0015,5,0,,,,,,,,,457.5413,30.4372,5,0
4961,333.0273966,-0.06001312,1.0063,0.446,5,0,0.4224,0.348,5,0,0.4597,0.1949,2,0,91.1237,85.7819,5,0
4962,333.0296752,-0.063862759,3.4589,0.28,5,0,1.3176,0.231,5,0,,,,,442.1095,8.6279,5,0
4963,333.0508853,0.033489712,23.821,3.1706,5,0,,,,,,,,,619.5296,82.1113,5,0
4964,333.0795211,-0.41433324,1.8509,0.0846,5,0,0.4192,0.0356,5,0,5.9415,0.2837,5,0,35.7994,1.3623,5,0
4965,333.0920548,-0.35334753,2.2754,0.0695,5,0,0.5123,0.0205,5,0,2.8728,0.0362,5,0,35.1418,1.3079,5,0
4966,333.1253999,-0.024974359,0.8257,0.069,5,0,0.2574,0.0142,5,0,1.1082,0.0452,5,0,28.332,0.979,5,0
4967,333.131386,-0.426484759,16.0936,3.0254,5,0,,,,,,,,,1562.9311,97.5296,5,0
4968,333.16337,-0.098115486,6.061,0.6663,5,0,1.2203,0.1821,5,0,,,,,359.3039,29.784,5,0
4969,333.1761957,0.021105056,0.5845,0.0703,5,0,0.1355,0.0208,5,0,0.3515,0.0318,5,0,12.8075,0.9077,5,0
4970,333.1963177,-0.433437383,1.4409,0.6502,5,0,0.8582,0.1974,5,0,7.5057,1.1591,5,0,24.3147,1.8984,5,0
4971,333.1975,-0.308861323,1.3651,0.0635,5,0,0.4148,0.0172,5,0,1.8968,0.039,5,0,24.3604,0.6158,5,0
4972,333.2012217,-0.065983563,0.7195,0.1343,5,0,0.1527,0.0143,5,0,1.2315,0.0726,5,0,29.2576,1.488,5,0
4973,333.2032491,0.198918418,0.9349,0.0097,5,0,0.2933,0.0194,5,0,1.4543,0.0505,5,0,17.601,0.5414,5,0
4974,333.2114077,-0.248766877,0.3606,0.0265,5,0,0.1165,0.0145,5,0,1.1119,0.0527,5,0,20.9113,1.446,5,0
4975,333.212303,-0.105189641,0.8157,0.0179,5,0,0.2067,0.0111,5,0,2.3347,0.0911,5,0,31.7943,0.6992,5,0
4976,333.2281673,-0.094630897,0.918,0.1259,5,0,0.4035,0.0398,5,0,3.6232,0.1935,5,0,62.3523,3.2606,5,0
4977,333.258675,-0.030035187,0.143,0.0056,5,0,0.0377,0.003,5,0,0.074,0.0064,5,0,2.8986,0.1104,5,0
4978,333.2824817,-0.710029984,0.3203,0.0559,5,0,0.1259,0.0174,5,0,0.1982,0.0255,5,0,4.7714,0.4734,5,0
4979,333.304569,-0.378986033,11.807,3.7865,5,0,,,,,,,,,369.1068,107.0577,5,0
4980,333.3228001,0.708437399,0.2643,0.0358,5,0,0.1379,0.0245,5,0,0.2011,0.0302,5,0,2.8304,0.3404,5,0
4981,333.3233115,-0.362995942,1.0146,0.3182,5,0,,,,,,,,,1.1514,0.9368,5,0
4982,333.3258718,-0.3558398,3.3657,0.391,5,0,,,,,,,,,83.3715,4.2829,5,0
4983,333.3399967,-0.127617923,3.3019,0.2755,5,0,1.1562,0.0679,5,0,,,,,171.7438,4.5619,5,0
4984,333.3526698,0.623296724,0.0905,0.0078,5,0,0.0391,0.0084,5,0,0.0417,0.006,5,0,0.636,0.071,5,0
4985,333.3742853,-0.201782344,2.3625,0.1129,5,0,0.8484,0.0119,5,0,,,,,108.3791,0.6652,5,0
4986,333.3753199,-0.747882583,0.4829,0.0342,5,0,0.2128,0.0091,5,0,1.3563,0.0517,5,0,14.2873,0.2293,5,0
4987,333.4067368,0.045562385,0.1273,0.0381,5,0,0.0432,0.0068,5,0,0.5772,0.0267,5,0,11.1196,0.771,5,0
4988,333.4546423,0.351404455,0.1871,0.0189,5,0,0.0726,0.0012,5,0,0.2281,0.0064,5,0,2.3405,0.0955,5,0
4989,333.4650541,-0.159953816,3.2356,1.1759,5,0,1.061,0.4534,5,0,20.6074,4.7514,5,0,644.0098,64.1053,5,0
4990,333.4652411,0.182374766,0.0555,0.0045,5,0,0.0191,0.0009,5,0,0.0592,0.003,5,0,1.7399,0.0818,5,0
4991,333.4785152,0.172931805,0.0442,0.0035,5,0,0.0158,0.0025,5,0,0.0302,0.0039,5,0,1.3031,0.1058,5,0
4992,333.4872587,0.082322791,1.0669,0.0298,5,0,0.3373,0.0214,5,0,0.9187,0.0523,5,0,16.0268,0.6,5,0
4993,333.4946424,0.141243212,0.0695,0.0233,5,0,0.0139,0.0019,5,0,0.1094,0.0086,5,0,1.9299,0.1496,5,0
4994,333.4959288,0.136819053,0.2894,0.0296,5,0,0.0394,0.0064,5,0,0.0972,0.0145,5,0,5.6793,0.3405,5,0
4995,333.5174525,0.180953357,0.0609,0.0144,5,0,0.0195,0.0023,5,0,0.1409,0.0117,5,0,2.5276,0.1187,5,0
4996,333.569735,-0.317431669,0.4051,0.0853,5,0,0.1665,0.0228,5,0,1.3963,0.1402,5,0,25.8445,3.0376,5,0
4997,333.5745254,0.098398546,0.8731,0.0759,5,0,0.2488,0.0182,5,0,2.0414,0.0737,5,0,47.1951,1.2156,5,0
4998,333.5803732,0.082307304,0.1592,0.0058,5,0,0.0324,0.0019,5,0,0.3477,0.015,5,0,5.6059,0.2856,5,0
4999,333.5814017,-0.325722014,0.7405,0.0435,5,0,0.1995,0.0235,5,0,2.4254,0.1669,5,0,37.8915,2.685,5,0
5000,333.5862539,0.072136221,1.5123,0.1405,5,0,0.4768,0.0336,5,0,1.6432,0.0619,5,0,42.2404,2.2248,5,0
5001,333.5891051,-0.327975027,0.3298,0.0185,5,0,0.1271,0.0091,5,0,0.8997,0.0588,5,0,11.7506,1.1193,5,0
5002,333.601443,-0.006490836,1.1685,0.1356,5,0,0.3128,0.029,5,0,3.2091,0.2951,5,0,27.897,1.6917,5,0
5003,333.6253586,0.049847524,0.2288,0.0136,5,0,0.028,0.0018,5,0,0.2553,0.0116,5,0,6.0797,0.3617,5,0
5004,333.6327885,0.051775159,0.3917,0.0602,5,0,0.0773,0.0086,5,0,0.1792,0.0097,5,0,14.6901,0.5583,5,0
5005,333.6788193,-0.435292396,0.4762,0.1123,5,0,0.4613,0.0384,5,0,5.9237,0.2902,5,0,30.2555,1.4612,5,0
5006,333.6974422,-0.502816207,0.5566,0.1423,5,0,0.8512,0.2749,5,0,10.938,2.6957,5,0,7.1167,2.1171,5,0
5007,333.7042133,-0.106271155,0.2378,0.0098,5,0,0.1182,0.0088,5,0,2.3034,0.0474,5,0,26.9742,0.7368,5,0
5008,333.711009,-0.387706168,0.2632,0.158,5,0,0.0204,0.0033,5,0,0.2246,0.0166,5,0,6.8124,0.072,5,0
5009,333.7139439,0.04919432,0.2509,0.0231,5,0,0.0241,0.0024,5,0,0.0746,0.008,5,0,3.2894,0.3095,5,0
5010,333.717557,0.052538212,0.3695,0.038,5,0,0.0729,0.0044,5,0,0.1367,0.0107,5,0,3.7655,0.3399,5,0
5011,333.7233952,-0.028832291,0.1876,0.0061,5,0,0.0408,0.009,5,0,0.1066,0.015,5,0,10.5644,0.5926,5,0
5012,333.7258213,0.366998062,17.5391,3.0864,5,0,,,,,,,,,628.5175,116.876,5,0
5013,333.7283016,0.372904521,6.2467,3.753,5,0,,,,,,,,,87.1733,88.2837,5,0
5014,333.733764,-0.427200751,2.5605,0.2769,5,0,1.7428,0.12,5,0,11.8154,0.3369,5,0,233.8218,9.8842,5,0
5015,333.7588647,0.362688368,14.617,1.2496,5,0,2.8994,0.3046,5,0,,,,,365.5974,20.2593,5,0
5016,333.8140561,0.148744625,0.0707,0.0051,5,0,0.0524,0.0044,5,0,0.1828,0.0161,5,0,2.4635,0.1764,5,0
5017,333.8265331,-0.131356598,0.6293,0.0552,5,0,0.319,0.0397,5,0,1.9715,0.109,5,0,24.6268,1.873,5,0
5018,333.9294682,0.686336227,0.6642,0.0302,5,0,2.0501,0.211,5,0,10.2652,0.7414,5,0,1.8953,0.2718,5,0
5019,333.95882,-0.615582394,0.0855,0.0148,5,0,0.0461,0.0018,5,0,0.0681,0.0078,5,0,2.1161,0.115,5,0
5020,333.9605496,0.069703388,0.0842,0.0281,5,0,0.0066,0.0033,5,0,0.0501,0.0339,5,0,1.8239,0.7624,5,0
5021,333.9634349,-0.248640726,1.8545,0.1149,5,0,0.5863,0.0529,5,0,1.76,0.0581,5,0,33.4932,1.4118,5,0
5022,333.9640106,0.067161801,0.6453,0.0997,5,0,0.2744,0.0372,5,0,1.9392,0.2849,5,0,39.943,6.3335,5,0
5023,333.9677205,0.067031501,0.2885,0.0802,5,0,0.0944,0.0811,5,0,0.6097,0.5369,5,0,17.7589,9.9982,5,0
5024,334.0142591,-0.446018319,0.293,0.0269,5,0,0.0698,0.0025,5,0,0.5338,0.0102,5,0,11.1265,0.4524,5,0
5025,334.0205529,0.249091437,0.1363,0.0041,5,0,0.0579,0.0029,5,0,0.1717,0.008,5,0,1.3883,0.0968,5,0
5026,334.0246633,-0.050096529,2.5623,0.3793,5,0,0.6579,0.0928,5,0,5.5541,0.5014,5,0,82.305,10.5331,5,0
5027,334.04796,0.150683313,0.1347,0.0177,5,0,0.0858,0.006,5,0,0.7117,0.0156,5,0,4.1946,0.157,5,0
5028,334.0493009,0.350913303,0.6284,0.1687,5,0,0.0942,0.0183,5,0,0.6659,0.0657,5,0,10.0898,2.552,5,0
5029,334.0968204,0.184457802,4.4847,0.0649,5,0,0.675,0.0553,5,0,2.7587,0.064,5,0,2.494,0.1049,5,0
5030,334.1110015,0.379271291,1.1669,0.0249,5,0,0.4854,0.031,5,0,0.9219,0.0475,5,0,26.2556,1.2423,5,0
5031,334.1267005,-0.236000672,0.0486,0.0106,5,0,0.0714,0.0079,5,0,0.5465,0.0182,5,0,4.6973,0.2212,5,0
5032,334.158943,-0.061448059,0.9148,0.0553,5,0,0.4564,0.0331,5,0,2.6147,0.1553,5,0,20.5928,1.0052,5,0
5033,334.159452,0.666504538,0.1066,0.0044,5,0,0.0307,0.0037,5,0,0.1019,0.0089,5,0,1.5108,0.1761,5,0
5034,334.1726123,-0.226777049,0.1243,0.0297,5,0,0.0119,0.0053,5,0,0.0534,0.0109,5,0,3.9915,0.0954,5,0
5035,334.1877099,-0.066251901,0.2972,0.0292,5,0,0.1425,0.016,5,0,0.2583,0.0224,5,0,4.8173,0.3944,5,0
5036,334.2115588,-0.104015118,0.2334,0.013,5,0,0.084,0.008,5,0,0.1373,0.0103,5,0,4.7442,0.2819,5,0
5037,334.2154395,-0.292903518,0.2619,0.015,5,0,0.1047,0.0102,5,0,0.4497,0.0328,5,0,11.805,0.7845,5,0
5038,334.2241644,-0.141359579,0.0457,0.0119,5,0,0.06,0.0151,5,0,0.2298,0.0328,5,0,1.5814,0.4193,5,0
5039,334.2439445,-0.107174165,0.9907,0.0742,5,0,0.3561,0.0246,5,0,3.5366,0.0606,5,0,83.0856,2.03,5,0
5040,334.2720584,-0.17982195,0.1611,0.0239,5,0,0.0689,0.0092,5,0,0.1337,0.0127,5,0,9.0703,0.4651,5,0
5041,334.2986133,0.372348486,0.2266,0.0528,5,0,0.1302,0.0224,5,0,0.143,0.0221,5,0,4.469,0.2518,5,0
5042,334.3073366,-0.080503905,0.1531,0.0871,5,0,0.0632,0.0478,5,0,0.0834,0.009,5,0,8.1084,0.318,5,0
5043,334.3276787,-0.289909395,1.9564,0.158,5,0,0.6239,0.0582,5,0,5.4673,0.2275,5,0,122.6927,4.1748,5,0
5044,334.3313177,0.965259697,4.8222,0.2424,5,0,1.4253,0.146,5,0,,,,,161.1585,6.8958,5,0
5045,334.3407798,0.042954305,0.8691,0.0983,5,0,0.6522,0.0222,5,0,,,,,37.7753,2.6728,5,0
5046,334.3426337,0.048417405,1.4622,0.0868,5,0,0.3536,0.0219,5,0,,,,,61.6537,1.8705,5,0
5047,334.3448339,0.053085757,0.734,0.1267,5,0,0.1617,0.025,4,0,3.3707,0.1202,4,0,21.5788,4.1945,5,0
5048,334.3528777,-0.659443554,0.1076,0.0145,5,0,0.0505,0.0088,5,0,0.1193,0.0144,5,0,3.7355,0.3083,5,0
5049,334.3848478,-0.292086101,0.2282,0.0412,5,0,0.0669,0.0182,5,0,0.1312,0.0222,5,0,6.4819,0.6524,5,0
5050,334.4039553,-0.52360779,0.8137,0.3615,5,0,0.4073,0.105,5,0,2.7416,0.4193,5,0,37.8744,10.914,5,0
5051,334.41866,-0.21988332,0.9647,0.1758,5,0,0.2817,0.0188,5,0,1.1984,0.066,5,0,33.4192,2.1268,5,0
5052,334.4269785,0.332794984,2.9863,0.6604,5,0,1.2112,0.1736,5,0,6.0754,0.2343,5,0,71.1879,6.5505,5,0
5053,334.4400208,-0.574936646,0.4971,0.0876,5,0,0.0766,0.0079,5,0,0.3868,0.0585,5,0,14.3783,0.6212,5,0
5054,334.4482432,-0.731243299,1.0516,0.0708,5,0,0.3896,0.0365,5,0,0.4155,0.0549,5,0,10.8514,1.0357,5,0
5055,334.5230372,-0.047577217,0.8626,0.0592,4,0,0.4974,0.0866,4,0,2.1921,0.2514,4,0,43.9584,6.689,4,0
5056,334.5346352,-0.134985124,0.1146,0.0068,4,0,0.0353,0.0068,4,0,0.1232,0.012,4,0,3.5511,0.2957,4,0
5057,334.536255,0.960364003,2.7219,0.1562,4,0,0.8871,0.0741,4,0,,,,,34.969,2.2336,4,0
5058,334.5393827,-0.568002997,0.1879,0.0202,4,0,0.0901,0.0071,4,0,0.4136,0.02,4,0,8.9684,0.3298,4,0
5059,334.6020811,0.01066929,0.1182,0.0082,4,0,0.0427,0.0058,4,0,0.2726,0.0155,4,0,5.572,0.1852,4,0
5060,334.6115877,0.369189951,2.2568,0.0058,4,0,0.7825,0.0465,4,0,4.9188,0.0506,4,0,42.329,0.6456,4,0
5061,334.6181539,-0.179271969,0.2875,0.0398,4,0,0.1068,0.0074,4,0,0.1439,0.019,4,0,10.156,0.3132,4,0
5062,334.657339,-0.284357222,9.0319,0.9672,4,0,1.1123,0.1796,4,0,8.0408,0.6437,4,0,153.1779,2.3952,4,0
5063,334.6596986,-0.708810326,0.0395,0.0514,4,0,0.0367,0.0028,4,0,0.0752,0.0042,4,0,1.7823,0.1472,4,0
5064,334.6630312,-0.135828595,0.6132,0.1324,4,0,0.1147,0.0364,4,0,0.2035,0.0528,4,0,18.2561,2.4708,4,0
5065,334.6855688,-0.038391092,0.2408,0.0232,4,0,0.1012,0.0161,4,0,0.282,0.028,4,0,8.7504,0.8728,4,0
5066,334.6936263,-0.138064127,0.1791,0.0134,4,0,0.045,0.0042,4,0,0.4073,0.0018,4,0,9.7128,0.2168,4,0
5067,334.7029974,-0.126249343,0.2584,0.0158,4,0,0.1224,0.028,4,0,2.4783,0.2764,4,0,51.8247,5.3021,4,0
5068,334.7214057,-0.136736505,0.4755,0.0602,4,0,0.132,0.002,4,0,0.425,0.0155,4,0,17.7778,0.5085,4,0
5069,334.7227442,-0.653202231,2.8106,0.2732,4,0,1.7263,0.2451,4,0,,,,,185.31,10.3052,4,0
5070,334.7240835,-0.097628826,0.467,0.0924,4,0,0.1815,0.0254,4,0,0.6964,0.0736,4,0,32.3982,3.73,4,0
5071,334.7311571,0.509334273,0.2819,0.0467,4,0,0.0968,0.0106,4,0,0.2584,0.0183,4,0,7.1262,0.473,4,0
5072,334.7351828,-0.464394903,0.1053,0.0234,4,0,0.0365,0.0031,4,0,0.1877,0.0104,4,0,1.2104,0.0916,4,0
5073,334.7435061,0.344002832,0.1923,0.0222,4,0,0.0859,0.0112,4,0,0.4285,0.0214,4,0,12.8318,0.3522,4,0
5074,334.7547355,-0.28754771,0.0432,0.0045,4,0,0.0184,0.0016,4,0,0.0523,0.0042,4,0,1.1657,0.0378,4,0
5075,334.8081008,0.135133836,1.6812,0.1572,4,0,0.4901,0.0814,4,0,0.8846,0.0984,4,0,51.6692,7.3119,4,0
5076,334.8409251,-0.197317931,6.3731,0.5108,4,0,2.1531,0.2868,4,0,6.4148,0.3643,4,0,114.4787,12.4557,4,0
5077,334.843819,0.210370422,1.7571,0.1156,4,0,0.8635,0.0672,4,0,5.668,0.138,4,0,57.6129,8.5073,4,0
5078,334.8511185,0.060067086,1.0092,0.0603,4,0,0.4197,0.0312,4,0,1.6892,0.119,4,0,41.4988,1.4642,4,0
5079,334.8952223,-0.157580686,0.2974,0.0552,4,0,0.035,0.007,4,0,0.1477,0.0116,4,0,9.5153,1.027,4,0
5080,334.97034,-0.050266341,0.1552,0.039,4,0,0.0255,0.0031,4,0,0.2735,0.016,4,0,5.7365,0.3316,4,0
5081,334.9758732,-0.046497933,0.802,0.042,4,0,0.2216,0.0155,4,0,1.6487,0.0264,4,0,67.2117,14.5544,4,0
5082,335.01479,-0.166719492,0.4188,0.045,4,0,0.1542,0.0117,4,0,0.7917,0.0361,4,0,30.9697,1.8096,4,0
5083,335.0523842,0.535465726,0.2143,0.0176,4,0,0.0594,0.0036,4,0,0.1152,0.0085,4,0,3.9656,0.3037,4,0
5084,335.1150056,-0.454318426,1.0095,0.4346,4,0,0.1773,0.0784,4,0,0.3676,0.0707,4,0,19.1985,5.2109,4,0
5085,335.1275307,-0.466416755,1.2562,0.185,4,0,0.4493,0.0611,4,0,0.4446,0.0819,4,0,26.2301,4.308,4,0
5086,335.1837884,-0.375229476,0.0554,0.0094,4,0,0.0087,0.002,4,0,0.0238,0.0044,4,0,0.8598,0.1864,4,0
5087,335.1975874,-0.38764228,0.9101,0.017,4,0,0.479,0.0512,4,0,3.7802,0.242,4,0,73.3915,5.2424,4,0
5088,335.2220219,-0.34565515,2.1078,0.0776,4,0,0.7446,0.0326,4,0,5.8341,0.1028,4,0,78.8167,1.642,4,0
5089,335.274447,-0.235488543,0.1985,0.0554,4,0,0.0568,0.0143,4,0,0.1198,0.0255,4,0,7.106,0.5793,4,0
5090,335.2884132,-0.159559212,1.1746,0.1674,4,0,0.2448,0.0477,4,0,1.7088,0.1678,4,0,66.2389,12.4184,4,0
5091,335.2903398,-1.022907301,0.259,0.0222,4,0,0.1543,0.0313,4,0,0.6027,0.0394,4,0,12.0874,1.226,4,0
5092,335.3285672,0.412259864,2.5445,0.7954,4,0,1.5842,0.2242,4,0,13.3052,1.0248,4,0,60.0675,14.082,4,0
5093,335.3564651,0.110988748,0.2676,0.0525,4,0,0.0781,0.0124,4,0,0.1273,0.016,4,0,5.6151,0.3002,4,0
5094,335.3981971,0.039479045,0.8623,0.1744,4,0,0.2869,0.0348,4,0,0.3755,0.0495,4,0,15.9868,1.6382,4,0
5095,335.4263906,0.189772946,0.2994,0.031,4,0,0.0745,0.0026,4,0,0.0981,0.0068,4,0,6.546,0.129,4,0
5096,335.4279127,-0.049976529,0.1771,0.0182,4,0,0.1197,0.0096,4,0,1.4881,0.0211,4,0,5.6754,0.4368,4,0
5097,335.428481,0.669943977,0.1372,0.0585,4,0,0.0721,0.0153,4,0,0.0849,0.0232,4,0,2.5495,0.3376,4,0
5098,335.454991,-0.244377945,1.1241,0.0832,4,0,0.4217,0.1624,4,0,2.202,0.4922,4,0,28.3644,5.3036,4,0
5099,335.4704395,0.194708499,0.2708,0.025,4,0,0.077,0.0192,4,0,0.1974,0.032,4,0,6.2356,0.2598,4,0
5100,335.5097802,-0.439796713,0.1394,0.0126,4,0,0.0667,0.0098,4,0,0.1842,0.0152,4,0,6.7527,0.5519,4,0
5101,335.577421,-0.207127588,1.1804,0.2178,4,0,1.7342,0.1955,4,0,,,,,60.8651,3.5493,4,0
5102,335.5962135,0.247145457,0.1322,0.0281,4,0,0.0375,0.006,4,0,0.0953,0.0158,4,0,2.3554,0.1244,4,0
5103,335.6130321,0.24087004,0.8577,0.1666,4,0,0.3204,0.0503,4,0,1.303,0.0798,4,0,24.6681,1.7962,4,0
5104,335.6139614,-0.786400446,-0.1588,0.6786,4,0,0.2449,0.0731,4,0,0.8958,0.4782,4,0,11.9059,4.508,4,0
5105,335.625398,0.25206969,0.1588,0.018,4,0,0.0406,0.0024,4,0,0.1132,0.0102,4,0,2.6689,0.126,4,0
5106,335.6375868,0.082573472,0.1411,0.0193,4,0,0.0364,0.0028,4,0,0.202,0.0056,4,0,2.4481,0.1758,4,0
5107,335.6542528,-0.766796982,0.5581,0.017,4,0,0.1642,0.0028,4,0,0.4224,0.0223,4,0,6.5901,0.1556,4,0
5108,335.6892986,-0.815510364,6.5835,0.4082,4,0,1.8116,0.1928,4,0,6.7001,0.4375,4,0,182.0157,14.4216,4,0
5109,335.7069321,-0.482853945,0.1765,0.0275,4,0,0.0492,0.0038,4,0,0.1173,0.0068,4,0,6.4522,0.3877,4,0
5110,335.7320989,-0.093432728,0.4541,0.0904,4,0,0.0453,0.0116,4,0,0.8929,0.1546,4,0,18.0128,2.8412,4,0
5111,335.7447064,-0.424216735,0.1788,0.0263,4,0,0.0722,0.0141,4,0,0.1264,0.0163,4,0,6.5964,0.3692,4,0
5112,335.7809326,-0.99169317,0.1276,0.0034,4,0,0.05,0.0061,4,0,0.0607,0.0074,4,0,0.9424,0.1628,4,0
5113,335.7839497,-0.270315944,1.0435,0.0189,4,0,0.3742,0.0414,4,0,1.2611,0.0732,4,0,28.8825,1.6311,4,0
5114,335.792483,0.190974424,0.5235,0.1572,4,0,0.2027,0.0641,4,0,0.2904,0.1011,4,0,9.4099,2.741,4,0
5115,335.7932622,-0.402773973,0.5089,0.0727,4,0,0.1456,0.0239,4,0,0.1706,0.0252,4,0,4.8801,0.2943,4,0
5116,335.9260024,-0.050885356,0.8514,0.074,4,0,0.2924,0.0219,4,0,0.6509,0.0508,4,0,22.325,1.1084,4,0
5117,335.9360194,0.074735678,0.3845,0.0303,4,0,0.1532,0.025,4,0,0.8922,0.0444,4,0,16.1025,0.5147,4,0
5118,335.9452714,0.030585007,1.2378,0.1318,4,0,0.537,0.0897,4,0,3.5856,0.3068,4,0,88.1997,9.236,4,0
5119,335.965805,-0.059977018,0.0871,0.0056,4,0,0.0158,0.0008,4,0,0.1111,0.0047,4,0,2.3036,0.0904,4,0
5120,335.9793974,0.19486868,1.4893,0.0921,4,0,1.2493,0.1655,4,0,,,,,62.4833,4.467,4,0
5121,335.9841699,0.088504399,2.3191,0.1511,4,0,0.7621,0.0897,4,0,2.5524,0.1623,4,0,63.2608,5.4558,4,0
5122,336.0011064,-0.368689263,0.4496,0.0212,4,0,0.1001,0.011,4,0,0.4295,0.0308,4,0,9.9058,0.4106,4,0
5123,336.0125277,-0.36793258,0.7083,0.1348,4,0,0.2092,0.039,4,0,0.5802,0.0582,4,0,14.4085,2.974,4,0
5124,336.0228487,-0.819071906,16.3252,1.36,4,0,,,,,,,,,433.937,51.2086,4,0
5125,336.0246486,-0.313916869,0.3497,0.0331,4,0,0.1327,0.0044,4,0,0.579,0.01,4,0,10.3051,0.3028,4,0
5126,336.0514589,-0.173480798,0.1388,0.1164,4,0,0.0938,0.0042,4,0,0.2198,0.0058,4,0,4.8093,0.1218,4,0
5127,336.0579691,-0.161699584,0.2117,0.0099,4,0,0.0589,0.0088,4,0,0.1832,0.019,4,0,6.6748,0.568,4,0
5128,336.0605942,0.60022013,2.2752,0.141,4,0,1.1158,0.0799,4,0,5.1936,0.4072,4,0,23.9144,2.9773,4,0
5129,336.0768451,0.036981057,1.901,0.1143,4,0,0.681,0.0641,4,0,4.4972,0.2092,4,0,56.5335,3.8912,4,0
5130,336.1047795,-0.081507079,0.7134,0.0476,4,0,0.1892,0.0043,4,0,0.9465,0.0117,4,0,23.5818,0.3233,4,0
5131,336.1363337,0.009306704,0.2017,0.0142,4,0,0.0541,0.0032,4,0,0.2585,0.0078,4,0,7.5004,0.2347,4,0
5132,336.1436295,-0.263096814,0.193,0.0526,4,0,0.0367,0.0075,4,0,0.0415,0.0052,4,0,5.0158,0.323,4,0
5133,336.1595355,-0.284197561,0.0525,0.005,4,0,0.0171,0.0022,4,0,0.0386,0.0009,4,0,0.7407,0.05,4,0
5134,336.2009441,0.199991761,3.4529,0.1979,4,0,1.0835,0.156,4,0,2.6184,0.08,4,0,49.1223,3.5146,4,0
5135,336.2145918,0.151524271,0.9821,0.0939,4,0,0.4405,0.0874,4,0,1.2936,0.0976,4,0,34.8452,6.3252,4,0
5136,336.2468522,-0.13798423,1.1449,0.0404,4,0,0.3487,0.0468,4,0,2.1101,0.0739,4,0,37.0751,1.9564,4,0
5137,336.2650851,-0.529636991,0.2621,0.0146,4,0,0.0829,0.0052,4,0,0.1158,0.0058,4,0,2.6231,0.2324,4,0
5138,336.2956134,-0.914316987,0.23,0.0144,4,0,0.0975,0.0098,4,0,0.1938,0.0156,4,0,6.5541,0.1222,4,0
5139,336.3342179,0.033149392,0.2528,0.04,4,0,0.0742,0.0032,4,0,0.3072,0.0521,4,0,8.5525,0.2985,4,0
5140,336.3346279,0.245394616,1.1067,0.0984,4,0,0.3341,0.06,4,0,1.1383,0.1517,4,0,34.5101,1.7682,4,0
5141,336.360466,-0.137993505,4.3959,0.2203,4,0,,,,,,,,,435.1222,10.5081,4,0
5142,336.3659882,-0.004663199,2.7979,0.2222,4,0,1.8202,0.2016,4,0,,,,,574.9345,29.9404,4,0
5143,336.3684574,-0.001133683,2.3925,0.3954,4,0,1.5426,0.402,4,0,,,,,444.6086,129.7941,4,0
5144,336.4097202,-0.256919045,1.204,0.0293,4,0,0.227,0.013,4,0,,,,,174.7886,7.2114,4,0
5145,336.4117155,-0.07826978,0.1857,0.0098,4,0,0.0469,0.0073,4,0,0.2919,0.0431,4,0,5.9339,0.3285,4,0
5146,336.4144629,-0.080737207,0.1726,0.0278,4,0,0.0207,0.0027,4,0,0.1561,0.0223,4,0,1.8201,0.438,4,0
5147,336.4197162,-0.978378075,0.0143,0.0116,4,0,0.0039,0.0004,4,0,0.0218,0.0027,4,0,0.5946,0.0602,4,0
5148,336.427693,-0.071637351,0.3027,0.0256,4,0,0.0686,0.0092,4,0,0.8397,0.0435,4,0,15.1804,0.8336,4,0
5149,336.4406078,-0.259722992,2.1551,0.094,4,0,0.305,0.024,4,0,,,,,83.4451,3.3472,4,0
5150,336.4413719,-0.252702129,1.2718,0.1485,4,0,0.232,0.0138,4,0,2.287,0.0968,3,0,37.8889,1.149,4,0
5151,336.4965289,-0.26979129,0.5234,0.1416,4,0,0.129,0.0176,4,0,0.7582,0.0712,3,0,35.3055,4.3856,4,0
5152,336.4968542,-0.259422178,2.3588,0.4108,4,0,1.8825,0.2384,4,0,,,,,270.9103,6.4898,4,0
5153,336.5133314,-0.33174512,0.0977,0.013,4,0,0.0384,0.0031,4,0,0.2927,0.0063,4,0,4.6507,0.1427,4,0
5154,336.5383216,-0.180976957,1.3177,0.1649,4,0,0.2999,0.0407,4,0,,,,,75.2345,5.2279,4,0
5155,336.5422261,-0.189848242,0.9455,0.1736,4,0,0.2963,0.0786,4,0,,,,,28.4748,3.1575,4,0
5156,336.5486051,-0.208348293,1.3726,0.11,4,0,0.6712,0.0317,4,0,5.8072,0.1891,4,0,58.5358,2.0982,4,0
5157,336.5653679,-0.08248044,1.201,0.1932,4,0,0.2864,0.085,4,0,1.9358,0.2548,4,0,43.348,7.0845,4,0
5158,336.6540939,-1.076891631,0.4905,0.1308,4,0,0.2395,0.0278,4,0,,,,,15.8088,0.1774,4,0
5159,336.6883222,0.099512738,1.2018,0.1422,4,0,0.2541,0.0184,4,0,1.2313,0.1248,4,0,21.5443,1.27,4,0
5160,336.695131,-0.093210346,0.4694,0.0243,4,0,0.117,0.0148,4,0,1.7932,0.1394,4,0,37.3538,3.7134,4,0
5161,336.7035791,0.020280885,0.7914,0.048,4,0,0.216,0.026,4,0,1.7414,0.1061,4,0,31.2454,3.4642,4,0
5162,336.7716009,0.246980298,1.6931,0.2005,4,0,1.0889,0.0491,4,0,9.3634,0.2348,4,0,54.0476,2.5988,4,0
5163,336.8095469,0.254446372,0.3517,0.1223,4,0,0.1653,0.0248,4,0,0.9693,0.0268,4,0,19.8937,0.8318,4,0
5164,336.815399,0.46063747,0.1862,0.0286,4,0,0.0554,0.0111,4,0,0.114,0.0121,4,0,2.9527,0.4384,4,0
5165,336.8229631,-0.282020738,0.2648,0.0614,4,0,0.1191,0.0084,4,0,0.7303,0.0356,4,0,18.751,3.7072,4,0
5166,336.8658963,0.000950108,2.9253,0.8228,4,0,,,,,,,,,659.1428,88.1984,4,0
5167,336.8700799,-0.004263928,1.8464,0.2496,4,0,,,,,,,,,99.1956,11.2802,4,0
5168,336.8755324,-0.455128499,0.2103,0.0662,4,0,0.0301,0.0151,4,0,0.066,0.0175,4,0,2.3972,0.1236,4,0
5169,336.8861852,0.048707404,7.0613,0.2764,4,0,,,,,,,,,227.1823,7.6207,4,0
5170,336.8880769,0.065050869,1.2079,0.1192,4,0,0.5933,0.0589,3,0,,,,,27.4418,0.623,4,0
5171,336.9001393,-0.032113491,0.9272,0.029,4,0,0.3889,0.0261,4,0,6.2225,0.1112,4,0,251.177,3.6264,4,0
5172,336.9017146,-0.1510994,1.1311,0.1554,4,0,0.6515,0.0566,4,0,3.4924,0.5284,4,0,56.2082,1.8722,4,0
5173,336.9139032,-0.02443812,0.8597,0.047,4,0,0.2355,0.0349,4,0,2.7088,0.2258,4,0,98.1242,6.7853,4,0
5174,336.9342146,-0.185156801,0.7064,0.0026,4,0,0.1115,0.0064,4,0,0.9859,0.0362,4,0,29.6909,0.9074,4,0
5175,336.9397652,-0.390831987,0.0763,0.0022,4,0,0.046,0.0035,4,0,0.1101,0.0079,4,0,3.2501,0.1285,4,0
5176,336.9473015,-0.164775321,0.6489,0.1142,4,0,0.18,0.0154,4,0,1.2471,0.1222,4,0,25.7589,1.0442,4,0
5177,336.9851885,-0.004804686,1.9049,0.1004,4,0,0.6399,0.0456,4,0,7.0481,0.2701,4,0,122.7021,16.2222,4,0
5178,336.9891138,0.110543377,2.0191,0.2037,4,0,0.548,0.0426,4,0,2.8246,0.0958,4,0,62.3965,2.8256,4,0
5179,337.0011801,-0.029720472,2.2528,0.1945,4,0,0.7852,0.0362,4,0,5.5329,0.3525,3,0,55.3789,12.9642,4,0
5180,337.0039795,0.322825105,3.4376,0.1614,4,0,1.4615,0.205,4,0,,,,,294.4441,15.7756,4,0
5181,337.0450127,0.030381644,0.7816,0.0372,4,0,0.1744,0.0107,4,0,0.5462,0.0232,4,0,21.9349,0.5644,4,0
5182,337.046589,-0.000769601,1.4415,0.099,4,0,0.623,0.0352,4,0,5.8037,0.1338,4,0,62.3558,2.3872,4,0
5183,337.0493353,-1.055615691,1.175,0.0363,4,0,0.3831,0.0224,4,0,,,,,15.2404,0.7879,4,0
5184,337.0835834,-0.480989686,0.4297,0.016,4,0,0.173,0.0095,4,0,0.4173,0.0179,4,0,9.5678,0.2236,4,0
5185,337.0982203,-0.966651968,0.3062,0.0612,4,0,0.2491,0.0253,4,0,3.5055,0.2726,4,0,5.7327,0.8006,4,0
5186,337.1218498,-0.174981898,12.5779,2.153,4,0,,,,,,,,,2038.0359,272.3849,4,0
5187,337.1226454,0.271052374,0.5384,0.0104,4,0,0.1191,0.0095,4,0,1.3094,0.0277,4,0,28.1702,0.6913,4,0
5188,337.1249628,-0.050122348,0.5889,0.0624,4,0,0.1833,0.0113,4,0,1.3837,0.0666,4,0,36.2397,1.3224,4,0
5189,337.1381675,0.010357404,1.5997,0.376,4,0,0.609,0.0544,4,0,2.8953,0.122,4,0,47.7227,4.1652,4,0
5190,337.1637521,0.079930615,0.4792,0.0302,4,0,0.1174,0.0087,4,0,1.3302,0.0306,4,0,11.4388,0.1601,4,0
5191,337.1723003,-0.058427105,1.6513,0.0978,4,0,0.7156,0.0775,4,0,,,,,91.046,14.053,4,0
5192,337.1759807,-0.061535723,0.9664,0.1986,4,0,0.196,0.0332,4,0,,,,,21.2748,3.9591,4,0
5193,337.1866676,-0.058945288,1.9272,0.2653,4,0,0.5229,0.0536,4,0,5.7809,0.3629,3,0,144.4994,3.1246,4,0
5194,337.1936864,-0.060044913,0.3273,0.0511,4,0,0.0621,0.0074,4,0,1.8841,0.0592,4,0,42.7874,2.7025,4,0
5195,337.2182645,-1.036913746,0.6346,0.0398,4,0,0.2625,0.0168,4,0,0.4133,0.0204,3,0,10.9324,0.2906,4,0
5196,337.2340558,-0.248828482,0.1363,0.0072,4,0,0.0425,0.0019,4,0,0.095,0.01,4,0,2.6579,0.0518,4,0
5197,337.238411,0.227372921,0.9571,0.0776,4,0,0.3448,0.055,4,0,2.1401,0.488,4,0,37.9566,0.9504,4,0
5198,337.2598166,-0.148951144,0.6103,0.0597,4,0,0.2091,0.0112,4,0,1.0673,0.0698,4,0,25.7225,0.8809,4,0
5199,337.2635902,-0.070013907,0.3083,0.0456,4,0,0.1069,0.0142,4,0,0.9178,0.0522,4,0,31.1481,1.1182,4,0
5200,337.2780078,-0.861694111,0.5333,0.1338,4,0,0.1567,0.0384,4,0,0.3561,0.0456,4,0,10.5436,0.7766,4,0
5201,337.2801881,-0.159767517,0.8995,0.2348,4,0,0.5764,0.0345,4,0,4.1814,0.1604,4,0,56.4825,8.065,4,0
5202,337.2831789,-0.38779338,0.6615,0.0484,4,0,0.2699,0.0204,4,0,0.7577,0.0462,4,0,15.1361,0.4554,4,0
5203,337.2846043,-0.112554481,1.04,0.2174,4,0,0.6933,0.1431,4,0,6.1729,1.005,4,0,152.3139,31.796,4,0
5204,337.3111841,-0.151417389,0.7415,0.0694,4,0,0.1735,0.0132,4,0,1.291,0.084,4,0,24.9024,1.3372,4,0
5205,337.3120559,-0.204553473,0.6185,0.0582,4,0,0.1472,0.0029,4,0,0.7729,0.0081,4,0,27.047,2.1285,4,0
5206,337.3545964,0.051648572,0.358,0.0433,4,0,0.0848,0.0058,4,0,0.8706,0.0291,4,0,20.757,0.9355,4,0
5207,337.3627852,0.014127084,0.1212,0.0057,4,0,0.0196,0.0024,4,0,0.1914,0.009,4,0,6.5563,0.1172,4,0
5208,337.3664223,-0.400997149,0.5904,0.05,4,0,0.0952,0.021,4,0,1.7724,0.1162,4,0,28.3552,0.9578,4,0
5209,337.3674454,-0.179440473,0.2218,0.0082,4,0,0.0564,0.0064,4,0,0.1953,0.0142,4,0,8.8976,0.4553,4,0
5210,337.4009485,0.363260721,4.0284,0.0248,4,0,0.7177,0.12,4,0,4.4496,0.2374,4,0,0.767,0.0213,4,0
5211,337.4021606,-0.40612263,3.78,0.6927,4,0,1.5991,0.4691,4,0,,,,,2313.5783,700.4896,4,0
5212,337.4117569,-0.401126495,1.7168,0.075,4,0,0.5131,0.0298,4,0,,,,,37.4207,6.4821,4,0
5213,337.4148321,0.03490865,0.2732,0.0809,4,0,0.0628,0.0099,4,0,0.608,0.0147,4,0,7.9529,0.4552,4,0
5214,337.4271464,-0.402097366,8.5058,0.5332,4,0,2.2601,0.1317,4,0,,,,,280.2654,11.3721,4,0
5215,337.4317601,-0.417154017,0.5312,0.0799,4,0,0.1397,0.019,4,0,0.2076,0.0298,3,0,5.9037,0.3282,4,0
5216,337.4340175,0.077205288,0.4,0.0455,4,0,0.1236,0.0147,4,0,0.5073,0.0381,4,0,27.7263,1.695,4,0
5217,337.4392754,-0.396635804,1.6905,0.0652,4,0,0.5119,0.0427,4,0,3.3717,0.1283,3,0,77.202,3.3188,4,0
5218,337.4664766,-0.23257954,0.0743,0.0538,4,0,0.0113,0.0014,4,0,0.0881,0.0112,4,0,4.9233,0.2062,4,0
5219,337.4772563,-0.533126368,3.6327,0.3754,4,0,0.992,0.0396,3,0,5.4934,1.0265,4,0,78.6252,4.795,4,0
5220,337.4810396,-0.525256534,0.9138,0.3232,4,0,0.1183,0.0206,3,0,0.4025,0.1866,4,0,11.0547,2.0788,4,0
5221,337.4875625,-0.175819087,0.0874,0.0159,4,0,0.0181,0.0041,4,0,0.1167,0.0127,4,0,8.753,0.4802,4,0
5222,337.50224,-0.299215208,0.4652,0.0207,4,0,0.0901,0.0138,4,0,0.3757,0.0462,4,0,7.4363,0.4568,4,0
5223,337.5074947,-0.291846864,0.4388,0.0114,4,0,0.0771,0.0138,4,0,0.5782,0.0464,4,0,11.2041,0.6048,4,0
5224,337.5553896,-0.680733846,0.9055,0.1179,4,0,0.2579,0.0142,4,0,0.3084,0.012,4,0,12.6279,1.438,4,0
5225,337.5594181,-0.197714544,0.4756,0.0688,4,0,0.1398,0.0135,4,0,0.4233,0.0274,4,0,10.9439,0.5745,4,0
5226,337.5618941,-0.448714376,0.229,0.0098,4,0,0.1221,0.0106,4,0,0.1929,0.0217,4,0,3.7812,0.2477,4,0
5227,337.5646263,-0.438673658,2.6459,0.035,4,0,1.0716,0.0794,4,0,3.7025,0.081,4,0,39.2933,1.4636,4,0
5228,337.5696706,0.011625041,0.4138,0.0465,4,0,0.0779,0.006,4,0,0.2808,0.0104,4,0,5.8046,0.1422,4,0
5229,337.5768059,0.017648448,0.0825,0.0136,4,0,0.009,0.002,4,0,0.0627,0.0104,4,0,1.721,0.024,4,0
5230,337.5831485,-0.069592514,0.8403,0.2302,4,0,0.345,0.036,4,0,1.831,0.0918,4,0,40.9182,3.1968,4,0
5231,337.5903297,-0.016600968,0.0644,0.0069,4,0,0.0133,0.0027,4,0,0.0607,0.0058,4,0,1.5229,0.181,4,0
5232,337.5944715,0.51149405,0.4379,0.0314,4,0,0.2182,0.0511,4,0,0.6699,0.1558,4,0,4.769,0.2424,4,0
5233,337.616389,-0.062804767,2.6096,0.1117,4,0,1.4429,0.281,4,0,,,,,588.8311,77.3424,4,0
5234,337.6297889,-0.018814293,0.9874,0.126,4,0,0.3248,0.0158,4,0,0.8315,0.0356,4,0,13.9359,0.548,4,0
5235,337.6649806,-0.175386484,1.1971,0.0642,4,0,0.7015,0.035,4,0,8.5982,0.115,4,0,220.7106,6.386,4,0
5236,337.6650109,0.142413889,0.6486,0.0342,4,0,0.4053,0.0482,4,0,1.4887,0.0946,4,0,3.3448,0.109,4,0
5237,337.6689215,0.215407034,0.2385,0.0184,4,0,0.032,0.0041,4,0,0.7913,0.0369,4,0,12.5753,0.3999,4,0
5238,337.6715956,-0.193671358,0.2838,0.0619,4,0,0.0484,0.0184,4,0,0.5313,0.1276,4,0,21.8749,4.0984,4,0
5239,337.6750502,0.018991795,0.5633,0.0201,4,0,0.115,0.0058,4,0,0.6413,0.0253,4,0,19.7019,0.8142,4,0
5240,337.680602,0.221987722,0.2484,0.047,4,0,0.1235,0.0048,4,0,2.4545,0.0239,4,0,11.237,0.3714,4,0
5241,337.6895595,0.02658051,0.8328,0.0404,4,0,0.1695,0.0142,4,0,0.905,0.0323,4,0,29.6334,0.527,4,0
5242,337.7050277,-0.057239356,2.1818,0.2454,4,0,1.6366,0.0712,4,0,,,,,741.9388,10.2331,4,0
5243,337.7084413,0.09346598,0.9347,0.0358,4,0,0.6815,0.0489,4,0,,,,,108.3744,6.4876,4,0
5244,337.7106853,0.085403885,0.5192,0.0738,4,0,0.1045,0.021,4,0,5.0444,0.399,3,0,798.2663,11.4999,4,0
5245,337.7138826,0.090522263,0.2036,0.0239,4,0,0.0071,0.0012,4,0,0.1962,0.0162,3,0,233.7692,181.5469,4,0
5246,337.7819875,0.004406695,0.3153,0.0371,4,0,0.1065,0.0084,4,0,0.7915,0.0284,4,0,13.7986,0.8763,4,0
5247,337.7831251,-0.508435481,2.2736,0.0736,4,0,0.9077,0.0353,4,0,1.804,0.0962,4,0,25.3709,1.357,4,0
5248,337.8037119,-0.916260883,0.1876,0.0066,4,0,0.0629,0.0048,4,0,0.208,0.0117,4,0,3.8775,0.1582,4,0
5249,337.8124449,-0.917015617,0.2073,0.04,4,0,0.0791,0.0072,4,0,0.0716,0.0088,4,0,1.5679,0.1053,4,0
5250,337.8268803,-0.031666363,0.4144,0.0275,4,0,0.1661,0.0098,4,0,1.5627,0.041,4,0,33.1416,0.7418,4,0
5251,337.8468621,-0.367683282,6.5907,3.2166,4,0,,,,,,,,,313.3081,221.2099,4,0
5252,337.8554428,-0.118197077,0.3246,0.0431,4,0,0.059,0.0034,4,0,0.4894,0.0381,4,0,17.8253,0.5686,4,0
5253,337.8868776,-0.131590104,0.1246,0.0022,4,0,0.024,0.0013,4,0,0.2743,0.0132,4,0,7.5668,0.3867,4,0
5254,337.9043991,-0.443253111,5.7936,0.4836,4,0,,,,,,,,,143.8778,32.1932,4,0
5255,337.9206468,-0.493151963,5.8713,0.3686,4,0,,,,,,,,,131.2158,14.4934,4,0
5256,337.9349825,0.360969753,0.8408,0.011,4,0,0.409,0.0146,4,0,1.7468,0.031,4,0,23.1589,0.6675,4,0
5257,337.9839765,-0.146638617,0.4562,0.093,4,0,0.0587,0.0092,4,0,1.6428,0.0981,4,0,23.0206,1.3928,4,0
5258,337.9867097,-0.142769205,1.1882,0.0688,4,0,0.1992,0.0102,4,0,2.4705,0.0834,4,0,47.8528,2.2491,4,0
5259,337.9939291,0.077026626,9.7462,0.194,4,0,,,,,,,,,383.9801,19.924,4,0
5260,337.9953326,0.08370991,0.3438,0.0608,4,0,0.0259,0.01,3,0,-0.2478,0.0,1,0,1.064,2.168,4,0
5261,338.0003917,-0.149405599,2.4813,0.1573,4,0,0.7814,0.034,4,0,6.5795,0.39,4,0,236.4782,8.1906,4,0
5262,338.0059562,-0.02518055,0.6034,0.0257,4,0,0.1565,0.0208,4,0,2.6894,0.1567,4,0,52.2914,3.9452,4,0
5263,338.0065215,0.018051105,2.8777,0.0853,4,0,0.8721,0.0414,4,0,,,,,208.7748,5.8465,4,0
5264,338.0639253,-0.068690401,2.6216,0.2488,4,0,1.3486,0.0918,4,0,10.6799,0.2814,4,0,152.5573,13.4708,4,0
5265,338.0727126,0.013215724,2.1175,0.5986,4,0,1.0123,0.1341,4,0,14.119,0.9791,4,0,938.2811,88.3198,4,0
5266,338.1117485,-0.191135054,0.7809,0.0576,4,0,0.2911,0.0235,4,0,3.5482,0.0999,4,0,53.0404,1.6796,4,0
5267,338.1393435,-0.147378177,0.2186,0.0213,4,0,0.0546,0.0036,4,0,0.4652,0.0104,4,0,8.4783,0.2402,4,0
5268,338.146612,-0.171529218,0.8288,0.0658,4,0,0.2576,0.0211,4,0,2.6561,0.1308,4,0,49.1593,1.7767,4,0
5269,338.1745085,-0.115881915,0.2282,0.0438,4,0,0.0813,0.0046,4,0,0.9957,0.0332,4,0,8.8347,0.3202,4,0
5270,338.1805235,0.978621479,0.1717,0.028,4,0,0.0361,0.0021,4,0,0.1709,0.0089,4,0,0.5916,0.1626,4,0
5271,338.2175525,-0.532282705,0.1172,0.0144,4,0,0.0321,0.0031,4,0,0.0957,0.0061,4,0,1.2399,0.1068,4,0
5272,338.2614707,-0.275140117,0.3373,0.0204,4,0,0.1726,0.0355,4,0,0.5159,0.0513,4,0,23.3788,3.7,4,0
5273,338.2629818,-0.363212447,0.2467,0.0396,4,0,0.2537,0.0041,4,0,4.1614,0.0254,4,0,30.3996,1.2721,4,0
5274,338.267584,0.256499231,0.4029,0.0443,4,0,0.0833,0.0172,4,0,0.1853,0.0321,4,0,6.5131,0.0642,4,0
5275,338.2707791,-0.293777102,1.0902,0.0354,4,0,0.4454,0.0386,4,0,2.9504,0.101,4,0,75.2623,3.2772,4,0
5276,338.2892588,-0.37161475,1.3112,0.2157,4,0,0.6099,0.0357,4,0,4.5381,0.1464,4,0,61.3339,3.9764,4,0
5277,338.305454,-0.324164006,0.2446,0.0274,4,0,0.0775,0.0127,4,0,0.4256,0.0369,4,0,17.8377,1.579,4,0
5278,338.3245845,0.15488515,1.5427,0.0459,4,0,0.6415,0.037,4,0,,,,,103.0083,2.9749,4,0
5279,338.3302783,0.178929698,0.8271,0.2418,4,0,0.1159,0.0186,4,0,1.0729,0.101,4,0,18.9159,1.715,4,0
5280,338.3337756,0.131289158,2.056,0.0396,4,0,0.7619,0.0416,4,0,,,,,685.2656,11.1621,4,0
5281,338.3446883,0.170099131,0.7192,0.0947,4,0,0.2658,0.0222,3,0,2.7416,0.1013,3,0,31.0926,2.4577,4,0
5282,338.3513314,-0.544607945,0.0758,0.0246,4,0,0.0186,0.0042,4,0,0.0353,0.0058,4,0,0.774,0.0697,4,0
5283,338.3529069,0.147897286,1.2257,0.3782,4,0,,,,,,,,,57.7716,7.8931,4,0
5284,338.3560486,0.154368852,2.7105,0.5803,4,0,,,,,,,,,73.1306,18.3302,4,0
5285,338.3586037,-0.857858436,0.5539,0.0116,4,0,0.1985,0.0078,4,0,0.2636,0.0117,4,0,6.0539,0.1763,4,0
5286,338.3591898,-0.095424215,0.3475,0.058,4,0,0.4354,0.0584,4,0,6.2581,0.6607,4,0,15.0646,4.6644,4,0
5287,338.3618118,0.140661913,1.3642,0.1132,4,0,,,,,,,,,123.026,4.0976,4,0
5288,338.3739008,-0.151645488,0.9985,0.1196,4,0,0.8515,0.0587,4,0,,,,,126.1402,3.995,4,0
5289,338.3826849,0.163334715,1.4864,0.1206,4,0,,,,,,,,,52.803,6.2384,4,0
5290,338.3989962,-0.407884696,3.065,0.0926,4,0,0.9782,0.0329,4,0,,,,,72.8479,0.8994,4,0
5291,338.4054204,-0.202520249,2.5429,0.1261,4,0,,,,,,,,,205.5818,24.1041,4,0
5292,338.4088635,0.183316593,2.1135,0.1232,4,0,0.473,0.003,3,0,,,,,113.5487,4.2982,4,0
5293,338.4320112,0.014450693,2.1488,0.2123,4,0,1.0808,0.1884,4,0,,,,,291.8594,14.8746,4,0
5294,338.4356851,0.058794784,4.978,0.6308,4,0,,,,,,,,,882.1689,24.4621,4,0
5295,338.4610014,-0.258250961,1.5256,0.0914,4,0,0.467,0.0258,4,0,4.8622,0.2391,4,0,130.243,1.29,4,0
5296,338.4758702,0.041358483,1.8997,0.3481,4,0,1.2722,0.2273,4,0,12.3778,1.7693,4,0,136.1868,15.5421,4,0
5297,338.488845,0.044982748,1.2623,0.0473,4,0,0.3764,0.0352,4,0,3.6736,0.145,4,0,90.0408,5.9896,4,0
5298,338.5304286,0.213122166,0.7105,0.1289,4,0,0.4163,0.049,4,0,2.1368,0.1984,4,0,43.7771,4.843,4,0
5299,338.5546868,-0.416679801,0.7627,0.0504,4,0,0.1795,0.022,4,0,0.2278,0.0043,4,0,8.5009,0.2913,4,0
5300,338.5577999,-0.641901424,0.3218,0.0276,4,0,0.0947,0.0152,4,0,0.1467,0.0138,4,0,4.4752,0.1717,4,0
5301,338.5673608,-0.158826743,1.9467,0.1836,4,0,0.7356,0.0137,3,0,4.113,0.0365,3,0,59.5944,1.6007,4,0
5302,338.5682961,-0.144975081,7.7392,0.221,4,0,,,,,,,,,864.9769,61.0954,4,0
5303,338.5722884,0.059056186,0.1416,0.0151,4,0,0.0454,0.0034,4,0,0.5183,0.0323,4,0,8.281,0.4934,4,0
5304,338.5727905,0.069080939,0.1477,0.0028,4,0,0.0239,0.0026,4,0,0.254,0.015,4,0,4.7249,0.1976,4,0
5305,338.5745727,0.551019665,0.3126,0.0452,4,0,0.1242,0.0068,4,0,0.5529,0.0202,4,0,4.3951,0.0964,4,0
5306,338.5752119,0.052006676,0.7662,0.0214,4,0,0.1697,0.0072,4,0,2.6976,0.1136,4,0,39.8804,1.0722,4,0
5307,338.5951248,-0.004143853,1.7705,0.2494,4,0,0.5042,0.0601,4,0,5.1427,0.1648,4,0,87.8761,7.5078,4,0
5308,338.6319077,-1.003554439,0.853,0.012,4,0,0.2974,0.0144,4,0,1.8151,0.021,4,0,21.3398,0.4376,4,0
5309,338.638485,-0.999301326,0.6835,0.0286,4,0,0.1901,0.0078,4,0,0.5082,0.023,4,0,7.5993,0.4288,4,0
5310,338.6800417,-0.131993128,0.4158,0.1345,4,0,0.0847,0.013,4,0,1.8902,0.1584,4,0,52.4139,2.8836,4,0
5311,338.6810943,-0.084785342,1.7483,0.0375,4,0,0.9681,0.0407,4,0,,,,,238.1202,2.9228,4,0
5312,338.7025671,-0.996170654,0.0892,0.0116,4,0,0.0341,0.0055,4,0,0.0649,0.0087,4,0,1.1942,0.1414,4,0
5313,338.7171422,0.788989518,0.1164,0.0424,4,0,0.035,0.0019,4,0,0.4289,0.0186,4,0,1.2063,0.0568,4,0
5314,338.7300488,0.528965204,0.2827,0.0169,4,0,0.1187,0.0157,4,0,0.7253,0.068,4,0,12.4344,1.3347,4,0
5315,338.7558457,-1.01484607,0.2305,0.012,3,0,0.0639,0.004,4,0,0.1779,0.0014,4,0,2.9054,0.2775,4,0
5316,338.7676685,-1.011113127,0.1653,0.0193,3,0,0.049,0.0059,4,0,0.1749,0.0446,4,0,8.4645,0.3188,4,0
5317,338.7754211,-0.135856981,0.3826,0.0778,4,0,0.107,0.0132,4,0,0.1575,0.0185,4,0,11.5098,0.7677,4,0
5318,338.8013758,0.481310014,0.4109,0.032,4,0,0.1523,0.0174,4,0,1.1855,0.0262,4,0,20.2108,1.8315,4,0
5319,338.8125002,0.126917304,0.2921,0.0322,4,0,0.0957,0.0084,4,0,0.6735,0.0236,4,0,15.9645,0.1913,4,0
5320,338.8497226,0.407950865,7.5873,0.5576,4,0,3.2686,0.3544,4,0,,,,,467.6827,22.0162,4,0
5321,338.8710008,0.023962344,1.2855,0.1929,4,0,0.3431,0.0108,4,0,0.629,0.0328,4,0,27.161,0.6666,4,0
5322,338.8748294,0.082089618,0.3023,0.0196,4,0,0.0868,0.01,4,0,0.464,0.007,4,0,14.2437,0.3127,4,0
5323,338.8874791,-0.604239359,0.5798,0.0748,4,0,0.173,0.0083,4,0,0.4652,0.0162,4,0,11.5274,0.2212,4,0
5324,338.9025392,0.348509765,0.8186,0.177,4,0,0.1279,0.0113,4,0,1.5349,0.1786,4,0,37.4814,2.4922,4,0
5325,338.9141888,0.547155238,1.5195,0.223,4,0,0.2724,0.0463,4,0,,,,,42.9282,3.9953,4,0
5326,338.9166056,0.382900119,1.1948,0.1564,4,0,0.6114,0.0342,4,0,,,,,269.9383,11.91,4,0
5327,338.9216768,0.624448025,6.8061,0.0582,4,0,,,,,,,,,286.8859,12.9462,4,0
5328,338.924032,0.562494326,4.4787,0.2182,4,0,0.3486,0.0493,4,0,,,,,120.7246,8.555,4,0
5329,338.9245254,-0.503547488,2.8609,0.1394,4,0,0.9737,0.0498,4,0,6.4501,0.4056,4,0,68.0473,2.4966,4,0
5330,338.92753,0.387035195,0.5399,0.0864,4,0,0.1935,0.0566,4,0,1.9808,0.5824,3,0,44.1231,10.8987,4,0
5331,338.9276662,-0.373927883,0.43,0.026,4,0,0.1391,0.0049,4,0,0.2939,0.0096,4,0,2.4557,0.1106,4,0
5332,338.9301675,0.556371297,0.538,0.0322,4,0,0.0448,0.0094,4,0,0.6883,0.0,1,0,-6.3657,14.6399,4,0
5333,338.9339349,-0.062966534,3.4343,0.3944,4,0,,,,,,,,,203.3646,8.1197,4,0
5334,338.9356247,-0.488491322,1.7432,0.1578,4,0,0.6267,0.047,4,0,6.2963,0.223,4,0,53.917,1.7554,4,0
5335,338.9435252,-0.483322977,1.0442,0.2826,4,0,0.3023,0.0963,4,0,0.6756,0.2062,4,0,19.5955,3.2408,4,0
5336,338.9572038,0.734558689,0.1943,0.0493,4,0,0.1095,0.0144,4,0,0.4995,0.0424,4,0,3.0211,0.4122,4,0
5337,338.9573872,-0.030610271,0.976,0.3273,4,0,0.3151,0.088,4,0,2.1177,0.5566,4,0,49.3782,8.5395,4,0
5338,338.974533,0.854773672,0.0663,0.0059,4,0,0.0172,0.0012,4,0,0.0517,0.0023,4,0,0.1878,0.0771,4,0
5339,338.9890433,0.711163595,0.3521,0.0854,4,0,0.1192,0.0192,4,0,1.0253,0.048,4,0,4.2878,0.827,4,0
5340,338.999703,0.430444495,0.3919,0.035,4,0,0.1361,0.012,4,0,0.2929,0.0111,4,0,5.0669,0.3641,4,0
5341,339.0102566,0.43662476,4.364,0.4984,4,0,1.6021,0.0532,4,0,8.2985,0.3505,4,0,92.5115,2.0985,4,0
5342,339.0140139,0.5182806,0.4924,0.0906,4,0,0.1529,0.0205,4,0,0.6598,0.0312,4,0,4.8458,0.5371,4,0
5343,339.0367045,0.029601749,0.7035,0.0862,4,0,0.2759,0.021,4,0,0.8454,0.0368,4,0,0.3888,0.0218,4,0
5344,339.0502077,-0.316728562,1.0157,0.0712,4,0,0.2604,0.0084,4,0,1.6058,0.039,4,0,55.7718,0.9914,4,0
5345,339.0554087,0.914822932,3.6252,0.043,4,0,0.9632,0.1178,4,0,1.0817,0.0093,4,0,0.0373,0.019,4,0
5346,339.0634614,0.151041685,0.4402,0.0104,4,0,0.0864,0.0083,4,0,0.9744,0.0286,4,0,23.8236,0.7238,4,0
5347,339.0738944,-0.246328064,0.9106,0.0428,4,0,0.2527,0.0213,4,0,1.187,0.0561,4,0,10.8133,0.4126,4,0
5348,339.0811272,0.738450491,0.0624,0.0008,4,0,0.0273,0.0054,4,0,0.1519,0.0109,4,0,1.2762,0.247,4,0
5349,339.1006884,0.152293109,0.9099,0.0396,4,0,0.1271,0.0,1,0,,,,,26.4385,4.8031,4,0
5350,339.1048923,0.149381752,2.8373,0.0574,4,0,,,,,,,,,164.7576,6.5166,4,0
5351,339.1112648,0.147538746,0.6787,0.1249,4,0,0.1067,0.0095,3,0,,,,,14.6453,2.0353,4,0
5352,339.1238138,0.732796417,0.087,0.0068,4,0,0.0385,0.005,4,0,0.3332,0.0041,4,0,2.1759,0.1031,4,0
5353,339.1298856,-0.670377804,0.6793,0.4366,4,0,0.0041,0.0083,4,0,0.1411,0.0112,4,0,1.2815,0.0244,4,0
5354,339.1555392,-0.49802159,0.9849,0.0281,4,0,0.3022,0.0159,4,0,0.3954,0.0046,4,0,14.0063,0.7729,4,0
5355,339.1785097,-0.381159838,2.1873,0.1132,4,0,0.3366,0.0252,4,0,3.734,0.2336,4,0,40.9194,3.3674,4,0
5356,339.1787706,0.094959288,0.5981,0.1278,4,0,0.5876,0.0414,4,0,9.3657,0.7024,4,0,41.0476,6.4356,4,0
5357,339.1823986,-0.39196247,0.589,0.079,4,0,0.0945,0.0081,4,0,0.7786,0.0554,4,0,8.3718,0.547,4,0
5358,339.2090153,0.086157944,2.7069,0.2789,4,0,1.0699,0.1196,4,0,4.1871,0.1854,4,0,70.8904,7.1628,4,0
5359,339.2192789,0.263000298,2.3299,0.2202,4,0,0.8355,0.0993,4,0,3.5114,0.08,4,0,62.9378,4.4074,4,0
5360,339.2403044,0.007946248,2.6426,0.4733,4,0,0.7071,0.0698,4,0,4.1955,0.2087,4,0,75.8369,6.0552,4,0
5361,339.2579064,0.357739286,0.1919,0.0258,4,0,0.0679,0.0065,4,0,0.3195,0.0203,4,0,3.7995,0.1719,4,0
5362,339.2711472,-0.656605873,0.0565,0.014,4,0,0.037,0.002,4,0,0.5191,0.0181,4,0,1.3723,0.2161,4,0
5363,339.2830478,0.135195701,-0.1282,0.245,4,0,0.0417,0.0102,4,0,1.9579,0.0446,4,0,57.913,0.8396,4,0
5364,339.2886648,-0.281413639,0.2186,0.0217,4,0,0.097,0.0146,4,0,0.1309,0.0173,4,0,1.916,0.2624,4,0
5365,339.3018324,0.299640917,1.4478,0.1257,4,0,0.374,0.028,4,0,1.3914,0.1202,4,0,42.5689,2.3716,4,0
5366,339.305993,0.323015757,0.095,0.0134,4,0,0.0089,0.0018,4,0,0.0816,0.0091,4,0,5.5329,0.2319,4,0
5367,339.3310336,-0.232944997,0.0819,0.017,4,0,0.0176,0.0042,4,0,0.0309,0.0066,4,0,0.4907,0.0519,4,0
5368,339.3314,0.096422187,0.9397,0.0571,4,0,0.3768,0.0274,4,0,5.305,0.121,4,0,48.4836,0.8795,4,0
5369,339.3476948,-0.434761775,0.8112,0.1873,4,0,0.2624,0.044,4,0,0.4002,0.0432,4,0,8.3448,0.6808,4,0
5370,339.3598127,-0.231897262,0.296,0.1266,4,0,0.0599,0.0125,4,0,0.0933,0.0177,4,0,5.9583,0.547,4,0
5371,339.364384,-0.677335832,0.0882,0.0052,4,0,0.027,0.0025,4,0,0.0534,0.0018,4,0,1.7011,0.0365,4,0
5372,339.3801346,-0.694420325,0.0881,0.0072,4,0,0.0472,0.0144,4,0,0.0795,0.0254,4,0,1.8099,0.575,4,0
5373,339.4009769,0.67425335,0.0665,0.0194,4,0,0.0371,0.0052,4,0,0.3349,0.0141,4,0,1.5342,0.6713,4,0
5374,339.4191995,-0.713946994,0.1602,0.0276,4,0,0.063,0.0048,4,0,0.1323,0.0088,4,0,1.8983,0.1055,4,0
5375,339.4742905,0.181947731,0.6572,0.1716,4,0,0.4593,0.0163,4,0,8.8797,0.6254,4,0,226.4021,0.5124,4,0
5376,339.4877831,0.090706472,0.9085,0.1632,4,0,1.291,0.1996,4,0,,,,,84.7478,5.853,4,0
5377,339.5083917,0.658479207,0.2534,0.0524,4,0,0.3423,0.0182,4,0,5.3187,0.099,4,0,8.3049,0.755,4,0
5378,339.5495584,0.631182666,0.0893,0.0136,4,0,0.0268,0.0016,4,0,0.0925,0.007,4,0,0.6968,0.116,4,0
5379,339.5587719,-0.401966619,17.025,5.9731,4,0,,,,,,,,,16.6209,2.8942,4,0
5380,339.5588285,-1.013064981,0.8887,0.1069,3,0,0.2594,0.0392,4,0,1.5444,0.0958,4,0,15.9087,2.6122,4,0
5381,339.5661077,-0.086482868,0.7445,0.0482,4,0,0.3624,0.0419,4,0,4.742,0.2229,4,0,52.7365,2.4322,4,0
5382,339.5802105,0.0853057,5.9964,0.4495,4,0,,,,,,,,,185.8139,6.619,4,0
5383,339.581202,-0.87237509,0.0715,0.0156,4,0,0.0165,0.0034,4,0,0.0766,0.0079,4,0,0.9322,0.2003,4,0
5384,339.5839886,-0.893287891,0.1312,0.0232,4,0,0.0463,0.0093,4,0,0.1683,0.0169,4,0,3.2625,0.4094,4,0
5385,339.5843771,0.014826343,0.2034,0.0088,4,0,0.0328,0.0068,4,0,0.0701,0.0118,4,0,3.3314,0.1176,4,0
5386,339.5899253,0.083415094,1.5273,0.0468,4,0,0.4578,0.0069,3,0,,,,,247.9098,1.5364,4,0
5387,339.5908689,0.531004496,0.1285,0.0218,4,0,0.0481,0.0064,4,0,0.3371,0.0222,4,0,1.5184,0.135,4,0
5388,339.6059209,0.306102113,-0.0465,0.1463,4,0,0.019,0.0028,4,0,0.1443,0.0094,4,0,5.0011,0.0994,4,0
5389,339.6337476,-0.225667136,0.4221,0.0856,4,0,0.1364,0.0197,4,0,0.1947,0.0309,4,0,11.1192,0.5692,4,0
5390,339.6989676,0.302230902,0.8688,0.1096,4,0,0.3063,0.0282,4,0,0.7076,0.0648,4,0,19.1865,1.4994,4,0
5391,339.7011784,0.186906995,0.4788,0.2642,4,0,0.0324,0.0014,4,0,0.2419,0.0234,4,0,9.3779,0.2652,4,0
5392,339.7466658,0.094776967,0.8951,0.0512,4,0,0.4775,0.0734,4,0,5.1032,0.261,4,0,100.8969,9.3801,4,0
5393,339.7519049,0.454989505,5.406,0.0258,4,0,0.5278,0.0394,4,0,4.4851,0.1318,4,0,1.435,0.106,4,0
5394,339.7600585,0.053083925,1.4765,0.2088,4,0,0.9786,0.0274,4,0,4.9906,0.1012,4,0,57.5923,2.2824,4,0
5395,339.769914,0.010833849,1.7757,0.1434,4,0,0.6087,0.0738,4,0,1.4597,0.1148,4,0,35.0824,1.9188,4,0
5396,339.7764833,0.021939098,0.4767,0.0762,4,0,0.122,0.0243,4,0,0.346,0.059,4,0,14.8139,0.5871,4,0
5397,339.8384337,0.624659486,0.0809,0.0068,4,0,0.0167,0.0013,4,0,0.0479,0.0018,4,0,1.3852,0.0842,4,0
5398,339.8419135,0.294773317,0.1994,0.0209,4,0,0.1158,0.095,4,0,1.1731,1.0469,4,0,11.3162,1.0968,4,0
5399,339.8439682,0.30050276,0.4131,0.1428,4,0,0.3124,0.1094,4,0,3.1641,1.494,4,0,16.8708,2.007,4,0
5400,339.8527433,0.294437778,0.4736,0.0553,4,0,0.0727,0.0084,4,0,0.7133,0.1062,4,0,16.6191,1.1702,4,0
5401,339.854726,0.30017797,1.0134,0.0616,4,0,0.2199,0.0183,4,0,2.0114,0.1326,4,0,22.7419,3.26,4,0
5402,339.8702978,-0.019983809,0.278,0.0418,4,0,0.0566,0.0072,4,0,0.0945,0.0024,4,0,6.2962,0.2013,4,0
5403,339.9210396,-0.571467328,0.3894,0.0283,4,0,0.0848,0.009,4,0,0.1868,0.0083,4,0,6.3591,0.3627,4,0
5404,339.931974,0.204384452,0.2107,0.0013,4,0,0.066,0.0047,4,0,0.3391,0.0132,4,0,5.8062,0.1779,4,0
5405,339.942341,-0.093091872,6.0205,0.3338,4,0,1.6372,0.0394,4,0,14.2161,0.0712,4,0,187.8294,2.9511,4,0
5406,339.9539093,0.060480863,0.3911,0.0748,4,0,0.0216,0.0132,4,0,0.347,0.1845,4,0,12.7065,2.2016,4,0
5407,339.9803027,-0.539717588,1.4043,0.072,4,0,1.0818,0.0364,4,0,,,,,438.6737,6.2364,4,0
5408,340.0420904,-0.211905357,0.1449,0.0084,4,0,0.1281,0.0173,4,0,2.1268,0.1003,4,0,8.7436,0.7628,4,0
5409,340.0503754,-0.23147033,3.994,0.9346,4,0,,,,,,,,,161.5457,28.2002,4,0
5410,340.0508723,-0.245169935,1.5135,0.461,4,0,0.4729,0.369,3,0,,,,,962.6696,818.9297,4,0
5411,340.0562274,-0.244088783,2.8721,0.554,4,0,1.1982,0.1101,3,0,,,,,3458.6128,65.9157,4,0
5412,340.0625249,-0.213667712,0.5508,0.07,4,0,0.4521,0.0412,4,0,2.3396,0.1193,3,0,7.2105,0.8665,4,0
5413,340.0701835,0.926591869,22.7344,1.0758,4,0,,,,,,,,,600.135,24.2555,4,0
5414,340.0785789,0.929246382,2.5684,0.3124,4,0,0.3405,0.0469,3,0,,,,,39.1152,5.32,4,0
5415,340.1013,-0.314605085,0.6646,0.1674,4,0,0.1996,0.0538,4,0,0.5441,0.1668,4,0,11.2404,1.8865,4,0
5416,340.1152654,0.474680451,3.728,0.5,4,0,1.3228,0.1559,4,0,5.1664,0.4804,4,0,65.8147,4.9994,4,0
5417,340.1180588,-0.141894893,0.8749,0.1969,4,0,0.3218,0.0628,4,0,2.6699,0.1292,4,0,55.8135,3.9198,4,0
5418,340.1813892,-0.046706607,1.8663,0.5321,4,0,0.4713,0.1404,4,0,2.5949,0.4539,4,0,58.777,13.6458,4,0
5419,340.2168985,-0.117861901,1.1041,0.1941,4,0,0.241,0.028,4,0,1.7285,0.0897,4,0,46.4482,1.9474,4,0
5420,340.2312901,-0.104858506,0.4837,0.0776,4,0,0.309,0.0474,4,0,2.5294,0.2758,4,0,19.0803,3.901,4,0
5421,340.2353781,-0.367626182,3.4393,0.3546,4,0,1.6047,0.2714,4,0,17.9388,1.746,3,0,149.0702,21.3149,4,0
5422,340.2477195,-0.372434795,6.185,0.1655,4,0,1.4723,0.2363,4,0,,,,,731.1321,27.5884,4,0
5423,340.2702174,-0.058129986,0.7095,0.2442,4,0,0.0869,0.025,4,0,0.4898,0.0368,4,0,15.4004,2.9125,4,0
5424,340.2741419,0.511088648,0.7239,0.038,4,0,0.1569,0.0092,4,0,0.6131,0.0402,4,0,12.9936,0.8396,4,0
5425,340.3010273,-0.371147829,0.7293,0.0692,4,0,0.2418,0.005,4,0,0.9693,0.025,4,0,13.8743,0.3978,4,0
5426,340.308533,0.107247655,0.2591,0.0414,4,0,0.0793,0.0047,4,0,0.1187,0.0138,4,0,4.684,0.0332,4,0
5427,340.3549152,-0.645128939,0.1206,0.0415,4,0,0.0199,0.0058,4,0,0.0896,0.0114,4,0,0.8998,0.0925,4,0
5428,340.4034564,-0.379194494,0.9765,0.0332,4,0,0.3123,0.0213,4,0,2.5287,0.0648,4,0,27.912,0.4995,4,0
5429,340.4287249,-0.370778696,0.3602,0.0183,4,0,0.2279,0.0162,4,0,5.1378,0.0253,4,0,20.0102,0.4647,4,0
5430,340.4313297,0.130456411,0.156,0.0187,4,0,0.0632,0.0086,4,0,0.1928,0.017,4,0,8.5774,0.4109,4,0
5431,340.4383964,0.01919427,0.2464,0.0664,4,0,0.1302,0.0228,4,0,0.4858,0.0288,4,0,2.5083,0.0711,4,0
5432,340.4481292,-0.555272392,3.6418,0.315,4,0,1.2064,0.123,4,0,5.8026,0.1938,4,0,127.9059,7.0713,4,0
5433,340.4628518,-0.293526483,0.2468,0.0256,4,0,0.0308,0.0051,4,0,0.2566,0.0219,4,0,4.8543,0.2778,4,0
5434,340.4658164,-0.299525628,1.1691,0.021,4,0,0.3248,0.0182,4,0,4.9943,0.0596,4,0,35.1711,0.6779,4,0
5435,340.4893399,0.178854707,0.1321,0.0286,4,0,0.0194,0.002,4,0,0.0467,0.0078,4,0,3.0468,0.1463,4,0
5436,340.5174979,-0.151842509,0.5146,0.0222,3,0,0.1242,0.015,4,0,1.2488,0.054,4,0,32.861,1.3789,4,0
5437,340.5316157,-0.506633338,0.2307,0.0226,4,0,0.0583,0.0052,4,0,0.1924,0.0072,4,0,6.2208,0.1685,4,0
5438,340.5349036,-0.14781725,0.5319,0.1331,4,0,0.2073,0.0147,4,0,0.5508,0.0595,4,0,16.6056,1.4817,4,0
5439,340.545804,0.11496296,0.6128,0.1801,4,0,0.2351,0.0204,4,0,1.4544,0.0704,4,0,17.6655,1.2644,4,0
5440,340.5728616,0.360478399,1.6479,0.1375,4,0,0.6521,0.0313,4,0,1.6134,0.0396,4,0,47.3572,1.3889,4,0
5441,340.5981243,0.350023594,0.1663,0.0331,4,0,0.0518,0.0036,4,0,0.1173,0.0067,4,0,3.5109,0.3278,4,0
5442,340.6152636,-0.08321053,0.1919,0.0159,4,0,0.1093,0.0142,4,0,0.5736,0.0415,4,0,5.2348,0.3506,4,0
5443,340.6256077,0.350993233,0.6614,0.1276,4,0,0.3737,0.0102,4,0,2.0167,0.0184,4,0,21.7145,0.4064,4,0
5444,340.629259,-0.10723366,0.0783,0.0242,4,0,0.0534,0.0086,4,0,0.394,0.036,4,0,6.435,0.3308,4,0
5445,340.6340915,-0.643176119,0.1335,0.0078,4,0,0.0381,0.0068,3,0,0.0948,0.0118,4,0,7.7466,0.3238,4,0
5446,340.6351575,-0.670476171,0.1329,0.0274,4,0,0.048,0.0043,4,0,0.175,0.0088,4,0,0.9179,0.0422,4,0
5447,340.6599715,-0.566295334,0.3731,0.0373,4,0,0.1425,0.0145,3,0,0.4203,0.021,4,0,9.4438,1.2958,4,0
5448,340.6781143,-0.568134353,0.2139,0.0218,4,0,,,,,0.6655,0.0271,4,0,10.6654,0.5586,4,0
5449,340.7533804,-0.5998619,0.3386,0.08,4,0,0.1637,0.024,4,0,0.6969,0.0802,4,0,10.3549,1.6178,4,0
5450,340.7851828,-0.08908548,0.1089,0.0156,4,0,0.0216,0.0053,4,0,0.0422,0.0031,4,0,1.0344,0.3438,4,0
5451,340.7861163,-1.018900228,62.648,6.2204,4,0,,,,,,,,,1738.7846,358.8435,4,0
5452,340.8275446,-1.005123813,1.9285,0.212,4,0,-0.3596,0.0544,4,0,,,,,30.234,3.4431,4,0
5453,340.8614635,-0.877480987,0.3607,0.0686,4,0,0.5978,0.0266,4,0,8.3727,0.6016,4,0,7.1282,0.6334,4,0
5454,340.8711775,-0.373495428,1.6849,0.0522,4,0,0.3386,0.0317,4,0,1.1142,0.3615,3,0,24.4641,3.4866,4,0
5455,340.8773033,-0.374220728,1.7464,0.0534,4,0,0.3289,0.0419,4,0,,,,,83.9677,15.3171,4,0
5456,340.8789441,-0.368504994,0.4696,0.0806,4,0,0.0013,0.0042,4,0,1.327,0.1339,3,0,20.4103,1.3282,4,0
5457,340.8796412,-0.377445012,1.3046,0.1719,4,0,0.1346,0.0154,4,0,,,,,18.1797,7.5879,4,0
5458,340.8835687,-0.367735212,1.0785,0.1336,4,0,0.1384,0.028,4,0,1.463,0.1206,3,0,16.4859,1.5412,4,0
5459,340.894229,-0.366263817,1.1072,0.0077,4,0,0.3471,0.0653,4,0,1.0953,0.1651,3,0,24.9377,3.4809,4,0
5460,340.9004056,-0.191480814,0.1835,0.0266,4,0,0.0705,0.0106,4,0,0.1243,0.0182,4,0,2.3895,0.3625,4,0
5461,340.9023456,-0.386763713,0.1481,0.0139,4,0,0.0585,0.0053,4,0,0.1692,0.0134,4,0,4.4879,0.2294,4,0
5462,340.9265442,-0.228942533,0.2302,0.0102,4,0,0.0733,0.0094,4,0,1.0309,0.0256,4,0,24.3516,0.6384,4,0
5463,340.937642,-0.230492704,0.5924,0.0158,4,0,0.1299,0.0112,4,0,1.1094,0.0623,4,0,28.4411,1.7235,4,0
5464,340.9621587,0.103838235,0.0724,0.0173,4,0,0.0262,0.0032,4,0,0.0918,0.0064,4,0,4.1477,0.1978,4,0
5465,340.963783,-0.172929199,0.1334,0.004,4,0,0.0424,0.0037,4,0,0.2144,0.0169,4,0,6.7174,0.2046,4,0
5466,340.9735988,-0.999223013,0.6439,0.113,4,0,0.2569,0.0296,4,0,1.9126,0.1086,4,0,11.832,0.6464,4,0
5467,341.0077247,-0.639598829,4.9022,0.089,4,0,0.9598,0.0938,4,0,4.2676,0.0679,4,0,0.7241,0.0528,4,0
5468,341.0304895,0.022611823,0.376,0.22,4,0,0.0493,0.0326,4,0,0.3101,0.0817,4,0,4.6559,0.4966,4,0
5469,341.0844371,-0.250454617,0.1173,0.0042,4,0,0.038,0.0033,4,0,0.2518,0.0054,4,0,6.1721,0.1168,4,0
5470,341.1226459,0.142420264,1.935,0.1347,4,0,0.7975,0.0292,4,0,6.4413,0.071,4,0,68.4769,1.3168,4,0
5471,341.1283308,-0.345881849,5.3898,0.0604,4,0,0.7459,0.0992,4,0,,,,,226.3761,4.2635,4,0
5472,341.129091,-0.354139889,2.2842,0.4341,4,0,0.3327,0.0908,4,0,5.4884,0.6686,3,0,34.3386,5.4437,4,0
5473,341.143787,0.164085776,0.1523,0.0058,4,0,0.0423,0.0031,4,0,0.0592,0.0057,4,0,3.3805,0.1018,4,0
5474,341.2032312,-0.016137774,0.0988,0.0214,4,0,0.043,0.0042,4,0,0.1489,0.0114,4,0,6.5542,0.1694,4,0
5475,341.2103849,-0.231378436,5.5721,1.0306,4,0,-0.9913,0.1874,4,0,,,,,106.8502,15.8876,4,0
5476,341.2321616,0.337095377,0.4302,0.0339,4,0,0.063,0.0038,4,0,0.4314,0.0144,4,0,8.507,0.4832,4,0
5477,341.2369667,0.33557315,0.5158,0.0301,4,0,0.1392,0.0161,4,0,2.3043,0.1184,4,0,30.4024,0.8101,4,0
5478,341.2378513,-0.273897919,0.5483,0.1095,4,0,0.0733,0.0284,4,0,0.5702,0.1455,4,0,5.1363,2.8652,4,0
5479,341.2641643,-0.26693378,0.6351,0.2258,4,0,0.5997,0.1154,4,0,4.5851,0.3279,4,0,35.1401,6.1341,4,0
5480,341.2647638,-0.307697993,2.7145,0.1018,4,0,0.7907,0.037,4,0,11.3904,0.07,4,0,100.9539,2.0669,4,0
5481,341.2708996,0.060970165,0.1293,0.0162,4,0,0.0082,0.0022,4,0,0.0199,0.0058,4,0,4.567,2.6125,4,0
5482,341.2758768,-0.292449081,1.4354,0.0306,4,0,0.3891,0.0194,4,0,7.041,0.0638,4,0,51.808,0.5972,4,0
5483,341.2855545,0.161041333,4.937,0.6202,4,0,2.1408,0.1726,4,0,4.1356,0.167,4,0,137.3352,15.3186,4,0
5484,341.2955223,-0.432236397,0.2206,0.0984,4,0,0.0505,0.0123,4,0,0.0534,0.0145,4,0,0.5699,0.1732,4,0
5485,341.3134564,0.191214254,1.0611,0.1054,4,0,0.3905,0.053,4,0,2.533,0.0814,4,0,60.7673,2.6958,4,0
5486,341.3475544,0.842610763,-0.0321,0.0726,4,0,0.0277,0.0081,4,0,0.5208,0.0299,4,0,1.8127,0.5042,4,0
5487,341.352138,-0.249720327,0.1326,0.0239,4,0,0.0474,0.0034,4,0,0.1919,0.0133,4,0,8.2622,0.1172,4,0
5488,341.4526824,-0.237897548,0.034,0.01,4,0,0.0228,0.0058,4,0,0.0863,0.0083,4,0,1.8846,0.1306,4,0
5489,341.4595906,-0.288773706,0.1827,0.0412,4,0,0.078,0.0062,4,0,0.3196,0.0105,4,0,11.04,0.2342,4,0
5490,341.5805248,-0.269002562,0.342,0.0196,4,0,0.0734,0.0098,4,0,0.1045,0.0062,4,0,8.5819,0.7263,4,0
5491,341.6041389,0.228750668,0.2889,0.014,4,0,0.1175,0.0086,4,0,0.278,0.0188,4,0,7.2324,0.2028,4,0
5492,341.6628198,0.179638229,0.1321,0.0272,4,0,0.0237,0.0033,4,0,0.048,0.012,4,0,2.6462,0.6187,4,0
5493,341.6628691,0.185810071,0.3132,0.0294,4,0,0.062,0.0027,4,0,0.6173,0.0143,4,0,15.3847,0.4261,4,0
5494,341.6684162,0.384442805,0.0576,0.0074,4,0,0.0207,0.0014,4,0,0.0588,0.0018,4,0,0.5001,0.07,4,0
5495,341.7015618,0.051325753,1.365,0.3453,4,0,0.8493,0.1314,4,0,8.1377,0.7595,4,0,159.222,18.4166,4,0
5496,341.7763408,-0.540927252,0.0427,0.0053,4,0,0.0194,0.0031,4,0,0.0677,0.0044,4,0,1.2775,0.087,4,0
5497,341.7785482,0.09035955,0.3151,0.0976,4,0,0.1069,0.0228,4,0,0.1142,0.0159,4,0,7.5468,0.1768,4,0
5498,341.8364743,-0.411699131,0.0524,0.0088,4,0,0.0145,0.0023,4,0,0.0332,0.0021,4,0,1.375,0.0764,4,0
5499,341.91106,-0.456467151,0.3142,0.0172,4,0,0.1613,0.0164,4,0,0.5535,0.0431,4,0,16.7807,0.8082,4,0
5500,341.9274605,-0.170317172,1.9744,0.0876,4,0,0.2937,0.0134,4,0,2.0432,0.1161,4,0,46.2017,1.4537,4,0
5501,341.9335213,-0.166317292,2.2857,0.1082,4,0,0.3558,0.0184,4,0,3.6899,0.1102,4,0,41.4933,2.1587,4,0
5502,341.9480441,-0.024381261,0.0786,0.0052,4,0,0.0238,0.0038,4,0,0.0725,0.0052,4,0,2.5618,0.1129,4,0
5503,341.9617541,-0.453282939,0.5259,0.0444,4,0,0.2287,0.0068,4,0,1.3116,0.029,4,0,26.0292,0.6156,4,0
5504,341.9724646,0.22813245,0.1806,0.0292,4,0,0.0942,0.0474,4,0,2.2066,0.8803,4,0,67.6716,37.8976,4,0
5505,341.9734986,0.224821646,0.2877,0.0256,4,0,0.1985,0.0304,4,0,4.8031,0.4242,4,0,166.4343,1.3401,4,0
5506,342.0262458,-0.07087456,0.3114,0.0394,4,0,0.1547,0.0134,4,0,0.4121,0.0284,4,0,17.6454,1.2372,4,0
5507,342.0475236,-0.447690009,0.6018,0.0488,4,0,0.24,0.0056,4,0,0.4664,0.0089,4,0,15.462,0.1628,4,0
5508,342.0539239,-0.044226384,-0.5519,0.528,4,0,-0.0029,0.0043,4,0,0.0349,0.0067,4,0,2.7361,0.1228,4,0
5509,342.0608968,0.419951987,3.4086,0.3617,4,0,,,,,,,,,198.5931,11.4264,4,0
5510,342.0639116,-0.053957149,0.2334,0.0594,4,0,0.1056,0.011,4,0,0.3782,0.0211,4,0,12.1202,0.1662,4,0
5511,342.0999448,0.528467316,0.1025,0.0114,4,0,0.0608,0.005,4,0,0.1081,0.015,4,0,0.8768,0.1956,4,0
5512,342.1024994,0.501999867,0.6462,0.1849,4,0,0.1163,0.0236,4,0,0.0805,0.0242,4,0,4.8151,1.5711,4,0
5513,342.1240338,0.496739249,0.319,0.066,4,0,0.1116,0.0251,4,0,0.1413,0.0174,4,0,0.6962,0.159,4,0
5514,342.1310636,0.021166436,0.2023,0.0334,4,0,0.0649,0.0113,4,0,0.4362,0.0589,4,0,6.1386,0.4556,4,0
5515,342.1646188,0.155853843,0.0811,0.0328,4,0,0.005,0.0014,4,0,0.0052,0.0018,4,0,0.7895,0.15,4,0
5516,342.2470937,0.30566998,9.446,0.8816,4,0,2.7734,0.3169,4,0,13.5426,1.4348,4,0,281.0105,19.0983,4,0
5517,342.3189028,0.09750854,0.4584,0.0152,4,0,0.1482,0.0081,4,0,0.3446,0.0214,4,0,8.5855,0.1751,4,0
5518,342.3346784,0.020772741,0.1182,0.0126,4,0,0.0368,0.0036,4,0,0.1472,0.0103,4,0,7.759,0.3488,4,0
5519,342.3592482,0.106384377,8.9161,1.5719,4,0,2.7116,0.5634,4,0,,,,,286.1919,37.3391,4,0
5520,342.3840891,0.122590928,0.9644,0.0742,4,0,0.2343,0.0109,4,0,3.7331,0.0716,4,0,65.913,1.58,4,0
5521,342.3860839,0.071594225,0.8571,0.298,4,0,0.5399,0.2892,4,0,5.7025,3.417,4,0,25.1753,11.478,4,0
5522,342.3876956,0.075530558,0.8048,0.1212,4,0,0.6721,0.1124,4,0,8.2709,0.7182,4,0,21.9008,2.345,4,0
5523,342.3887258,-0.07194273,5.6649,0.0644,4,0,,,,,,,,,7.3544,0.3944,4,0
5524,342.3939416,0.19933267,0.547,0.0757,4,0,0.1916,0.0188,4,0,1.1068,0.0454,4,0,25.1809,0.9043,4,0
5525,342.432201,-0.056664275,0.3409,0.0168,4,0,0.0953,0.0148,4,0,0.9169,0.0438,4,0,27.6124,1.6619,4,0
5526,342.4491862,0.16897294,0.4546,0.149,4,0,0.1187,0.0504,4,0,0.2966,0.0528,4,0,15.562,0.9219,4,0
5527,342.4888472,0.183154187,0.9117,0.7722,4,0,0.2271,0.1324,4,0,0.9024,0.7134,4,0,30.7832,16.9948,4,0
5528,342.4950678,0.183466244,0.678,0.3134,4,0,0.0534,0.0041,4,0,-0.0072,0.1261,4,0,2.0351,0.3302,4,0
5529,342.5095569,0.660411312,0.0512,0.0106,4,0,0.0199,0.0023,4,0,0.1069,0.006,4,0,0.3939,0.0408,4,0
5530,342.52785,-0.30148077,0.1007,0.0112,4,0,0.0368,0.0038,4,0,0.1052,0.0101,4,0,3.6603,0.1125,4,0
5531,342.5474719,0.761208856,0.136,0.0165,4,0,0.0235,0.0054,4,0,0.074,0.0192,4,0,2.8417,0.3038,4,0
5532,342.5489012,-0.985201837,0.0699,0.0288,4,0,0.0185,0.0065,4,0,0.0964,0.0276,4,0,3.2052,2.5469,4,0
5533,342.6731299,0.006769428,0.0581,0.0251,4,0,0.0231,0.0039,4,0,0.0798,0.011,4,0,0.8934,0.1342,4,0
5534,342.7008973,0.134303933,1.4687,0.0943,4,0,0.2901,0.0316,4,0,3.4527,0.2768,3,0,53.7254,5.1258,4,0
5535,342.7011196,0.125567959,2.8672,0.999,4,0,0.3861,0.2298,4,0,,,,,204.6724,169.943,4,0
5536,342.7744093,-0.088184715,5.0786,0.0867,4,0,0.9927,0.0982,4,0,,,,,21.2885,0.3308,4,0
5537,342.8006649,-0.688846772,0.1748,0.0262,4,0,0.1037,0.0216,4,0,0.1677,0.0188,4,0,6.7,0.6283,4,0
5538,342.8207289,-0.03019418,1.0903,0.0328,4,0,0.3422,0.0347,4,0,1.2248,0.0649,4,0,39.6192,2.4866,4,0
5539,342.8295986,-0.031424235,0.822,0.0979,4,0,0.2139,0.0371,4,0,0.6871,0.0498,4,0,18.621,0.6742,4,0
5540,342.8748913,0.46719107,0.1215,0.0564,4,0,0.0252,0.0018,4,0,0.0672,0.0055,4,0,0.3021,0.0509,4,0
5541,342.9016569,-0.08040761,0.545,0.1934,4,0,0.1137,0.0152,4,0,1.2317,0.0592,4,0,30.1501,2.8158,4,0
5542,342.9257331,-0.647245933,0.3323,0.0078,4,0,0.1323,0.0138,4,0,0.8577,0.0446,4,0,7.4193,0.6179,4,0
5543,342.9880947,-0.026770829,0.0399,0.0383,4,0,0.0207,0.0009,4,0,0.0545,0.0022,4,0,1.3345,0.0529,4,0
5544,343.0131305,0.16823484,0.1168,0.0052,4,0,0.0553,0.0034,4,0,0.0964,0.0134,4,0,1.3707,0.1279,4,0
5545,343.0238472,-0.488174384,0.0466,0.0197,4,0,0.0108,0.0017,4,0,0.0364,0.0042,4,0,0.5413,0.0983,4,0
5546,343.1597599,0.048316032,0.223,0.0172,4,0,0.0622,0.0063,4,0,0.1169,0.0113,4,0,4.4069,0.5167,4,0
5547,343.1902156,0.703001398,0.1735,0.0048,4,0,0.0648,0.0047,4,0,0.0841,0.0056,4,0,2.0248,0.3008,4,0
5548,343.231338,-0.070478326,0.2037,0.0088,4,0,0.0654,0.0042,4,0,1.1563,0.0616,4,0,11.9197,0.4903,4,0
5549,343.2327858,-0.076321333,0.3357,0.0762,4,0,0.1367,0.0059,4,0,0.7051,0.0292,4,0,23.2015,1.904,4,0
5550,343.2421092,0.736438251,0.1989,0.0106,4,0,0.0733,0.0142,4,0,0.0984,0.0137,4,0,3.3973,0.432,4,0
5551,343.2426786,-0.718754596,0.1889,0.051,4,0,0.057,0.0106,4,0,0.0431,0.0096,4,0,1.8543,0.2107,4,0
5552,343.2481571,0.709532402,0.2178,0.0313,4,0,0.1072,0.002,4,0,0.2186,0.0132,4,0,6.4538,0.1622,4,0
5553,343.2929732,0.163096684,0.2912,0.0289,4,0,0.0794,0.0066,4,0,0.3256,0.0372,4,0,8.8265,0.9647,4,0
5554,343.2995442,0.172557031,0.2937,0.0512,4,0,0.1012,0.0162,4,0,0.5059,0.0772,4,0,14.1048,1.1762,4,0
5555,343.3457861,-0.539177075,0.0452,0.0102,4,0,0.0228,0.0026,4,0,0.0501,0.003,4,0,0.8724,0.0546,4,0
5556,343.3513456,-0.078740931,66.3516,2.7959,4,0,,,,,,,,,864.182,27.4414,4,0
5557,343.3666954,-0.234448664,0.2105,0.0462,4,0,0.2162,0.0318,4,0,4.027,0.3131,4,0,10.6422,1.2652,4,0
5558,343.3866883,-0.517285953,2.29,0.1717,4,0,0.739,0.0436,4,0,1.6349,0.0732,4,0,39.6071,2.4958,4,0
5559,343.3940735,-0.321637661,0.1682,0.0457,4,0,0.0536,0.0108,4,0,0.0938,0.0354,4,0,3.7423,0.3849,4,0
5560,343.3991677,0.132101208,0.3103,0.0112,4,0,0.0981,0.01,4,0,0.1333,0.0145,4,0,7.7854,0.4448,4,0
5561,343.4437543,-0.202536628,0.1561,0.0376,4,0,0.0541,0.0127,4,0,0.2566,0.035,4,0,8.992,0.8459,4,0
5562,343.501795,-0.477804376,0.836,0.1676,4,0,0.0792,0.0081,4,0,1.5216,0.0276,4,0,20.7748,3.8712,4,0
5563,343.502155,-0.015221268,16.9815,1.0838,4,0,,,,,,,,,836.3376,16.4524,4,0
5564,343.5763139,-0.61768757,0.1614,0.0673,4,0,0.0894,0.0261,4,0,0.1158,0.0341,4,0,2.3654,0.2332,4,0
5565,343.6193005,0.952335411,0.3696,0.099,4,0,0.2513,0.0253,4,0,3.9778,0.172,4,0,6.6507,1.0452,4,0
5566,343.6234309,-0.666050168,0.1316,0.0356,4,0,0.0792,0.0085,4,0,0.9763,0.0858,4,0,1.2889,0.2346,4,0
5567,343.6316139,0.987629741,0.1176,0.0106,4,0,0.0684,0.0086,4,0,0.4246,0.019,4,0,0.4786,0.1409,4,0
5568,343.6882863,-0.019938667,3.9723,0.0604,4,0,1.1516,0.1216,4,0,6.1059,0.6132,4,0,104.8363,4.9784,4,0
5569,343.7213672,-0.222399397,5.1224,0.3006,4,0,1.6669,0.1928,4,0,,,,,276.0525,20.9049,4,0
5570,343.7244132,-0.40296171,0.578,0.1008,4,0,0.1538,0.0136,4,0,0.363,0.042,4,0,0.3807,0.1323,4,0
5571,343.7374293,-0.233530885,0.4154,0.0324,4,0,0.2024,0.0164,4,0,0.6487,0.0126,3,0,5.1384,0.4273,4,0
5572,343.7809688,-0.023119815,0.7358,0.0631,4,0,0.294,0.0254,4,0,0.445,0.0332,4,0,25.2356,1.1773,4,0
5573,343.806232,-0.76291872,0.0773,0.0402,4,0,0.0156,0.0072,4,0,0.0361,0.0104,4,0,0.4115,0.104,4,0
5574,343.8126345,0.229045521,0.8957,0.0438,4,0,0.34,0.032,4,0,2.7528,0.1164,4,0,56.7946,2.9528,4,0
5575,343.813393,0.145336678,0.1828,0.0052,4,0,0.0889,0.0042,4,0,1.6159,0.0488,4,0,32.2178,0.2775,4,0
5576,343.8347829,-0.359461057,0.0379,0.0104,4,0,0.027,0.0024,4,0,0.1312,0.01,4,0,1.1537,0.1713,4,0
5577,343.8361755,-0.365121638,0.0233,0.0014,4,0,0.0087,0.0014,4,0,0.0598,0.0074,4,0,0.7267,0.1689,4,0
5578,343.8560838,-0.098751487,5.5455,1.2508,4,0,1.4729,0.5668,4,0,9.4272,1.2202,4,0,153.0589,31.9056,4,0
5579,343.8935843,0.015175462,0.0844,0.0222,4,0,0.0235,0.0034,4,0,0.0975,0.0055,4,0,4.6419,0.2488,4,0
5580,343.9043735,0.104099028,0.1373,0.0346,4,0,0.02,0.0054,4,0,0.2529,0.0114,4,0,5.32,0.1826,4,0
5581,343.9084325,0.118404042,0.2279,0.0256,4,0,0.037,0.0057,4,0,0.2441,0.0351,4,0,9.704,0.5134,4,0
5582,343.909616,0.111304128,0.7159,0.1111,4,0,0.2013,0.028,4,0,0.9881,0.0938,4,0,27.6583,1.5823,4,0
5583,343.9571037,-0.184689233,1.3382,0.2632,4,0,0.4173,0.0678,4,0,0.9942,0.1154,4,0,36.8432,4.4896,4,0
5584,343.9573576,0.151742684,0.1745,0.04,4,0,0.0728,0.0041,4,0,0.3944,0.0205,4,0,13.1905,0.214,4,0
5585,344.0231941,-0.146320462,0.0729,0.012,4,0,0.0245,0.0004,4,0,0.0513,0.0028,4,0,0.4093,0.0977,4,0
5586,344.0312084,-0.350697653,0.2629,0.0174,4,0,0.0747,0.0033,4,0,0.1309,0.0052,4,0,5.8781,0.2042,4,0
5587,344.0651784,0.121562838,1.0063,0.0384,4,0,0.3375,0.0116,4,0,0.8413,0.0151,4,0,11.3751,0.2646,4,0
5588,344.1030691,-0.661234851,1.2349,0.0126,4,0,0.2434,0.0093,4,0,6.6938,0.0682,4,0,117.6136,2.772,4,0
5589,344.1191136,-0.352768541,0.1734,0.0256,4,0,0.0692,0.0088,4,0,0.2579,0.0202,4,0,1.9959,0.1568,4,0
5590,344.1554157,0.494376241,0.1151,0.0176,4,0,0.0436,0.009,4,0,0.0732,0.0135,4,0,2.4265,0.2824,4,0
5591,344.1663556,0.204696943,0.6649,0.1608,4,0,0.1417,0.0022,4,0,0.3476,0.0102,4,0,12.2752,1.0297,4,0
5592,344.1752349,0.013736264,0.1384,0.0132,4,0,0.0486,0.0033,4,0,0.0765,0.0031,4,0,3.1526,0.0714,4,0
5593,344.1952499,-0.038145093,0.2554,0.0097,4,0,0.0802,0.0095,4,0,0.2199,0.0152,4,0,9.3507,0.5097,4,0
5594,344.1976968,-0.54498763,0.9945,0.2569,4,0,0.5085,0.039,4,0,3.8852,0.0808,4,0,42.2603,1.7154,4,0
5595,344.2007246,0.142469233,0.0917,0.0243,4,0,0.1043,0.007,4,0,1.473,0.0662,4,0,2.9061,0.2734,4,0
5596,344.2157789,-0.622217206,0.12,0.0044,4,0,0.0133,0.0019,4,0,0.1478,0.0136,4,0,1.7363,0.3154,4,0
5597,344.2215178,-0.625108142,0.3058,0.0687,4,0,0.0717,0.0106,4,0,0.5406,0.0474,4,0,18.4872,0.4024,4,0
5598,344.2222189,-0.596586872,15.1911,1.2694,4,0,,,,,,,,,1526.4785,66.1776,4,0
5599,344.225313,-0.169269178,0.1694,0.0192,4,0,0.0449,0.0035,4,0,0.0821,0.0066,4,0,1.6706,0.0888,4,0
5600,344.3339135,-0.083994788,0.1799,0.0264,4,0,0.0753,0.0028,4,0,0.1842,0.0094,4,0,0.8404,0.0501,4,0
5601,344.3341177,0.133638964,0.0664,0.0054,4,0,0.034,0.0032,4,0,0.1378,0.0064,4,0,3.5967,0.1176,4,0
5602,344.4019463,0.457694596,3.5167,0.0322,4,0,0.8432,0.1456,4,0,2.7354,0.0265,4,0,1.1994,0.046,4,0
5603,344.4176138,0.037454979,7.2588,0.9096,4,0,,,,,,,,,216.2091,9.2745,4,0
5604,344.4211459,0.032923602,3.2242,1.499,4,0,,,,,,,,,52.0274,32.9116,4,0
5605,344.4263942,0.044057904,19.1469,3.8156,4,0,,,,,,,,,959.9499,160.5337,4,0
5606,344.4481081,0.989809382,0.0671,0.0114,4,0,0.028,0.0032,4,0,0.0787,0.0078,4,0,0.5371,0.1268,3,0
5607,344.4715388,-0.085978624,0.0198,0.0291,4,0,0.0159,0.0044,4,0,0.0273,0.0052,4,0,1.416,0.1422,4,0
5608,344.5031175,-0.335970502,1.0668,0.0727,4,0,0.3457,0.0409,4,0,0.5245,0.0542,4,0,20.3001,2.093,4,0
5609,344.5334445,-0.419649066,7.6404,0.0914,4,0,1.2825,0.1892,4,0,,,,,37.8619,0.3236,4,0
5610,344.5966725,0.189828529,0.8052,0.035,4,0,0.1311,0.0044,4,0,0.3446,0.0295,4,0,9.2674,0.6438,4,0
5611,344.5974628,0.62124518,0.1304,0.005,4,0,0.0879,0.0044,4,0,1.565,0.0162,4,0,1.4353,0.0426,4,0
5612,344.5993187,0.185624308,0.6225,0.0269,4,0,0.1773,0.0162,4,0,1.1298,0.067,4,0,9.234,0.2672,4,0
5613,344.7241313,-0.505886038,0.5674,0.0078,4,0,0.2447,0.01,4,0,1.0468,0.059,4,0,6.8645,0.1864,4,0
5614,344.7776545,-0.089475047,0.2114,0.0443,4,0,0.115,0.0137,4,0,0.6005,0.0292,4,0,9.1431,0.6486,4,0
5615,344.7777451,-0.213594474,0.2557,0.0364,4,0,0.0251,0.0017,4,0,0.2185,0.0134,4,0,5.7174,0.0964,4,0
5616,344.7817705,-0.21336985,0.086,0.0146,4,0,0.0074,0.0012,4,0,0.0428,0.0054,4,0,1.0475,0.0845,4,0
5617,344.8042307,-0.270515397,0.1347,0.0588,4,0,0.0613,0.013,4,0,0.2819,0.1464,3,0,5.3891,1.275,4,0
5618,344.8306053,-0.25404537,0.4504,0.0594,4,0,0.1702,0.008,4,0,0.4817,0.0115,4,0,11.8185,0.2564,4,0
5619,344.8341149,-0.530707081,0.0727,0.0096,4,0,0.0219,0.0018,4,0,0.1606,0.0102,4,0,0.278,0.0279,4,0
5620,344.8673811,0.239075958,0.1157,0.0088,4,0,0.0397,0.0039,4,0,0.1767,0.0123,4,0,3.8788,0.1156,4,0
5621,344.9099392,0.246371837,0.373,0.0331,4,0,0.1885,0.014,4,0,1.9501,0.058,4,0,34.54,1.1888,4,0
5622,344.9421141,0.198393039,1.1776,0.0606,4,0,0.2913,0.0258,4,0,0.4573,0.0378,4,0,31.2527,1.2108,4,0
5623,344.942613,-0.224368382,1.6475,0.111,4,0,0.4143,0.0222,4,0,1.3659,0.0516,4,0,30.5245,1.275,4,0
5624,344.9779985,-0.896610558,0.3295,0.0323,4,0,0.1288,0.0048,4,0,0.3504,0.0074,4,0,4.103,0.0758,4,0
5625,344.9819532,0.102606767,0.0565,0.0148,4,0,0.0181,0.0028,4,0,0.0444,0.0064,4,0,0.1821,0.0745,4,0
5626,344.9892976,-0.277184011,4.6586,0.2274,4,0,0.8804,0.0276,4,0,,,,,172.5787,3.3632,4,0
5627,344.9908954,-0.26714383,3.1442,0.2524,4,0,0.6573,0.0491,4,0,,,,,155.9879,18.8744,4,0
5628,345.016962,-0.448212612,0.2876,0.0674,4,0,0.0754,0.0254,4,0,0.1171,0.0236,4,0,6.4065,0.4916,4,0
5629,345.0268095,-0.046689586,0.4604,0.03,4,0,0.1529,0.0102,4,0,0.2155,0.0138,4,0,9.1212,0.3808,4,0
5630,345.0464597,1.033357579,0.6785,0.0954,4,0,0.1947,0.0164,4,0,1.1015,0.1415,3,0,19.3747,0.78,4,0
5631,345.0992746,-0.61093541,3.7274,0.4351,4,0,0.8905,0.0863,4,0,1.1434,0.1578,4,0,52.5439,3.5745,4,0
5632,345.1353952,-0.174427148,1.016,0.1339,4,0,0.2184,0.0566,4,0,0.7488,0.1476,4,0,40.3293,9.9517,4,0
5633,345.1557006,-0.418730591,0.0739,0.0049,4,0,0.0317,0.004,4,0,0.0834,0.0026,4,0,1.4707,0.0244,4,0
5634,345.1923342,-0.208953984,0.1789,0.0444,4,0,0.0584,0.0052,4,0,0.1174,0.0088,4,0,4.8917,0.1605,4,0
5635,345.2109577,-0.541130784,1.8826,0.1822,4,0,0.7049,0.0594,4,0,2.8797,0.1662,4,0,46.6909,3.2334,4,0
5636,345.2213936,1.007671539,0.8182,0.0904,4,0,0.2815,0.0107,3,0,5.3861,0.1898,3,0,23.1084,2.2934,4,0
5637,345.2464905,-0.588277335,0.2047,0.0154,4,0,0.0655,0.0016,4,0,0.2678,0.0088,4,0,3.622,0.0882,4,0
5638,345.2491817,-0.597991991,0.2062,0.0232,4,0,0.0657,0.0065,4,0,0.2138,0.0088,4,0,3.2987,0.2386,4,0
5639,345.2855716,0.929992682,1.3276,0.2086,4,0,0.33,0.0536,4,0,3.3797,0.1452,4,0,29.5614,1.5558,4,0
5640,345.3287481,1.018777205,4.0761,0.6726,4,0,,,,,,,,,95.0509,6.1012,4,0
5641,345.3484231,-0.663215973,0.0854,0.0128,4,0,0.0303,0.0046,4,0,0.0471,0.0036,4,0,1.5761,0.1782,4,0
5642,345.3525415,-0.676120688,0.2144,0.0357,4,0,0.0751,0.0071,4,0,0.1086,0.0127,4,0,3.1963,0.1487,4,0
5643,345.3747778,0.148732134,0.0367,0.006,4,0,0.0131,0.0022,4,0,0.0513,0.0026,4,0,0.9677,0.069,4,0
5644,345.3764962,-0.902402387,5.3894,0.6256,4,0,2.1957,0.1633,4,0,,,,,134.6605,13.088,4,0
5645,345.4021334,0.103778948,0.5256,0.0692,4,0,0.1813,0.0121,4,0,0.5402,0.025,4,0,18.6715,0.7244,4,0
5646,345.4023643,-0.947510565,28.5079,4.3112,4,0,,,,,,,,,76.7209,983.324,4,0
5647,345.4405591,0.203862627,0.5011,0.1064,4,0,0.4765,0.0512,4,0,5.3274,0.403,4,0,77.3088,0.8131,4,0
5648,345.4738364,-0.112381749,-0.5686,0.6055,4,0,0.0324,0.008,4,0,0.3218,0.0326,4,0,17.911,1.2172,4,0
5649,345.4881903,0.315673912,13.9303,0.6282,4,0,,,,,,,,,3704.3908,81.4257,4,0
5650,345.4915914,0.30342546,4.1926,0.7226,4,0,,,,,,,,,114.6034,14.9984,4,0
5651,345.4973631,0.352614104,7.3036,1.4913,4,0,,,,,,,,,49.2488,28.1446,4,0
5652,345.5014979,-0.863710022,0.2858,0.066,4,0,0.1212,0.0084,4,0,0.2947,0.0294,4,0,5.521,0.5658,4,0
5653,345.5056185,0.876190994,0.2283,0.0319,4,0,0.1005,0.0092,4,0,0.3647,0.0212,4,0,1.8622,0.0532,4,0
5654,345.508743,-0.324047566,0.7922,0.0358,4,0,0.3246,0.0122,4,0,0.5642,0.0216,4,0,12.3894,0.1098,4,0
5655,345.528004,-0.05091922,2.4431,0.2784,4,0,1.0723,0.1983,4,0,10.0708,0.4338,4,0,110.1075,12.7452,4,0
5656,345.5444427,0.958501954,0.2998,0.014,4,0,0.0691,0.0044,4,0,0.23,0.0082,4,0,4.8324,0.1504,4,0
5657,345.5502093,0.960904757,0.4067,0.034,4,0,0.1101,0.0102,4,0,0.1919,0.0146,4,0,7.383,0.4374,4,0
5658,345.5502575,0.417030643,0.059,0.0066,4,0,0.1086,0.0104,4,0,1.4886,0.1291,4,0,1.1718,0.0826,4,0
5659,345.5502714,0.532278356,0.157,0.0356,4,0,0.0518,0.0088,4,0,0.414,0.0514,4,0,2.925,0.2895,4,0
5660,345.6350908,-0.233734219,0.5475,0.0945,4,0,0.1626,0.011,4,0,0.2193,0.028,4,0,8.8606,0.5468,4,0
5661,345.6485209,0.015375156,1.0628,0.1812,4,0,0.2061,0.06,3,0,,,,,-28.1277,81.5497,4,0
5662,345.649055,0.008138471,6.36,0.7523,4,0,,,,,,,,,2668.337,77.2859,4,0
5663,345.7187901,0.14890155,1.0539,0.3337,4,0,0.9618,0.1094,4,0,,,,,43.5474,6.9748,4,0
5664,345.7456835,0.068239288,0.3449,0.086,4,0,0.0658,0.0078,4,0,0.4026,0.0283,4,0,10.2345,1.1744,4,0
5665,345.7515029,0.07271496,0.5726,0.0567,4,0,0.1676,0.0155,4,0,0.692,0.038,4,0,18.6838,0.841,4,0
5666,345.7771544,-0.169690987,0.0431,0.0042,4,0,0.0209,0.0006,4,0,0.0858,0.0036,4,0,1.2797,0.0296,4,0
5667,345.8032744,0.047809855,1.7511,0.0758,4,0,0.719,0.031,4,0,,,,,117.8534,4.5032,4,0
5668,345.8479147,0.019288173,3.5021,0.2892,4,0,1.065,0.0762,4,0,4.1926,0.1126,4,0,98.5092,2.3333,4,0
5669,345.8518651,-0.345404249,1.4399,0.0674,4,0,0.4668,0.038,4,0,0.4786,0.069,4,0,11.0761,0.7516,4,0
5670,345.8591891,-0.355595088,0.3363,0.0331,4,0,0.0889,0.0111,4,0,0.1297,0.0151,4,0,4.1557,0.166,4,0
5671,345.8627045,-0.1873329,0.9756,0.0385,4,0,0.3711,0.0122,4,0,1.6612,0.0383,4,0,18.1577,0.3562,4,0
5672,345.9005338,0.448803716,1.2118,0.7688,4,0,0.1658,0.0211,4,0,0.7298,0.0304,4,0,5.0681,0.4658,4,0
5673,345.9011174,-0.397860042,0.0862,0.0075,4,0,0.0328,0.0031,4,0,0.0575,0.006,4,0,1.2633,0.066,4,0
5674,345.9056845,-0.565844902,0.0735,0.0245,4,0,0.0346,0.0052,4,0,0.0839,0.0144,4,0,0.6732,0.0772,4,0
5675,345.9140119,-0.1261929,0.1445,0.0032,4,0,0.0511,0.0067,4,0,0.1967,0.02,4,0,3.7589,0.1952,4,0
5676,345.9175508,0.002154744,2.7966,0.3176,4,0,0.696,0.0506,4,0,4.1115,0.3888,4,0,58.4636,2.303,4,0
5677,345.941452,-0.08384648,0.206,0.1132,4,0,0.0064,0.0008,4,0,0.0429,0.0076,4,0,2.502,0.0727,4,0
5678,345.9808701,-0.020727671,0.3601,0.0258,4,0,0.0571,0.0129,4,0,0.2543,0.0234,4,0,5.4307,0.8778,4,0
5679,346.0388572,0.048539171,0.6273,0.0315,4,0,0.2057,0.0338,4,0,1.2472,0.1101,4,0,96.8723,5.6242,4,0
5680,346.0502976,-0.081042812,0.2963,0.0162,4,0,0.0935,0.0097,4,0,0.68,0.0302,4,0,8.9395,0.346,4,0
5681,346.0578957,-0.02395151,0.6903,0.148,4,0,0.8767,0.1358,4,0,,,,,41.5452,3.4906,4,0
5682,346.0766474,-0.0567873,6.4409,1.0192,4,0,1.587,0.527,4,0,,,,,250.6044,45.6582,4,0
5683,346.1628713,-0.132596916,1.0165,0.0844,4,0,0.3895,0.0415,4,0,3.2982,0.1776,4,0,61.6225,2.444,4,0
5684,346.1941938,-0.060055793,0.2619,0.0162,4,0,0.0717,0.0092,4,0,0.3404,0.0222,4,0,11.4976,0.3156,4,0
5685,346.1957727,0.039737874,0.7524,0.1426,4,0,0.3217,0.0474,4,0,1.6768,0.1234,4,0,51.537,2.548,4,0
5686,346.2114766,0.316501353,0.0908,0.0339,4,0,0.0287,0.0021,4,0,0.0423,0.0028,4,0,2.0643,0.1417,4,0
5687,346.2327936,-0.320151473,1.2222,0.1656,4,0,0.7297,0.0362,4,0,,,,,138.0836,2.9539,4,0
5688,346.2659701,0.27682147,0.1754,0.0177,4,0,0.0439,0.0027,4,0,0.1915,0.0146,4,0,5.5399,0.7775,4,0
5689,346.2773846,0.09650097,-0.0438,0.1502,4,0,0.0232,0.0027,4,0,0.2137,0.0186,4,0,5.3521,0.0647,4,0
5690,346.2805723,0.060855432,0.3757,0.0409,4,0,0.1261,0.0182,4,0,0.6043,0.0451,4,0,17.8068,1.3709,4,0
5691,346.2954339,-0.163049184,0.433,0.0038,4,0,0.0881,0.0111,4,0,0.2291,0.0177,4,0,6.9162,0.5924,4,0
5692,346.30168,-0.166744908,0.2957,0.0142,4,0,0.0761,0.0081,4,0,0.1025,0.0104,4,0,3.051,0.268,4,0
5693,346.3065105,0.325051194,0.0915,0.0445,4,0,-0.0319,0.0326,4,0,-0.0858,0.1212,4,0,4.9523,0.1626,4,0
5694,346.3168838,-0.478962911,3.9743,0.027,4,0,0.6376,0.06,4,0,2.461,0.0496,4,0,0.4281,0.0546,4,0
5695,346.3238687,-0.172398816,0.5089,0.0768,4,0,0.147,0.0056,4,0,0.3277,0.018,4,0,7.7232,0.3213,4,0
5696,346.3264793,0.125008673,1.9377,0.0807,4,0,0.7913,0.0834,4,0,3.7098,0.1843,4,0,26.0038,1.356,4,0
5697,346.4052978,-0.143786822,0.2209,0.0312,4,0,0.068,0.001,4,0,0.1707,0.0064,4,0,4.617,0.3952,4,0
5698,346.4148855,0.255427938,1.2545,0.1355,4,0,0.3417,0.012,4,0,0.4753,0.031,4,0,18.7691,0.2592,4,0
5699,346.4217093,0.278487532,1.1875,0.1592,4,0,0.3499,0.0524,4,0,2.3882,0.1853,4,0,63.1145,10.7784,4,0
5700,346.4638004,0.948335522,1.1734,0.0458,4,0,0.2968,0.0138,4,0,1.6606,0.034,4,0,21.2674,0.6551,4,0
5701,346.4953271,0.352546131,1.0985,0.2262,4,0,0.484,0.0678,4,0,1.5222,0.0975,4,0,37.2153,3.6008,4,0
5702,346.5082388,0.255114958,0.1219,0.0228,4,0,0.0843,0.0051,4,0,0.1728,0.0156,4,0,2.6544,0.1716,4,0
5703,346.5229659,0.083629905,2.3124,0.7061,4,0,1.8658,0.1975,4,0,,,,,389.3824,29.5689,4,0
5704,346.7011797,-0.021699308,0.4287,0.0388,4,0,0.1041,0.0046,4,0,0.3165,0.0138,4,0,14.9599,0.5619,4,0
5705,346.8210064,-0.072711813,0.1302,0.0279,4,0,0.1268,0.0085,4,0,0.9436,0.0287,4,0,9.8265,0.4862,4,0
5706,346.8585239,0.343063403,-0.1785,0.1802,4,0,0.0077,0.0028,4,0,0.04,0.0092,4,0,1.8305,0.0854,4,0
5707,346.8604797,0.306352023,0.2525,0.0452,4,0,0.1325,0.0052,4,0,0.351,0.0125,4,0,14.1326,0.4237,4,0
5708,346.9494727,-0.041549135,1.7458,0.6412,4,0,0.6893,0.1846,4,0,0.5422,0.1918,4,0,1.7577,0.1086,4,0
5709,346.9623046,-0.114398677,0.29,0.0784,4,0,0.1389,0.0115,4,0,0.2547,0.0166,4,0,4.894,0.5026,4,0
5710,346.9725009,0.151782532,0.3926,0.0173,4,0,0.1221,0.0098,4,0,0.4238,0.0242,4,0,11.7628,0.5664,4,0
5711,347.1233342,0.268279317,0.2948,0.037,4,0,0.0521,0.0074,4,0,0.1329,0.0148,4,0,4.6303,0.2121,4,0
5712,347.1272524,0.277815214,1.2738,0.0971,4,0,0.4787,0.0203,4,0,1.6624,0.052,4,0,30.7798,0.5412,4,0
5713,347.2070069,-0.096551703,0.3056,0.1232,4,0,0.0336,0.0143,4,0,0.6993,0.5358,4,0,12.9474,8.6952,4,0
5714,347.2359654,0.309096933,0.7371,0.0721,4,0,0.2685,0.0247,4,0,0.5294,0.032,4,0,17.5015,1.8819,4,0
5715,347.266143,0.02020862,11.9332,1.1474,4,0,,,,,,,,,82.6484,3.0242,4,0
5716,347.2944625,0.131878763,0.7801,0.0185,4,0,0.3212,0.0233,4,0,3.6931,0.1318,4,0,219.0726,5.0558,4,0
5717,347.3643275,0.133994992,1.3414,0.0357,4,0,0.4265,0.0356,4,0,0.9753,0.0581,4,0,25.6004,1.2094,4,0
5718,347.4236831,0.607028828,2.7911,0.0444,4,0,0.8048,0.1188,4,0,2.6737,0.017,4,0,0.7504,0.0567,4,0
5719,347.45456,-0.146593349,0.1679,0.0126,4,0,0.0628,0.0025,4,0,0.0571,0.0069,4,0,2.4953,0.0918,4,0
5720,347.5119955,-0.551947005,0.153,0.0535,4,0,0.0731,0.0075,4,0,0.3565,0.013,4,0,6.6108,0.1784,4,0
5721,347.5510123,0.171488126,0.4648,0.1,4,0,0.1997,0.017,4,0,0.3828,0.0326,4,0,10.6574,0.5621,4,0
5722,347.583732,0.212637688,7.2435,0.3102,4,0,,,,,,,,,271.8082,2.7917,4,0
5723,347.5909113,0.217879215,1.4895,0.193,4,0,,,,,,,,,41.8212,1.6624,4,0
5724,347.6000274,0.244174254,1.8408,0.245,4,0,0.8083,0.0495,4,0,,,,,112.6334,7.0913,4,0
5725,347.6143299,0.15163755,3.8907,0.476,4,0,,,,,,,,,194.542,12.5754,4,0
5726,347.6302955,0.213503871,3.2799,0.2512,4,0,0.7026,0.1188,4,0,,,,,163.4535,8.0552,4,0
5727,347.7345237,-0.299478152,1.0846,0.1332,4,0,0.3127,0.046,4,0,0.2777,0.0387,4,0,17.1179,0.5069,4,0
5728,347.7511086,0.227086816,0.6409,0.0342,4,0,0.1904,0.0162,4,0,1.723,0.0576,4,0,16.9525,0.4628,4,0
5729,347.7584297,0.762081051,0.2359,0.0171,4,0,0.0726,0.0024,4,0,0.1375,0.0096,4,0,3.1332,0.5319,4,0
5730,347.7842272,0.283727159,0.5338,0.1314,4,0,0.1515,0.0069,4,0,1.1092,0.0512,4,0,14.0536,0.2589,4,0
5731,347.7852307,-0.458034704,0.1014,0.0119,4,0,0.0574,0.0024,4,0,0.4247,0.032,4,0,0.9667,0.0836,4,0
5732,347.8624013,0.018761242,1.1955,0.0256,4,0,0.2169,0.0149,4,0,2.4109,0.1033,3,0,41.2723,2.1804,4,0
5733,347.8673699,0.020693983,0.8864,0.0177,4,0,0.164,0.0074,4,0,2.7511,0.0301,3,0,27.359,1.4248,4,0
5734,347.8715283,0.014517265,0.589,0.0205,4,0,0.2248,0.0202,4,0,,,,,276.0314,6.3324,4,0
5735,347.871966,-0.313752453,8.1337,0.446,4,0,2.744,0.2958,4,0,17.0996,1.356,4,0,253.8271,25.533,4,0
5736,347.8799526,-0.294257546,0.4217,0.059,4,0,0.0827,0.0043,4,0,0.4613,0.0645,4,0,3.3764,0.1358,4,0
5737,347.8837338,0.025201416,0.3052,0.0369,4,0,0.097,0.0064,3,0,1.5519,0.0561,3,0,11.4057,0.6987,4,0
5738,347.8849322,-0.289583803,0.3936,0.227,4,0,0.1898,0.0085,4,0,1.4959,0.0627,4,0,16.61,1.1065,4,0
5739,347.8939378,-0.170939305,0.5735,0.1218,4,0,0.5394,0.0124,4,0,4.3752,0.1452,4,0,58.781,0.738,4,0
5740,347.8957727,-0.28919324,0.1069,0.0272,4,0,0.036,0.0087,4,0,0.5293,0.0506,4,0,7.743,0.8068,4,0
5741,347.8979016,0.043310206,2.6031,0.3198,4,0,,,,,,,,,94.0534,6.3584,4,0
5742,347.9031467,0.049211057,5.78,1.2146,4,0,,,,,,,,,206.8804,36.5696,4,0
5743,347.9182788,-0.761431875,2.0661,0.0693,4,0,1.3232,0.0657,4,0,,,,,103.0623,6.9602,4,0
5744,347.9507844,0.047281224,0.6703,0.048,4,0,0.2413,0.0114,4,0,0.3626,0.019,4,0,10.5762,0.3871,4,0
5745,347.9658698,-0.431665396,4.061,0.3147,4,0,1.1856,0.0396,4,0,,,,,231.0264,12.2432,4,0
5746,347.9767778,-0.430020196,2.1875,0.1377,4,0,0.4633,0.0478,4,0,2.1582,0.4179,3,0,41.6256,4.7303,4,0
5747,347.9833724,0.913330206,0.0733,0.0086,4,0,0.0193,0.0022,4,0,0.0145,0.0014,4,0,0.1559,0.0378,4,0
5748,347.989835,0.056531697,1.1025,0.0412,4,0,0.3643,0.0306,4,0,1.2274,0.0912,4,0,29.1585,1.6157,4,0
5749,348.0322394,0.050547308,0.6163,0.0307,4,0,0.1859,0.0174,4,0,0.2283,0.0114,4,0,4.4,0.2207,4,0
5750,348.033561,0.385152087,-0.1904,0.2364,4,0,-0.0207,0.023,4,0,0.0643,0.2441,4,0,1.2802,0.1488,4,0
5751,348.0351607,1.28e-05,0.1736,0.0279,4,0,0.1097,0.0073,4,0,0.2675,0.0268,4,0,5.17,0.1942,4,0
5752,348.0363884,0.38099035,3.0843,0.0326,4,0,0.4292,0.0265,4,0,2.6855,0.1814,4,0,0.7247,0.1464,4,0
5753,348.0685438,0.164248658,0.7397,0.0664,4,0,0.7689,0.0682,4,0,10.2083,0.5336,4,0,41.5508,3.7519,4,0
5754,348.1167209,-0.32156577,0.127,0.0132,4,0,0.0513,0.0011,4,0,0.1982,0.0078,4,0,2.8314,0.0987,4,0
5755,348.1483075,0.254968587,3.3058,0.1469,4,0,2.1716,0.1674,4,0,15.0237,0.453,4,0,134.339,11.4702,4,0
5756,348.2344485,-0.980064345,8.5872,4.4634,4,0,,,,,,,,,199.2656,10.2232,4,0
5757,348.2935965,0.434692974,1.9747,0.1572,4,0,0.3042,0.068,4,0,1.1531,0.1791,4,0,29.8758,3.2731,4,0
5758,348.3031168,0.432938675,1.2307,0.0792,4,0,0.3168,0.034,4,0,2.0687,0.0376,4,0,17.8523,0.4213,4,0
5759,348.3051674,-0.295956804,0.2465,0.021,4,0,0.0554,0.0028,4,0,0.1217,0.0082,4,0,1.3224,0.1442,4,0
5760,348.3132645,0.625616281,0.1034,0.0184,4,0,0.0483,0.0079,4,0,0.2055,0.0138,4,0,2.9037,0.322,4,0
5761,348.3510866,0.151961856,0.2354,0.0631,4,0,0.0918,0.0074,4,0,1.0006,0.1039,4,0,30.8358,1.0022,4,0
5762,348.374984,0.083995327,0.1648,0.0268,4,0,0.0524,0.0044,4,0,0.2156,0.0192,4,0,4.133,0.3836,4,0
5763,348.3843035,0.079834676,0.1239,0.0324,4,0,0.0361,0.0055,4,0,0.3138,0.0257,4,0,2.9064,0.2675,4,0
5764,348.3862414,0.071333808,0.2215,0.0426,4,0,0.0705,0.0048,4,0,0.4662,0.0115,4,0,4.0081,0.1966,4,0
5765,348.4311965,0.028825719,0.2513,0.0359,4,0,0.0712,0.0074,4,0,0.1253,0.0167,4,0,5.8935,0.1954,4,0
5766,348.5158042,0.37412454,1.0184,0.0444,4,0,0.4245,0.016,4,0,1.3577,0.0761,4,0,29.6101,0.3974,4,0
5767,348.525878,0.95643159,0.2728,0.0039,4,0,0.0533,0.0103,4,0,0.0253,0.0044,4,0,-0.0504,0.025,4,0
5768,348.5311592,-0.971259587,5.3156,0.2172,4,0,,,,,,,,,196.5169,25.0372,4,0
5769,348.5806576,-0.822066923,0.1308,0.0085,4,0,0.0724,0.0081,4,0,0.2424,0.0215,4,0,5.7838,0.1913,4,0
5770,348.6138217,-0.909487657,2.5656,0.0428,4,0,1.0356,0.0531,4,0,,,,,161.5596,2.8582,4,0
5771,348.617035,-0.838119453,0.3619,0.0089,4,0,0.1652,0.0232,4,0,0.3985,0.0581,4,0,12.4166,1.0582,4,0
5772,348.6224314,-0.894908697,0.1544,0.0272,4,0,0.1642,0.0186,4,0,1.4461,0.1486,3,0,11.0818,1.7658,4,0
5773,348.6390131,-0.209645899,0.2933,0.035,4,0,0.1354,0.0092,4,0,0.1812,0.0102,4,0,7.2029,0.2852,4,0
5774,348.65341,0.244506949,0.5842,0.0606,4,0,0.2402,0.0146,4,0,1.2064,0.061,4,0,28.2738,0.7748,4,0
5775,348.6681645,-0.714539492,0.44,0.0147,4,0,0.6727,0.047,4,0,4.5393,0.0704,4,0,8.6742,0.0958,4,0
5776,348.6865854,-1.036275614,5.474,0.6438,4,0,,,,,,,,,97.2697,16.1789,4,0
5777,348.6955124,-1.026303093,7.297,0.7493,4,0,,,,,,,,,4232.3768,50.9438,4,0
5778,348.6960545,-1.019158518,3.9018,0.1233,4,0,0.3579,0.0,1,0,,,,,34.5088,11.2114,4,0
5779,348.711844,0.327952016,12.0323,0.1584,4,0,,,,,,,,,89.8634,1.3446,4,0
5780,348.7505253,-0.198980352,0.7977,0.047,4,0,0.3725,0.032,4,0,1.3679,0.0627,4,0,31.7968,1.648,4,0
5781,348.7996014,-0.204806337,0.2646,0.0074,4,0,0.0943,0.0039,4,0,0.5143,0.0145,4,0,9.2739,0.0731,4,0
5782,348.8403523,0.168747718,0.0852,0.0365,4,0,0.1112,0.0097,4,0,1.3754,0.0736,4,0,10.8647,1.386,4,0
5783,348.8922153,-0.177960751,2.4233,0.0663,4,0,1.9363,0.0889,4,0,,,,,675.0128,12.0843,4,0
5784,348.9196449,-0.231012617,0.0397,0.0258,4,0,0.0492,0.002,4,0,0.1028,0.0034,4,0,2.7936,0.1667,4,0
5785,348.9214695,-0.009344394,0.244,0.0036,4,0,0.0742,0.0087,4,0,0.4933,0.0276,4,0,6.8907,0.2721,4,0
5786,348.9888391,0.152061856,0.1024,0.0068,4,0,0.0179,0.0038,4,0,0.057,0.0046,4,0,3.1574,0.233,4,0
5787,348.9935948,0.063251573,0.3775,0.0595,4,0,0.1349,0.0135,4,0,0.4011,0.0263,4,0,9.5395,0.4745,4,0
5788,348.9995643,0.360586166,0.297,0.0897,4,0,0.3557,0.0072,4,0,3.7186,0.0464,4,0,20.4088,0.836,4,0
5789,349.0507357,0.154145458,0.2544,0.0148,4,0,0.0458,0.0046,4,0,0.9501,0.0141,4,0,12.4672,0.3704,4,0
5790,349.0536304,0.158512011,0.1461,0.015,4,0,0.0166,0.0023,4,0,0.0897,0.012,4,0,2.6495,0.1452,4,0
5791,349.0635695,0.107488989,0.6035,0.1148,4,0,0.2855,0.0247,4,0,3.3767,0.1761,4,0,25.6522,0.7276,4,0
5792,349.0654568,-0.016917626,2.2394,1.4477,4,0,0.0855,0.0112,4,0,2.7289,0.1139,4,0,93.2306,2.2766,4,0
5793,349.0929618,0.361451091,0.1329,0.0288,4,0,0.0837,0.0137,4,0,0.7998,0.0367,4,0,2.0953,0.2014,4,0
5794,349.1052526,0.113013514,3.1217,0.2462,4,0,0.3854,0.0842,4,0,,,,,153.3458,4.3199,4,0
5795,349.1185209,0.013451552,1.632,0.3772,4,0,0.8237,0.145,4,0,7.629,1.1462,4,0,86.6404,16.377,4,0
5796,349.2973089,0.088527878,0.5347,0.1159,4,0,0.2336,0.0129,4,0,1.1932,0.0618,4,0,20.1164,1.0758,4,0
5797,349.3280677,0.022129502,0.9711,0.4762,4,0,0.8071,0.1617,4,0,4.3297,0.5671,4,0,69.2698,20.8444,4,0
5798,349.3380292,-0.589426695,0.2086,0.0338,4,0,0.0831,0.0055,4,0,0.1943,0.0126,4,0,1.1161,0.2298,4,0
5799,349.3399664,0.393676723,0.0964,0.0098,4,0,0.0589,0.0038,4,0,0.189,0.0074,4,0,2.6266,0.0594,4,0
5800,349.3576357,0.119641535,0.1528,0.0267,4,0,0.0529,0.0074,4,0,0.3391,0.028,4,0,15.2092,0.8293,4,0
5801,349.4041957,0.131722976,0.0663,0.0136,4,0,0.0356,0.0051,4,0,0.1867,0.0086,4,0,4.0945,0.3469,4,0
5802,349.4216302,-0.048806226,0.1501,0.0752,4,0,0.0147,0.0028,4,0,0.0723,0.0096,4,0,2.1619,0.086,4,0
5803,349.4823207,-0.005146847,0.3163,0.0252,4,0,0.1224,0.0088,4,0,0.1664,0.0152,4,0,7.3862,0.1945,4,0
5804,349.4976449,0.120171423,0.9152,0.0746,4,0,0.3461,0.0384,4,0,2.6123,0.1538,4,0,48.4312,3.4636,4,0
5805,349.5089701,1.055217053,17.9776,0.4836,4,0,,,,,,,,,581.9533,20.5886,4,0
5806,349.5272471,0.202055807,0.069,0.001,4,0,0.0095,0.0034,4,0,0.0182,0.0031,4,0,1.3687,0.0784,4,0
5807,349.5780805,-0.680962772,2.7896,0.081,4,0,1.4581,0.1332,4,0,6.3963,0.5742,4,0,70.3634,2.849,4,0
5808,349.7209069,0.120121219,2.7263,0.0672,4,0,1.4255,0.1694,4,0,,,,,495.4045,11.2193,4,0
5809,349.7296565,0.17502054,0.6564,0.0861,4,0,0.2553,0.0164,4,0,3.7258,0.0928,4,0,120.7792,1.8696,4,0
5810,349.7317102,0.16976074,0.7665,0.0988,4,0,0.2535,0.0414,4,0,1.9632,0.4551,4,0,19.2647,3.5106,4,0
5811,349.7837568,0.113358539,1.062,0.2148,4,0,0.3892,0.046,4,0,1.96,0.2677,4,0,39.6346,2.2646,4,0
5812,349.8089055,0.040526873,0.3777,0.0244,4,0,0.1249,0.0144,4,0,0.4503,0.023,4,0,12.2408,0.5587,4,0
5813,349.8409755,-0.532200801,1.6809,2.1534,4,0,,,,,,,,,80.4008,41.4658,4,0
5814,349.9008277,0.235961432,0.9608,0.053,4,0,0.2488,0.0223,4,0,2.3147,0.121,4,0,24.3615,0.9288,4,0
5815,349.9258463,0.081780321,3.2568,1.7832,4,0,0.42,0.0256,4,0,4.3402,0.5819,4,0,49.2713,3.6874,4,0
5816,350.0014039,0.430255655,2.7594,0.6113,4,0,1.9372,0.3722,4,0,,,,,109.7877,16.5622,4,0
5817,350.0145494,0.4218192,0.3751,0.0288,4,0,0.1219,0.0066,4,0,1.6953,0.0428,3,0,15.7173,0.2179,4,0
5818,350.0154214,0.431527628,3.5238,0.2004,4,0,1.1541,0.1754,4,0,,,,,808.9023,49.6218,4,0
5819,350.0611367,-0.600605197,0.218,0.0216,4,0,0.2627,0.0284,4,0,2.5782,0.1945,4,0,2.086,0.6806,4,0
5820,350.092257,0.101689171,1.9883,0.2774,4,0,0.5961,0.0095,3,0,,,,,86.2775,7.4264,4,0
5821,350.0954209,0.084267562,0.985,0.1415,4,0,,,,,,,,,41.1467,6.4908,4,0
5822,350.103423,0.086752982,2.0216,0.3407,4,0,,,,,,,,,20.5201,12.2162,4,0
5823,350.1047016,0.079664076,7.232,0.6374,4,0,,,,,,,,,901.7912,38.0921,4,0
5824,350.1185913,0.068894504,4.4225,0.6646,4,0,,,,,,,,,395.2997,11.7396,4,0
5825,350.1717652,0.027742277,1.1024,0.037,4,0,0.4205,0.0278,4,0,5.5117,0.2066,4,0,83.6772,2.7272,4,0
5826,350.1790818,0.014572016,0.8916,0.0901,4,0,0.6084,0.0589,4,0,9.6299,0.5291,4,0,136.5839,13.5378,4,0
5827,350.2430463,0.063488912,2.9787,0.2247,4,0,1.1615,0.1438,4,0,7.7985,0.4693,4,0,117.1351,10.5634,4,0
5828,350.2538641,-0.268497969,0.1833,0.0194,4,0,0.1141,0.0226,4,0,0.3074,0.038,4,0,10.5328,1.3444,4,0
5829,350.2741423,0.118864997,0.5097,0.0188,4,0,0.0914,0.0025,4,0,1.5264,0.0374,4,0,22.5271,0.6372,4,0
5830,350.2805167,-0.036026897,0.449,0.0595,4,0,0.3284,0.0167,4,0,4.135,0.112,4,0,41.0438,0.8444,4,0
5831,350.2821294,-0.516388657,0.2432,0.0516,4,0,0.0381,0.009,4,0,0.1442,0.0138,4,0,2.6187,0.3486,4,0
5832,350.2862351,0.058032196,3.1406,0.0436,4,0,0.8598,0.1778,4,0,5.3138,0.1424,4,0,14.8306,1.4034,4,0
5833,350.3398404,0.143582457,0.8222,0.0853,4,0,0.2709,0.062,4,0,4.1795,0.7738,4,0,85.2057,24.5553,4,0
5834,350.3727759,-0.022358878,0.1169,0.0184,4,0,0.051,0.005,4,0,0.1458,0.0078,4,0,4.1817,0.058,4,0
5835,350.3891674,0.20378369,0.1111,0.159,4,0,0.0293,0.0078,4,0,0.218,0.052,4,0,11.6849,0.455,4,0
5836,350.394748,-0.058426309,1.4589,0.1458,4,0,0.4002,0.019,4,0,1.9023,0.1333,4,0,57.2931,5.7227,4,0
5837,350.4861048,-0.406734622,0.2218,0.0391,4,0,0.0761,0.0058,4,0,0.7397,0.049,4,0,8.4063,0.8266,4,0
5838,350.5043834,0.957360153,58.4213,7.3677,4,0,,,,,,,,,3659.1002,206.062,4,0
5839,350.5228037,-0.351316463,0.7834,0.0384,4,0,0.2579,0.0188,4,0,2.3064,0.0877,4,0,51.5974,2.508,4,0
5840,350.5401916,-0.151526351,0.203,0.0319,4,0,0.0829,0.0053,4,0,0.2421,0.0114,4,0,6.2891,0.0733,4,0
5841,350.5752088,0.362294669,0.6113,0.0899,4,0,0.1509,0.0121,4,0,0.2521,0.0356,4,0,14.709,0.1234,4,0
5842,350.6701684,0.494711038,0.7559,0.1008,4,0,0.3729,0.0197,4,0,4.7577,0.0207,4,0,66.0245,0.3592,4,0
5843,350.6926873,-0.491830387,5.8926,0.158,4,0,1.546,0.0826,4,0,3.3359,0.3792,4,0,30.2264,3.671,4,0
5844,350.7089097,0.993988073,0.7519,0.182,4,0,0.2044,0.0636,4,0,2.0535,0.3194,4,0,33.3151,6.916,4,0
5845,350.7178311,1.044398986,1.9282,0.1486,4,0,0.6425,0.081,4,0,1.2963,0.0,1,0,20.9068,2.3544,4,0
5846,350.7350653,-0.170720989,0.097,0.0112,4,0,0.0384,0.0032,4,0,0.3158,0.014,4,0,6.7239,0.1794,4,0
5847,350.7716594,-0.860320513,1.5316,0.0238,4,0,0.7198,0.0605,4,0,0.7536,0.0773,4,0,11.3311,1.086,4,0
5848,350.7734254,-0.080051114,1.0383,0.0786,4,0,0.2396,0.0726,4,0,3.5221,0.6642,4,0,48.1451,2.3573,4,0
5849,350.7821553,-0.027050223,8.9329,0.7848,4,0,,,,,,,,,1201.0015,9.0498,4,0
5850,350.8051061,-0.833131357,0.9852,0.1718,4,0,0.2244,0.0238,4,0,1.0638,0.0825,4,0,15.8176,1.5402,4,0
5851,350.8057029,-0.348766543,0.7666,0.0172,4,0,0.223,0.012,4,0,0.8157,0.027,4,0,9.3391,0.2128,4,0
5852,350.8389425,0.827909008,0.8054,0.0549,4,0,0.3138,0.0286,4,0,1.2922,0.0565,4,0,15.3959,0.9196,4,0
5853,350.8466469,-0.041773617,0.4799,0.0489,4,0,0.1084,0.0133,4,0,0.3172,0.0474,4,0,7.7357,0.4462,4,0
5854,350.8690895,0.762213856,0.6911,0.1179,4,0,0.2173,0.0398,4,0,3.0208,0.3693,4,0,42.4139,4.6479,4,0
5855,350.8907971,0.725373349,3.0464,0.8624,4,0,0.7681,0.1096,4,0,2.098,0.2418,4,0,49.5189,4.4423,4,0
5856,350.9386261,0.624729039,0.1595,0.1148,4,0,0.3955,0.1931,4,0,1.2699,0.4082,4,0,1.3982,0.6264,4,0
5857,350.9563008,-0.383659889,0.35,0.0478,4,0,0.1582,0.018,4,0,0.3374,0.0329,4,0,7.1187,0.33,4,0
5858,350.9682213,0.520073823,0.1158,0.0458,4,0,0.154,0.0448,4,0,2.6452,0.8312,4,0,11.1913,3.9842,4,0
5859,350.9779078,-0.53917087,6.0235,0.191,4,0,1.8632,0.1169,4,0,,,,,138.0876,1.573,4,0
5860,351.0166068,0.855411151,0.6145,0.1018,4,0,0.3539,0.0044,4,0,5.0536,0.0836,4,0,18.284,1.1992,4,0
5861,351.0269829,0.161694812,0.3149,0.0091,4,0,0.1079,0.0082,4,0,0.5021,0.0113,4,0,18.8504,0.3787,4,0
5862,351.036987,-0.867386161,0.0904,0.0198,4,0,0.0145,0.0034,4,0,0.1045,0.0142,4,0,0.2041,0.051,4,0
5863,351.0426661,-0.335015184,3.0062,0.0788,4,0,0.8154,0.0195,4,0,11.6152,0.3073,4,0,425.6576,4.4784,4,0
5864,351.0429342,-0.326689129,1.3981,0.3604,4,0,0.4636,0.0396,4,0,2.1557,0.157,4,0,17.041,3.7796,4,0
5865,351.1090476,0.811052686,0.3044,0.0332,4,0,0.1435,0.0109,4,0,0.5654,0.0196,4,0,8.3347,0.3982,4,0
5866,351.140047,-0.107165765,0.0542,0.0175,4,0,0.0097,0.0013,4,0,0.0361,0.0082,4,0,0.7593,0.1998,4,0
5867,351.1706666,0.475496717,0.3568,0.1032,4,0,,,,,,,,,8.2237,3.096,4,0
5868,351.2042454,0.298332359,0.2697,0.0524,4,0,0.1119,0.0014,4,0,1.1346,0.0202,4,0,0.3906,0.063,4,0
5869,351.2053811,-0.123968198,0.1113,0.0234,4,0,0.0226,0.0061,4,0,0.1978,0.0462,4,0,8.3268,0.2418,4,0
5870,351.2221498,0.183680668,0.4179,0.0281,4,0,0.1534,0.0136,4,0,0.4197,0.0212,4,0,15.7505,0.2151,4,0
5871,351.2623199,0.163905162,0.2666,0.0377,4,0,0.1203,0.0178,4,0,0.5373,0.0486,4,0,15.5378,1.5816,4,0
5872,351.2880541,-0.285511097,0.4497,0.0562,4,0,0.1415,0.0135,4,0,0.6909,0.0418,4,0,8.5852,0.7664,4,0
5873,351.4351148,-0.081406493,0.414,0.0606,4,0,0.1801,0.0058,4,0,0.5646,0.0318,4,0,9.0979,0.1403,4,0
5874,351.4468798,-0.179688706,0.1536,0.0056,4,0,0.0104,0.0015,4,0,0.0463,0.0151,4,0,2.9696,0.1026,4,0
5875,351.4533463,-0.180170439,0.1699,0.0258,4,0,0.0228,0.0008,4,0,0.121,0.0066,4,0,7.3368,0.3282,4,0
5876,351.4646882,-0.46065755,7.1732,1.349,4,0,,,,,,,,,237.9301,13.131,4,0
5877,351.494419,-0.141074916,0.3508,0.1425,4,0,0.0781,0.0084,4,0,0.3603,0.0293,4,0,10.9577,0.171,4,0
5878,351.5564499,0.203862188,24.8935,2.0876,4,0,,,,,,,,,2461.8616,82.9129,4,0
5879,351.5704794,-0.372236357,0.1863,0.0495,4,0,0.082,0.0101,4,0,0.8221,0.0404,4,0,9.4473,0.966,4,0
5880,351.575728,-0.350225156,0.7165,0.1442,4,0,0.1673,0.0158,4,0,2.8472,0.17,4,0,22.9762,11.0806,4,0
5881,351.5884523,-0.349257501,2.0783,0.2777,4,0,0.7756,0.0586,4,0,10.7212,0.984,4,0,-21.2364,82.4808,4,0
5882,351.6112048,0.164905301,14.3828,2.718,4,0,,,,,,,,,904.0359,80.1176,4,0
5883,351.6403987,0.241188174,0.2392,0.0358,4,0,0.0883,0.0089,4,0,0.252,0.0178,4,0,8.3644,0.2015,4,0
5884,351.6489471,0.514934577,0.3479,0.138,4,0,0.6252,0.0384,4,0,4.1603,0.2742,4,0,6.7192,1.566,4,0
5885,351.7159996,-0.325020809,-0.0246,0.1106,4,0,0.0196,0.0022,4,0,0.058,0.0044,4,0,4.1081,0.2616,4,0
5886,351.7351952,-0.415110442,0.1495,0.0482,4,0,0.0726,0.0053,4,0,0.666,0.0248,4,0,5.4911,0.5749,4,0
5887,351.7462427,-0.577822963,1.5123,0.0818,4,0,0.4302,0.0348,4,0,7.309,0.0424,4,0,150.8584,1.2376,4,0
5888,351.7575532,0.100471734,0.9679,0.0563,4,0,0.303,0.0158,4,0,0.7995,0.051,4,0,34.0045,2.0608,4,0
5889,351.7684864,-0.541781339,2.2216,0.1174,4,0,0.975,0.0659,4,0,,,,,167.7803,80.7647,4,0
5890,351.7756448,-0.551915929,0.9341,0.0532,4,0,0.2638,0.0371,4,0,1.9765,0.2179,3,0,15.9062,1.8674,4,0
5891,351.7774314,-0.539454417,1.4796,0.1934,4,0,0.7765,0.2022,4,0,,,,,5226.8941,1474.113,4,0
5892,351.826617,-0.173231745,1.767,0.1038,4,0,0.662,0.0503,4,0,5.4004,0.1418,4,0,58.955,1.8392,4,0
5893,351.8340609,-0.367082446,0.4611,0.094,4,0,0.1945,0.0238,4,0,0.4515,0.0599,4,0,12.4249,1.4347,4,0
5894,351.8645509,-0.125069873,1.7853,0.0261,4,0,0.5785,0.0318,4,0,2.3985,0.0492,4,0,28.0834,0.6421,4,0
5895,351.920888,0.113868748,3.1756,0.1178,4,0,0.8415,0.1262,4,0,5.3491,0.3054,4,0,30.9838,3.98,4,0
5896,351.9231412,0.6422548,0.9757,0.0085,4,0,0.3666,0.028,4,0,10.7317,0.1404,4,0,36.4517,3.0497,4,0
5897,352.0145484,-0.223781253,0.4271,0.0896,4,0,0.2184,0.0412,4,0,0.2621,0.0551,4,0,5.7588,0.7474,4,0
5898,352.0418954,-0.254470254,0.6458,0.051,4,0,0.116,0.0027,4,0,0.5383,0.0438,4,0,16.6415,1.5066,4,0
5899,352.0479576,-0.257736036,0.6153,0.4112,4,0,0.1349,0.109,4,0,0.669,0.5157,4,0,15.0645,12.0878,4,0
5900,352.0518071,-0.258253746,1.9913,0.18,4,0,0.4619,0.0802,4,0,2.3029,0.1612,4,0,45.7685,3.6588,4,0
5901,352.0834578,-0.380844759,0.1933,0.0138,4,0,0.0786,0.009,4,0,0.1277,0.012,4,0,2.9542,0.1602,4,0
5902,352.0854142,0.151118701,0.8606,0.0342,4,0,0.3579,0.0372,4,0,4.1187,0.2334,4,0,41.703,3.1436,4,0
5903,352.0941539,0.161354665,0.3558,0.0164,4,0,0.0489,0.0044,4,0,0.5302,0.0182,4,0,13.1528,2.7027,4,0
5904,352.0996887,-0.037477538,0.3731,0.0078,4,0,0.4458,0.0422,4,0,10.714,0.4881,4,0,30.696,2.6872,4,0
5905,352.1027899,0.161914474,1.3911,0.0844,4,0,0.4923,0.0644,4,0,4.7604,0.2718,4,0,55.7246,5.416,4,0
5906,352.1280493,0.659580558,0.9016,0.0266,4,0,0.2847,0.0098,4,0,2.0725,0.0672,4,0,19.0228,0.8757,4,0
5907,352.2300718,-0.149006425,0.5936,0.1228,4,0,0.1222,0.0034,4,0,0.2108,0.0317,4,0,14.1754,1.6827,4,0
5908,352.2426445,-0.159697825,0.9533,0.0422,4,0,0.1254,0.0091,4,0,1.1983,0.0668,4,0,21.5723,1.4204,4,0
5909,352.2435213,-0.063697565,0.4203,0.0166,4,0,0.1302,0.0116,4,0,0.8051,0.0386,4,0,24.7321,0.908,4,0
5910,352.2441026,-0.164776033,0.4934,0.0218,4,0,0.0727,0.0082,4,0,0.7547,0.0388,4,0,9.6379,0.8363,4,0
5911,352.2773563,-0.22995936,0.6246,0.0306,4,0,0.2529,0.0256,4,0,0.4645,0.0366,4,0,13.2792,1.0463,4,0
5912,352.3041022,0.89450029,0.1454,0.023,4,0,0.1806,0.0162,4,0,1.5514,0.0573,4,0,5.0512,0.4316,4,0
5913,352.3128543,-0.446615559,1.0952,0.0507,4,0,0.2792,0.127,4,0,,,,,27.7555,4.3724,4,0
5914,352.3160213,-0.499889892,0.5058,0.0104,4,0,0.1941,0.0127,4,0,0.4579,0.0148,4,0,7.577,0.3896,4,0
5915,352.3168074,-0.43695134,2.4331,1.6506,4,0,0.2864,0.1783,4,0,,,,,193.4953,161.8616,4,0
5916,352.3344826,-0.453924735,1.3396,0.1596,4,0,0.2484,0.0138,4,0,0.6909,0.0282,3,0,11.7118,0.0858,4,0
5917,352.3839264,-0.392027619,1.2551,0.0964,4,0,0.3528,0.0118,4,0,0.9831,0.0508,4,0,22.5043,1.1901,4,0
5918,352.3934586,-0.065343414,1.7058,1.29,4,0,,,,,,,,,106.5329,18.031,4,0
5919,352.4596652,0.479899562,0.8462,0.0662,4,0,1.0342,0.063,4,0,9.1199,0.711,4,0,5.3521,0.1764,4,0
5920,352.4877886,0.797213977,7.9742,0.7256,4,0,0.6651,0.0678,4,0,,,,,52.6993,25.1182,4,0
5921,352.4934636,0.289354254,0.2112,0.0368,4,0,0.0616,0.0065,4,0,0.1504,0.019,4,0,8.1339,0.1693,4,0
5922,352.4936186,0.793841228,4.2756,0.1264,4,0,0.9689,0.0954,4,0,,,,,798.1715,16.4687,4,0
5923,352.5033884,-0.152602623,0.2901,0.037,4,0,0.1468,0.0101,4,0,2.6855,0.0788,4,0,18.1201,0.6374,4,0
5924,352.5182375,-0.158862533,1.3947,0.22,4,0,0.3267,0.0727,4,0,3.39,0.6962,4,0,455.6867,29.3312,4,0
5925,352.5292679,0.774959599,0.9264,0.2564,4,0,0.3073,0.0336,4,0,1.1819,0.062,4,0,10.0605,1.0033,4,0
5926,352.6157617,-0.194725421,7.2499,0.2551,4,0,,,,,,,,,5.7446,2.2721,4,0
5927,352.6335489,0.387470625,0.2211,0.0302,4,0,0.0293,0.001,4,0,0.1144,0.0145,4,0,6.1853,0.2128,4,0
5928,352.6436235,-0.331557633,0.8022,0.103,4,0,0.2961,0.0226,4,0,1.13,0.0498,4,0,16.118,0.4591,4,0
5929,352.688758,-0.123282661,1.4133,0.1578,4,0,0.5499,0.0236,4,0,1.9694,0.1056,4,0,27.0325,1.446,4,0
5930,352.7129312,-0.29528854,0.1526,0.0386,4,0,0.0724,0.0081,4,0,0.1115,0.0134,4,0,2.1998,0.3273,4,0
5931,352.8384384,0.938528323,1.4236,0.2085,4,0,,,,,,,,,9.2589,1.7612,4,0
5932,352.8578515,-0.20401487,7.6855,0.701,4,0,,,,,,,,,401.4566,10.1182,4,0
5933,352.8608416,-0.139566711,0.2493,0.031,4,0,0.0641,0.0012,4,0,0.1512,0.0116,4,0,5.0288,0.162,4,0
5934,352.8626666,-0.182379264,0.5681,0.0844,4,0,0.1422,0.0162,4,0,0.2137,0.0247,4,0,11.7257,1.327,4,0
5935,352.866733,-0.139124939,0.0419,0.0092,4,0,0.0073,0.0006,4,0,0.0486,0.0021,4,0,1.4366,0.0374,4,0
5936,353.0078796,-0.037529334,0.8957,0.2387,4,0,0.3035,0.045,4,0,1.316,0.0718,4,0,49.3041,1.7862,4,0
5937,353.0129381,1.065761969,0.531,0.1476,3,0,0.2656,0.0358,4,0,0.9916,0.1317,4,0,7.71,1.1746,4,0
5938,353.015839,-0.036364586,0.094,0.0096,4,0,0.0132,0.0018,4,0,0.0738,0.0031,4,0,1.704,0.3242,4,0
5939,353.0316276,-0.076392751,0.3311,0.02,4,0,0.0843,0.0053,4,0,0.3469,0.0378,4,0,9.8713,0.3518,4,0
5940,353.0426681,-0.017473309,0.3006,0.0647,4,0,0.1165,0.0112,4,0,0.9416,0.0452,4,0,14.3341,0.5645,4,0
5941,353.0440597,-0.126338029,0.6006,0.04,4,0,0.2134,0.022,4,0,1.7398,0.0912,4,0,41.2445,0.5235,4,0
5942,353.0483961,0.555936193,3.7514,0.4564,4,0,,,,,,,,,142.514,26.2052,4,0
5943,353.0496709,-0.022123267,0.7698,0.0682,4,0,0.2043,0.0207,4,0,1.1421,0.0542,4,0,23.713,0.4296,4,0
5944,353.0676043,0.442135533,0.7859,0.0138,4,0,0.252,0.0299,4,0,0.6576,0.046,4,0,10.4764,1.1826,4,0
5945,353.0776799,1.018472501,1.3369,0.1304,4,0,0.4085,0.0409,4,0,2.9103,0.233,4,0,15.0662,1.3338,4,0
5946,353.0887436,0.44881838,2.2636,0.3054,4,0,0.8615,0.0645,4,0,2.3071,0.1823,4,0,49.4519,2.8831,4,0
5947,353.1106656,-0.096340719,0.2784,0.0836,4,0,0.0688,0.0083,4,0,0.2682,0.026,4,0,13.2935,0.3311,4,0
5948,353.1129378,-0.233279373,0.2196,0.0388,4,0,0.038,0.009,4,0,0.1143,0.0238,4,0,2.8709,0.2096,4,0
5949,353.155844,-0.050698905,0.1974,0.0194,4,0,0.0401,0.0098,4,0,0.0779,0.0127,4,0,4.741,0.1098,4,0
5950,353.1595826,1.048154164,1.7727,0.2163,4,0,,,,,,,,,8.1085,1.171,4,0
5951,353.1963909,-0.239186347,0.4099,0.06,4,0,0.1063,0.0056,4,0,0.2318,0.0116,4,0,5.4986,0.1662,4,0
5952,353.2193844,-0.246457951,2.5784,0.6778,4,0,2.0305,0.1898,4,0,13.1903,1.3706,4,0,112.7856,19.0072,4,0
5953,353.2772801,0.292626771,0.2996,0.1088,4,0,0.0929,0.0226,4,0,0.1999,0.048,4,0,15.9293,3.4447,4,0
5954,353.2849337,0.651726185,2.3425,0.1756,4,0,,,,,,,,,27.0907,1.6678,4,0
5955,353.3659736,-0.16799838,8.6086,1.1038,4,0,,,,,,,,,1124.2086,27.9964,4,0
5956,353.3696968,-0.255607112,0.1339,0.0354,4,0,0.063,0.0093,4,0,0.2477,0.0206,4,0,6.921,0.3335,4,0
5957,353.3746972,-0.09567295,0.1158,0.0084,4,0,0.0109,0.001,4,0,0.3815,0.0182,4,0,12.9502,0.8342,4,0
5958,353.3857423,0.43106135,1.0027,0.1578,4,0,0.8055,0.0655,4,0,6.7311,0.2204,4,0,98.6429,6.0811,4,0
5959,353.3958897,-0.096038119,0.961,0.0568,4,0,0.4053,0.0362,4,0,5.8467,0.3593,4,0,55.5325,1.885,4,0
5960,353.4133555,-0.04880919,1.4185,0.0366,4,0,0.4843,0.0254,4,0,1.2618,0.034,4,0,19.4037,0.8838,4,0
5961,353.4144326,-0.364139483,12.8111,1.8418,4,0,,,,,,,,,1561.017,231.4877,4,0
5962,353.4242655,0.922460181,0.1126,0.0234,4,0,0.0614,0.0146,4,0,0.131,0.0228,4,0,1.5504,0.2191,4,0
5963,353.4525265,0.324582872,0.6877,0.0444,4,0,0.3763,0.0182,4,0,1.7887,0.044,4,0,39.7055,1.1362,4,0
5964,353.4618598,0.263168112,0.7063,0.0972,4,0,0.2376,0.0056,4,0,1.286,0.0335,4,0,31.4024,0.2797,4,0
5965,353.5128495,-0.266596163,0.1553,0.0146,4,0,0.0592,0.0077,4,0,0.5757,0.0219,4,0,3.7771,0.3623,4,0
5966,353.5197559,0.669587906,0.1341,0.024,4,0,0.069,0.0152,4,0,0.2353,0.0266,4,0,1.9897,0.3516,4,0
5967,353.5386734,-0.4570824,1.8835,0.5031,4,0,0.2953,0.0292,4,0,1.8203,0.0849,4,0,30.9184,2.7872,4,0
5968,353.5457786,-0.016601063,8.9682,1.3838,4,0,,,,,,,,,534.9406,13.31,4,0
5969,353.5922951,-0.01178816,0.3584,0.0177,4,0,0.0778,0.0086,4,0,0.4473,0.0277,4,0,6.0531,0.1732,4,0
5970,353.6012052,0.111858016,0.1374,0.0132,4,0,0.0269,0.002,4,0,0.1825,0.0104,4,0,13.2832,0.6152,4,0
5971,353.7932472,-0.160408753,1.6653,0.1304,4,0,0.612,0.0403,4,0,2.8535,0.088,4,0,43.382,3.528,4,0
5972,353.8901792,0.055741681,0.1704,0.006,4,0,0.0487,0.0081,4,0,0.1207,0.0098,4,0,3.2421,0.2376,4,0
5973,353.9093199,0.558719815,0.8574,0.134,4,0,0.246,0.0248,4,0,0.275,0.0436,4,0,8.92,0.6063,4,0
5974,354.1188997,-0.090497076,0.657,0.1472,4,0,0.2472,0.0171,4,0,2.1349,0.0652,4,0,25.8371,0.4838,4,0
5975,354.1845926,-0.070486556,2.1111,0.1367,4,0,0.2986,0.0367,3,0,,,,,65.3717,4.9094,4,0
5976,354.1855094,0.049691432,-0.2648,0.3908,4,0,0.0284,0.0017,4,0,0.2272,0.0081,4,0,7.9463,0.1603,4,0
5977,354.1884873,-0.059432516,5.9893,1.1748,4,0,,,,,,,,,337.8644,26.9128,4,0
5978,354.2290879,0.032407127,0.2752,0.0702,4,0,0.0588,0.0136,4,0,0.2106,0.0406,4,0,12.6576,0.275,4,0
5979,354.2476521,0.060431485,0.115,0.01,4,0,0.0379,0.0024,4,0,0.0874,0.0082,4,0,4.2706,0.1634,4,0
5980,354.3560123,0.001260063,0.7199,0.06,4,0,0.2567,0.0602,4,0,1.8865,0.2226,4,0,54.149,7.127,4,0
5981,354.3886799,-0.443919852,-0.9535,1.0144,4,0,0.0161,0.0258,4,0,0.4285,0.0242,4,0,9.7532,0.75,4,0
5982,354.4177694,0.033528393,5.4844,0.4107,4,0,2.1626,0.2438,4,0,,,,,216.5855,19.2262,4,0
5983,354.4368627,-0.295047069,0.1772,0.0148,4,0,0.058,0.0086,4,0,0.0992,0.0106,4,0,2.3849,0.1657,4,0
5984,354.5732839,0.006558657,0.9374,0.0207,4,0,0.3689,0.0254,4,0,2.4115,0.1082,4,0,34.8307,4.0196,4,0
5985,354.6038576,0.477066455,4.2148,0.5453,4,0,,,,,,,,,175.3257,14.002,4,0
5986,354.6416982,-0.207240802,0.2914,0.0624,4,0,0.0573,0.0278,4,0,0.3063,0.1254,4,0,8.6803,3.3452,4,0
5987,354.6656347,0.474688676,3.4335,1.9064,4,0,,,,,,,,,104.6916,55.4264,4,0
5988,354.6702793,0.242269298,5.1465,0.3676,4,0,0.9305,0.0264,4,0,,,,,211.3099,9.4198,4,0
5989,354.6754952,0.504050779,1.2518,0.0267,4,0,0.1533,0.0092,4,0,2.1293,0.0486,4,0,17.0316,1.5666,4,0
5990,354.677068,0.499558314,2.136,0.0338,4,0,0.2201,0.0046,4,0,2.484,0.0386,4,0,23.5955,0.7114,4,0
5991,354.681337,0.496499255,0.721,0.0084,4,0,0.061,0.0103,3,0,0.6643,0.0302,3,0,10.0272,0.8244,4,0
5992,354.6980527,0.514838472,0.4516,0.0576,4,0,0.1577,0.0194,4,0,0.6567,0.053,4,0,8.0237,0.9622,4,0
5993,354.7001384,0.301520282,0.6238,0.0107,4,0,0.1839,0.0159,4,0,4.0769,0.2079,4,0,33.3376,1.3849,4,0
5994,354.7137561,0.287395999,0.6036,0.0658,4,0,0.3289,0.0371,4,0,4.5024,0.2381,3,0,89.9754,7.846,4,0
5995,354.7243312,0.299532764,4.3776,0.0634,4,0,1.454,0.0362,4,0,,,,,799.181,3.9232,4,0
5996,354.7832998,0.826745608,0.1982,0.029,4,0,0.0472,0.0102,4,0,0.1084,0.0158,4,0,1.1694,0.3572,4,0
5997,354.8182074,0.942779671,0.3353,0.0457,4,0,0.0951,0.0244,4,0,0.381,0.06,4,0,11.8458,1.3749,4,0
5998,354.8264382,0.816506276,0.1907,0.0196,4,0,0.0657,0.0058,4,0,1.1121,0.0227,4,0,16.2682,0.8198,4,0
5999,354.8962971,-0.223325706,1.0118,0.0584,4,0,0.3138,0.0478,4,0,0.6996,0.0581,4,0,16.7707,3.2027,4,0
6000,354.9381957,0.330602095,1.5287,0.4725,4,0,1.5592,0.1819,4,0,15.8842,0.9928,4,0,121.1815,10.6582,4,0
6001,354.9489012,-0.535906935,0.5986,0.031,4,0,0.1744,0.0062,4,0,0.6815,0.0082,4,0,11.3465,0.3355,4,0
6002,355.045967,-0.399453983,0.3785,0.0386,4,0,0.114,0.0065,4,0,0.396,0.0216,4,0,12.492,0.4438,4,0
6003,355.1298758,-0.302855559,2.3031,0.1399,4,0,0.7987,0.0696,4,0,5.9954,0.232,4,0,84.6217,2.9409,4,0
6004,355.1401965,0.265241755,1.301,0.0698,4,0,0.5651,0.0244,4,0,2.5521,0.0706,4,0,41.4721,1.7714,4,0
6005,355.2102452,0.125791466,0.4542,0.057,4,0,0.2333,0.0306,4,0,1.1828,0.0902,4,0,8.2867,0.8374,4,0
6006,355.2596285,-0.241213246,0.7142,0.1052,4,0,0.2746,0.0217,4,0,0.3138,0.0244,4,0,8.1035,0.4075,4,0
6007,355.3450446,0.146951684,2.9326,1.7205,4,0,0.4917,0.0209,4,0,,,,,454.4383,15.4084,4,0
6008,355.4052216,0.34167468,3.6321,0.2732,4,0,1.009,0.084,4,0,,,,,116.0025,4.389,4,0
6009,355.4053888,-0.174849965,0.7414,0.0176,4,0,0.2023,0.0302,4,0,0.6383,0.0596,4,0,18.2868,1.6795,4,0
6010,355.5009121,-0.055355037,0.078,0.0118,4,0,0.0141,0.001,4,0,0.0738,0.0064,4,0,2.3081,0.1816,4,0
6011,355.5052988,-0.06258605,0.5571,0.1716,4,0,0.1278,0.027,4,0,0.4846,0.06,4,0,22.5841,4.7127,4,0
6012,355.5371576,0.363397991,0.5516,0.0792,4,0,0.1675,0.0355,4,0,0.5306,0.0624,4,0,15.089,0.1487,4,0
6013,355.5454872,0.265235749,0.2602,0.0215,4,0,0.0893,0.0114,4,0,0.6154,0.0302,4,0,14.0838,0.9794,4,0
6014,355.5474255,-0.090386656,0.5621,0.0762,4,0,0.153,0.0068,4,0,0.4231,0.0207,3,0,12.5399,0.6024,4,0
6015,355.5683196,0.260767925,1.9827,0.1171,4,0,0.7434,0.0673,4,0,2.9262,0.1162,4,0,33.2986,1.2658,4,0
6016,355.6162271,0.149593299,1.04,0.089,4,0,0.2808,0.0398,4,0,2.0366,0.1068,4,0,44.9172,1.3874,4,0
6017,355.6545646,-0.058640684,0.3613,0.0738,4,0,0.1166,0.0066,4,0,0.6743,0.0312,4,0,18.7473,1.2803,4,0
6018,355.6652953,0.378003447,0.3072,0.0316,4,0,0.0775,0.014,4,0,0.4352,0.0512,4,0,14.24,4.636,4,0
6019,355.6864714,0.192072928,0.3037,0.0563,4,0,0.0508,0.0078,4,0,0.472,0.0499,4,0,14.2768,1.5161,4,0
6020,355.6941673,0.344732588,0.5962,0.0566,4,0,0.3634,0.044,4,0,4.357,0.3038,4,0,75.5473,5.3229,4,0
6021,355.7039801,0.34170731,0.1409,0.0547,4,0,0.1031,0.0036,4,0,2.3425,0.0151,4,0,27.5911,0.3476,4,0
6022,355.715718,0.282322759,0.6058,0.0203,4,0,0.2211,0.0354,4,0,0.5599,0.0518,4,0,14.6651,1.3964,4,0
6023,355.7324191,-0.245769514,0.295,0.0146,4,0,0.0911,0.0136,4,0,0.2691,0.0236,4,0,8.7586,0.7773,4,0
6024,355.7395257,0.131203439,1.6528,0.115,4,0,1.0605,0.013,4,0,,,,,182.2061,3.7463,4,0
6025,355.7399357,0.654123355,0.8058,0.0582,4,0,0.2785,0.0264,4,0,1.6991,0.0518,4,0,15.4354,0.9415,4,0
6026,355.7646929,0.663752779,0.1469,0.0068,4,0,0.0557,0.0051,4,0,0.1391,0.0172,4,0,3.0499,0.0452,4,0
6027,355.7658358,0.653959212,1.5311,0.0532,4,0,0.456,0.0293,4,0,1.5193,0.0282,4,0,23.4012,0.668,4,0
6028,355.7751282,-0.84046646,0.9656,0.0654,4,0,0.3876,0.0486,4,0,0.5121,0.0711,4,0,12.1672,1.3345,4,0
6029,355.7884317,-0.258169248,0.2754,0.0128,4,0,0.0722,0.0012,4,0,0.1975,0.0092,4,0,5.8388,0.1512,4,0
6030,355.8107123,-0.272705393,0.3871,0.0508,4,0,0.121,0.0202,4,0,0.1432,0.0622,4,0,0.1649,0.2014,4,0
6031,355.8715704,-0.540499788,0.2152,0.021,4,0,0.0574,0.0126,4,0,0.0965,0.0042,4,0,2.8982,0.4348,4,0
6032,356.0193921,-0.099922437,0.2205,0.0342,4,0,0.0607,0.0039,4,0,0.1355,0.0047,4,0,6.6485,0.1548,4,0
6033,356.0924884,0.292322728,0.806,0.0898,4,0,0.2936,0.0146,4,0,1.2203,0.0808,4,0,32.1108,1.2761,4,0
6034,356.1915974,-0.068858766,0.1615,0.0274,4,0,0.1229,0.0141,4,0,1.8736,0.0556,4,0,6.9482,0.3366,4,0
6035,356.2279719,0.682285651,0.9286,0.252,4,0,0.2328,0.0262,4,0,,,,,38.5846,1.166,4,0
6036,356.2392696,0.062807702,0.2708,0.0971,4,0,0.0958,0.015,4,0,0.2262,0.0306,4,0,10.2342,1.1322,4,0
6037,356.2526376,-0.05903979,0.6633,0.0085,4,0,0.1721,0.0086,4,0,0.677,0.0299,4,0,17.2379,0.2474,4,0
6038,356.2710971,-0.077002408,0.3929,0.0553,4,0,0.0688,0.0128,4,0,-0.4645,0.2689,4,0,4.0186,0.7222,4,0
6039,356.2778285,-0.075029651,3.1412,0.3799,4,0,1.3151,0.191,4,0,11.9058,0.945,4,0,47.9343,6.2516,4,0
6040,356.2913039,0.697589551,0.3481,0.1072,4,0,0.0928,0.0274,4,0,0.0786,0.0134,4,0,8.0387,0.5446,4,0
6041,356.3046384,-0.119211913,0.2424,0.0184,4,0,0.0643,0.0054,4,0,0.2458,0.0156,4,0,7.0325,0.2715,4,0
6042,356.30513,-0.189688912,0.4833,0.1151,4,0,0.0961,0.0038,4,0,0.1944,0.0475,3,0,5.6873,0.9792,4,0
6043,356.3078471,-0.204078688,4.5163,0.4892,4,0,0.7215,0.2826,4,0,,,,,218.3827,8.5988,4,0
6044,356.3448021,0.220292307,1.5148,0.0774,4,0,0.359,0.1465,4,0,-1.7736,0.5854,4,0,43.0664,6.483,4,0
6045,356.3515439,0.223453056,7.7369,2.9084,4,0,1.0716,0.5864,4,0,16.9971,5.7946,4,0,147.7324,31.1964,4,0
6046,356.3549033,0.221999257,3.073,0.7437,4,0,0.444,0.1315,4,0,2.25,0.5942,4,0,83.7207,7.1307,4,0
6047,356.379103,1.142915928,3.3108,0.0151,4,0,0.8687,0.1094,4,0,0.9217,0.0814,4,0,0.2391,0.0922,4,0
6048,356.4127353,0.532247297,0.4655,0.0492,4,0,0.1782,0.0232,4,0,0.3758,0.0319,4,0,18.8244,1.1278,4,0
6049,356.4309052,-0.143770421,0.5066,0.0384,4,0,0.1693,0.0237,4,0,0.8491,0.0762,4,0,29.4161,2.247,4,0
6050,356.4383752,0.112258147,0.3925,0.0482,4,0,0.1425,0.0412,4,0,0.1699,0.0704,4,0,3.3973,1.2838,4,0
6051,356.4481129,0.157474248,0.1094,0.0048,4,0,0.0243,0.003,4,0,0.0662,0.0064,4,0,3.1227,0.1988,4,0
6052,356.4585541,0.006161763,0.0758,0.008,4,0,0.0172,0.0014,4,0,0.1385,0.0156,4,0,2.9389,0.4294,4,0
6053,356.4626349,0.006530751,0.1222,0.0188,4,0,0.0122,0.0022,4,0,0.3065,0.0384,4,0,6.8909,0.9481,4,0
6054,356.4658813,0.011182196,0.0526,0.0061,4,0,0.0073,0.0004,4,0,0.0646,0.0006,4,0,2.1479,0.1072,4,0
6055,356.4678336,0.00270745,0.3099,0.0498,4,0,0.035,0.005,4,0,0.1613,0.028,4,0,10.2318,1.2622,4,0
6056,356.4704082,-0.009000911,0.0527,0.0471,4,0,0.0237,0.0026,4,0,0.2383,0.0132,4,0,6.0251,0.4248,4,0
6057,356.4730188,0.002166758,0.385,0.0505,4,0,0.0691,0.0053,4,0,0.5763,0.0438,4,0,22.6695,1.1458,4,0
6058,356.4795741,-0.008811898,0.6457,0.0841,4,0,0.1964,0.008,4,0,0.3556,0.0213,4,0,8.1098,0.403,4,0
6059,356.4826956,-0.188458451,0.5574,0.0258,4,0,0.2066,0.0204,4,0,1.843,0.0358,4,0,25.0175,0.2998,4,0
6060,356.5130247,-0.513569313,0.2007,0.0304,4,0,0.0784,0.0028,4,0,0.3618,0.0112,4,0,3.9907,0.3748,4,0
6061,356.51344,0.01756533,0.1401,0.0239,4,0,0.0328,0.0031,4,0,0.1137,0.0069,4,0,5.9841,0.1962,4,0
6062,356.5239762,-0.012409924,0.3507,0.063,4,0,0.1265,0.0186,4,0,0.3632,0.0368,4,0,19.9436,0.8841,4,0
6063,356.5628907,0.001219806,0.0968,0.0168,4,0,0.0397,0.0036,4,0,0.0814,0.0077,4,0,1.7956,0.1126,4,0
6064,356.5862357,0.091711469,0.1858,0.0138,4,0,0.0698,0.0046,4,0,0.3115,0.0126,4,0,5.8267,0.1264,4,0
6065,356.6465527,-0.15293357,0.949,0.0128,4,0,0.5532,0.0338,4,0,2.4011,0.0354,4,0,1.7704,0.0402,4,0
6066,356.6619218,0.112730545,1.2464,0.0163,4,0,0.5694,0.07,4,0,1.3328,0.0629,4,0,0.3549,0.0369,4,0
6067,356.6728582,0.120586985,1.7508,0.0495,4,0,0.7195,0.1546,4,0,1.1256,0.0724,4,0,0.3335,0.0522,4,0
6068,356.6928207,0.17967739,0.9849,0.0176,4,0,0.9125,0.1254,4,0,1.2606,0.0258,4,0,0.961,0.051,4,0
6069,356.9403709,-0.082246124,0.1782,0.0472,4,0,0.065,0.0058,4,0,0.1224,0.0073,4,0,7.7236,0.1342,4,0
6070,356.9485919,0.570145483,0.1189,0.051,4,0,0.0757,0.0087,4,0,0.5204,0.024,4,0,2.7025,0.569,4,0
6071,356.9672638,-0.040148034,2.2322,0.1082,4,0,0.6109,0.0464,4,0,3.3594,0.1258,4,0,98.6777,2.7984,4,0
6072,357.0271214,0.076440437,0.3479,0.011,4,0,0.0647,0.0058,4,0,0.364,0.0264,4,0,8.3981,0.3016,4,0
6073,357.0307318,-0.109614154,0.1579,0.0706,4,0,0.0329,0.006,4,0,0.131,0.0142,4,0,2.7071,0.3327,4,0
6074,357.0891995,0.054135282,0.2732,0.1337,4,0,-0.0005,0.0094,4,0,0.0769,0.0162,4,0,3.8854,0.6212,4,0
6075,357.1248775,0.361671096,2.3289,0.0904,4,0,0.9043,0.0436,4,0,7.8787,0.1126,4,0,90.9177,2.0538,4,0
6076,357.1327018,0.248877323,0.4468,0.0859,4,0,0.1139,0.0198,4,0,0.1987,0.0532,4,0,6.7133,0.253,4,0
6077,357.144555,-0.098101128,0.3483,0.0664,4,0,0.1058,0.0209,4,0,0.3045,0.0322,4,0,10.9008,0.174,4,0
6078,357.2152974,-1.602465003,0.6108,0.08,4,0,0.2053,0.018,4,0,0.7072,0.1165,4,0,16.9768,1.8084,4,0
6079,357.4104351,-0.554922295,0.1145,0.0388,4,0,0.0553,0.0156,4,0,0.1602,0.0248,4,0,2.3673,0.2313,4,0
6080,357.4235917,0.360678474,0.8885,0.0816,4,0,0.7719,0.0354,4,0,3.9338,0.0676,4,0,7.2357,0.1524,4,0
6081,357.4612935,0.599524291,1.894,0.6015,4,0,0.5869,0.1797,4,0,2.1939,0.172,4,0,56.908,8.6954,4,0
6082,357.4661706,-1.445496875,0.0035,0.3103,4,0,0.1555,0.0276,4,0,1.1118,0.1648,4,0,10.974,1.2075,3,0
6083,357.484367,-0.036095337,1.0907,0.1451,4,0,0.418,0.0382,4,0,2.1321,0.1,4,0,76.4786,1.4798,4,0
6084,357.5527985,-0.546226445,5.2348,0.1264,4,0,1.0924,0.0194,4,0,,,,,283.7472,1.1099,4,0
6085,357.5577931,-0.320878901,0.3566,0.05,4,0,0.1597,0.0152,4,0,5.0682,0.1474,4,0,801.942,5.5323,4,0
6086,357.5600359,-0.552912166,4.9153,0.6569,4,0,1.581,0.1574,4,0,11.8524,0.0,1,0,96.4443,10.2584,4,0
6087,357.6082103,-0.261773938,0.242,0.0201,4,0,0.0528,0.0086,4,0,0.1672,0.0246,4,0,7.5229,0.4844,4,0
6088,357.610729,-0.622202599,0.9824,0.051,4,0,0.2026,0.0142,4,0,2.1631,0.1027,4,0,31.2805,0.773,4,0
6089,357.6383761,-0.245053662,0.1889,0.0228,4,0,0.0593,0.0063,4,0,0.0994,0.0114,4,0,4.692,0.2551,4,0
6090,357.661087,-0.230133209,0.1909,0.028,4,0,0.043,0.0064,4,0,0.1008,0.0088,4,0,6.6496,0.1262,4,0
6091,357.763559,-1.48460298,0.1829,0.0078,4,0,0.0636,0.0064,4,0,0.1203,0.0066,4,0,,,,
6092,357.9132092,-0.330847633,0.2947,0.023,4,0,0.0918,0.0034,4,0,0.5986,0.0193,4,0,11.3765,0.2428,4,0
6093,357.9225734,-0.33727195,1.382,0.0878,4,0,0.5453,0.0111,4,0,4.0654,0.0508,4,0,74.7829,3.2372,4,0
6094,357.9813939,-0.164142575,0.5612,0.1058,4,0,0.3156,0.0092,4,0,3.534,0.0402,3,0,23.3956,0.9486,4,0
6095,358.0378944,0.017750629,0.1576,0.0454,4,0,0.0365,0.0054,4,0,0.0476,0.0137,4,0,2.6115,0.4318,4,0
6096,358.0926183,-0.431065753,0.3808,0.1022,4,0,0.0752,0.0106,4,0,0.2831,0.0259,4,0,5.4707,0.6492,4,0
6097,358.1195903,-0.086154681,0.4528,0.0316,4,0,0.1265,0.0087,4,0,0.5662,0.0132,4,0,11.901,0.0554,4,0
6098,358.3024726,-1.943783715,1.3688,0.2308,4,0,0.5029,0.1224,4,0,3.2376,0.1475,4,0,,,,
6099,358.3424361,-0.057301569,0.1214,0.008,4,0,0.0448,0.0088,4,0,0.4175,0.0475,4,0,1.6852,0.0693,4,0
6100,358.3783287,-0.498240861,0.8075,0.059,4,0,0.2761,0.0088,4,0,1.7272,0.023,3,0,21.992,1.0718,4,0
6101,358.3845816,-0.483026887,4.8328,0.1191,4,0,1.7601,0.1636,4,0,,,,,1224.5337,20.6599,4,0
6102,358.3866022,-0.462500582,1.0659,0.0703,4,0,0.2334,0.0102,4,0,1.0531,0.0323,4,0,18.6762,0.8606,4,0
6103,358.453203,-0.556569111,0.493,0.1254,4,0,0.0762,0.013,4,0,0.158,0.0199,4,0,12.0583,0.5624,4,0
6104,358.4720524,-0.401095927,0.6924,0.1468,4,0,0.1529,0.0938,4,0,1.364,0.1762,4,0,21.1031,2.4989,4,0
6105,358.4896454,-0.353145829,0.4989,0.0833,4,0,0.1386,0.0084,4,0,1.0569,0.0372,4,0,13.3435,0.4942,4,0
6106,358.5084284,-0.36596085,3.2964,0.0854,4,0,0.9513,0.1142,4,0,5.3188,0.4198,4,0,116.7354,15.4708,4,0
6107,358.5292895,0.0562971,1.4438,0.0854,4,0,1.1098,0.1224,4,0,,,,,17.4386,1.4352,4,0
6108,358.5309594,0.084791601,0.1151,0.0106,4,0,0.1417,0.018,4,0,1.1042,0.0412,4,0,10.0478,0.5497,4,0
6109,358.5510429,-0.027007798,1.005,0.0501,4,0,0.4461,0.0864,4,0,3.5624,0.406,4,0,12.1155,2.8714,4,0
6110,358.5932821,0.10054769,0.6796,0.2392,4,0,0.5762,0.0353,4,0,4.143,0.149,4,0,14.1844,0.6566,4,0
6111,358.5993068,-0.058968627,8.8818,0.446,4,0,,,,,,,,,102.4255,18.3961,4,0
6112,358.6314785,0.061987153,2.7295,0.2566,4,0,2.2056,0.1251,4,0,,,,,248.603,12.0455,4,0
6113,358.6330447,-0.795136554,0.1,0.0062,4,0,0.0236,0.0026,4,0,0.0539,0.0095,4,0,1.3986,0.3522,4,0
6114,358.634593,-0.790327608,0.4517,0.0258,4,0,0.0736,0.0138,4,0,0.1368,0.0166,4,0,6.8252,0.4188,4,0
6115,358.6428724,-0.033723729,2.0597,0.2488,4,0,,,,,,,,,99.7652,12.5342,4,0
6116,358.6442314,-0.480688498,6.436,0.0903,4,0,1.9075,0.2368,4,0,10.0034,0.462,4,0,137.2261,9.0585,4,0
6117,358.6522355,-0.078927204,2.1209,0.5034,4,0,1.2557,0.1458,4,0,,,,,45.4595,4.1502,4,0
6118,358.681719,-0.087494944,6.6776,0.2476,4,0,,,,,,,,,58.542,6.2519,4,0
6119,358.6834082,-0.115149647,3.5827,0.2879,4,0,,,,,,,,,135.9298,3.348,4,0
6120,358.6922811,-0.076947764,2.0413,0.2438,4,0,0.5124,0.1722,3,0,,,,,21.4214,1.6826,4,0
6121,358.6994822,-0.747348365,0.2754,0.039,4,0,0.148,0.0122,4,0,0.3967,0.0192,4,0,3.3008,0.6443,4,0
6122,358.7108588,0.036076209,0.7999,0.0469,4,0,0.9062,0.0554,4,0,,,,,17.8903,0.9382,4,0
6123,358.7134278,0.053994006,0.5693,0.0295,4,0,0.2572,0.0286,4,0,2.8148,0.1349,4,0,11.0515,1.0319,4,0
6124,358.7194613,0.010462518,5.4895,0.5097,4,0,,,,,,,,,111.2148,7.7419,4,0
6125,358.7362401,0.005082244,0.254,0.0398,4,0,0.1697,0.0066,3,0,3.2217,0.1606,3,0,4.6894,0.4619,4,0
6126,358.7485247,-0.77676155,0.6341,0.0213,4,0,0.1737,0.0085,4,0,0.8076,0.0392,4,0,14.101,0.171,4,0
6127,358.7519191,0.05319325,0.7409,0.1976,4,0,0.5479,0.0403,4,0,9.5266,0.307,4,0,17.501,2.0532,4,0
6128,358.7596533,-0.770607033,0.6304,0.1363,4,0,0.1196,0.0174,4,0,0.583,0.0344,4,0,12.9897,1.3662,4,0
6129,358.7867701,0.060581521,4.518,0.2928,4,0,,,,,,,,,142.0508,18.131,4,0
6130,358.8024488,-0.011474176,3.1861,0.1784,4,0,,,,,,,,,155.8801,4.3808,4,0
6131,358.8030504,0.03676825,0.5335,0.0922,4,0,0.1541,0.0044,4,0,2.7912,0.0758,4,0,12.0335,0.4186,4,0
6132,358.828066,0.084639428,0.3996,0.0778,4,0,0.7854,0.1456,4,0,11.7989,1.9612,4,0,26.9063,5.3421,4,0
6133,358.8387474,-0.742281696,1.6039,0.11,4,0,0.3031,0.022,4,0,1.9976,0.1376,4,0,28.12,1.634,4,0
6134,358.8432641,0.026111491,1.8087,0.3175,4,0,1.1444,0.0924,4,0,,,,,48.2099,1.5026,4,0
6135,358.8811666,0.055738868,17.8178,2.3128,4,0,,,,,,,,,317.151,34.3405,4,0
6136,358.9462221,0.003424624,0.662,0.0772,4,0,0.6388,0.035,4,0,,,,,17.0981,0.7058,4,0
6137,358.9720638,0.003310135,0.7007,0.0482,4,0,0.6357,0.061,4,0,,,,,8.8412,0.7668,4,0
6138,358.9832703,0.037267418,0.4367,0.0092,4,0,0.1712,0.0111,4,0,1.625,0.0467,4,0,9.7209,0.2326,4,0
6139,359.1580141,-0.035424341,0.7171,0.0466,4,0,0.395,0.1042,3,0,,,,,24.418,2.9665,4,0
6140,359.2244281,-0.209931329,0.7448,0.0994,4,0,0.1627,0.0154,4,0,1.4439,0.0393,4,0,23.3068,0.8802,4,0
6141,359.2363412,1.218642417,2.0634,0.0377,4,0,1.0185,0.1247,4,0,7.2545,0.3004,4,0,15.1145,0.7647,4,0
6142,359.2364463,-0.036716847,1.3415,0.4428,4,0,0.5391,0.0807,4,0,,,,,21.1943,0.8821,4,0
6143,359.2803657,-0.263881669,2.7455,1.6812,4,0,,,,,,,,,100.2977,41.7475,4,0
6144,359.3342137,-0.042884097,0.8026,0.1594,4,0,0.4176,0.0088,4,0,5.7653,0.0162,4,0,14.8494,1.1748,4,0
6145,359.337434,-0.075279775,0.4667,0.0954,4,0,0.492,0.057,4,0,,,,,27.2504,2.4608,4,0
6146,359.3479774,-0.415742853,1.8383,0.0668,4,0,0.6911,0.0728,4,0,3.897,0.1172,4,0,31.2909,3.3636,4,0
6147,359.362171,0.744977139,2.8443,0.0339,4,0,0.9822,0.0636,4,0,3.3726,0.087,4,0,52.5911,1.7704,4,0
6148,359.3693864,0.27963991,3.9072,0.1329,4,0,1.2981,0.0501,4,0,,,,,97.6454,1.396,4,0
6149,359.4225532,0.015243598,1.1083,0.094,4,0,0.4936,0.025,4,0,4.8521,0.1223,4,0,52.7512,0.8878,4,0
6150,359.4288529,0.035710836,0.07,0.0343,4,0,0.1777,0.0128,4,0,2.2865,0.146,4,0,6.9719,0.2366,4,0
6151,359.4352856,0.013739333,0.4186,0.2064,4,0,0.1581,0.0168,4,0,1.4422,0.1028,4,0,16.7685,1.0407,4,0
6152,359.4429566,-0.840306737,9.1297,0.2346,4,0,,,,,,,,,27.6056,0.4781,4,0
6153,359.4559213,0.019669413,0.4404,0.0658,4,0,0.1674,0.0126,4,0,2.4643,0.0944,4,0,18.6128,0.7624,4,0
6154,359.4668625,-0.171546581,1.7727,0.1822,4,0,0.9734,0.0826,4,0,,,,,52.4622,6.1402,4,0
6155,359.495822,0.038917224,0.3898,0.1316,4,0,0.271,0.0063,4,0,4.585,0.1544,4,0,13.0615,0.776,4,0
6156,359.5133522,-0.083361185,1.7512,0.2372,4,0,0.4308,0.0646,4,0,6.2,0.8082,4,0,33.893,6.575,4,0
6157,359.5217603,0.097132214,0.629,0.1,4,0,0.2751,0.0115,4,0,4.5652,0.1364,4,0,15.142,1.2633,4,0
6158,359.5688822,-0.041688208,7.9417,0.2842,4,0,,,,,,,,,119.9935,7.7008,4,0
6159,359.6363794,-0.241309137,12.863,1.2394,4,0,,,,,,,,,228.3169,10.9698,4,0
6160,359.6432901,-0.038725581,1.1323,0.0706,4,0,0.1185,0.0313,4,0,,,,,9.9737,0.5619,4,0
6161,359.6453546,-0.05555768,3.721,0.7732,4,0,,,,,,,,,68.1497,5.957,4,0
6162,359.6546669,-0.066611323,3.0383,0.2875,4,0,,,,,,,,,45.9724,0.9229,4,0
6163,359.6627796,-0.025162029,3.1207,0.3416,4,0,0.643,0.1073,4,0,,,,,72.4969,2.8818,4,0
6164,359.7171522,-0.035110874,0.9556,0.0342,4,0,0.3971,0.0714,4,0,,,,,46.8549,3.6558,4,0
6165,359.7179533,-0.372490257,13.5453,0.4792,4,0,,,,,,,,,336.473,23.8868,4,0
6166,359.7388377,-0.024280796,1.0959,0.1908,4,0,0.4574,0.0488,4,0,,,,,43.2114,2.0374,4,0
6167,359.7436782,-0.588705008,1.6419,0.0824,4,0,1.0193,0.078,4,0,6.1329,0.24,4,0,83.4039,4.4974,4,0
6168,359.7794643,0.042537665,0.5361,0.0388,4,0,0.2406,0.0666,4,0,,,,,14.856,0.899,4,0
6169,359.7840305,0.040727209,1.8825,0.0912,4,0,0.1473,0.062,4,0,,,,,13.9399,1.6362,4,0
6170,359.8604717,0.002549939,1.2855,0.1884,4,0,,,,,,,,,16.9922,3.5418,4,0
6171,359.8814913,-0.001612281,2.2639,0.2265,4,0,,,,,,,,,21.8894,1.3469,4,0
6172,359.92351,-0.087890921,0.7801,0.1586,4,0,0.3613,0.0564,4,0,,,,,19.1275,4.829,4,0
6173,359.9762164,0.169556235,5.9244,0.1724,4,0,0.3871,0.0824,4,0,,,,,92.3348,1.3657,4,0
6174,359.9848402,0.027479396,12.1254,0.1108,4,0,,,,,,,,,169.3253,9.5174,4,0
6175,359.9908403,0.013424888,10.7355,0.7238,4,0,,,,,,,,,134.9141,10.677,4,0
6176,360.0095342,0.037692864,8.7048,1.003,4,0,,,,,,,,,141.4931,6.5602,4,0
